clip_path,true_label,predicted_label
/media/feliciano/Aux/AI_AFS_DATASET/AFS_BEHAVIOUR_DATASET/normal/20260424_090500.wav,normal,normal
/media/feliciano/Aux/AI_AFS_DATASET/AFS_BEHAVIOUR_DATASET/normal/20260424_090502.wav,normal,normal
/media/feliciano/Aux/AI_AFS_DATASET/AFS_BEHAVIOUR_DATASET/normal/20260424_090504.wav,normal,normal
/media/feliciano/Aux/AI_AFS_DATASET/AFS_BEHAVIOUR_DATASET/normal/20260424_090506.wav,normal,normal
/media/feliciano/Aux/AI_AFS_DATASET/AFS_BEHAVIOUR_DATASET/normal/20260424_090508.wav,normal,normal
/media/feliciano/Aux/AI_AFS_DATASET/AFS_BEHAVIOUR_DATASET/normal/20260424_090510.wav,normal,normal
/media/feliciano/Aux/AI_AFS_DATASET/AFS_BEHAVIOUR_DATASET/normal/20260424_090512.wav,normal,normal
/media/feliciano/Aux/AI_AFS_DATASET/AFS_BEHAVIOUR_DATASET/normal/20260424_090514.wav,normal,normal
/media/feliciano/Aux/AI_AFS_DATASET/AFS_BEHAVIOUR_DATASET/normal/20260424_090516.wav,normal,normal
/media/feliciano/Aux/AI_AFS_DATASET/AFS_BEHAVIOUR_DATASET/normal/20260424_090518.wav,normal,normal
/media/feliciano/Aux/AI_AFS_DATASET/AFS_BEHAVIOUR_DATASET/normal/20260424_090520.wav,normal,normal
/media/feliciano/Aux/AI_AFS_DATASET/AFS_BEHAVIOUR_DATASET/normal/20260424_090522.wav,normal,normal
/media/feliciano/Aux/AI_AFS_DATASET/AFS_BEHAVIOUR_DATASET/normal/20260424_090524.wav,normal,normal
/media/feliciano/Aux/AI_AFS_DATASET/AFS_BEHAVIOUR_DATASET/normal/20260424_090526.wav,normal,normal
/media/feliciano/Aux/AI_AFS_DATASET/AFS_BEHAVIOUR_DATASET/normal/20260424_090528.wav,normal,normal
/media/feliciano/Aux/AI_AFS_DATASET/AFS_BEHAVIOUR_DATASET/normal/20260424_090530.wav,normal,normal
/media/feliciano/Aux/AI_AFS_DATASET/AFS_BEHAVIOUR_DATASET/normal/20260424_090532.wav,normal,normal
/media/feliciano/Aux/AI_AFS_DATASET/AFS_BEHAVIOUR_DATASET/normal/20260424_090534.wav,normal,normal
/media/feliciano/Aux/AI_AFS_DATASET/AFS_BEHAVIOUR_DATASET/normal/20260424_090536.wav,normal,normal
/media/feliciano/Aux/AI_AFS_DATASET/AFS_BEHAVIOUR_DATASET/normal/20260424_090538.wav,normal,normal
/media/feliciano/Aux/AI_AFS_DATASET/AFS_BEHAVIOUR_DATASET/normal/20260424_090540.wav,normal,normal
/media/feliciano/Aux/AI_AFS_DATASET/AFS_BEHAVIOUR_DATASET/normal/20260424_090542.wav,normal,normal
/media/feliciano/Aux/AI_AFS_DATASET/AFS_BEHAVIOUR_DATASET/normal/20260424_090544.wav,normal,normal
/media/feliciano/Aux/AI_AFS_DATASET/AFS_BEHAVIOUR_DATASET/normal/20260424_090546.wav,normal,normal
/media/feliciano/Aux/AI_AFS_DATASET/AFS_BEHAVIOUR_DATASET/normal/20260424_090548.wav,normal,normal
/media/feliciano/Aux/AI_AFS_DATASET/AFS_BEHAVIOUR_DATASET/normal/20260424_090550.wav,normal,normal
/media/feliciano/Aux/AI_AFS_DATASET/AFS_BEHAVIOUR_DATASET/normal/20260424_090552.wav,normal,normal
/media/feliciano/Aux/AI_AFS_DATASET/AFS_BEHAVIOUR_DATASET/normal/20260424_090554.wav,normal,normal
/media/feliciano/Aux/AI_AFS_DATASET/AFS_BEHAVIOUR_DATASET/normal/20260424_090556.wav,normal,normal
/media/feliciano/Aux/AI_AFS_DATASET/AFS_BEHAVIOUR_DATASET/normal/20260424_090558.wav,normal,normal
/media/feliciano/Aux/AI_AFS_DATASET/AFS_BEHAVIOUR_DATASET/normal/20260424_090600.wav,normal,normal
/media/feliciano/Aux/AI_AFS_DATASET/AFS_BEHAVIOUR_DATASET/normal/20260424_090602.wav,normal,normal
/media/feliciano/Aux/AI_AFS_DATASET/AFS_BEHAVIOUR_DATASET/normal/20260424_090604.wav,normal,normal
/media/feliciano/Aux/AI_AFS_DATASET/AFS_BEHAVIOUR_DATASET/normal/20260424_090606.wav,normal,normal
/media/feliciano/Aux/AI_AFS_DATASET/AFS_BEHAVIOUR_DATASET/normal/20260424_090608.wav,normal,normal
/media/feliciano/Aux/AI_AFS_DATASET/AFS_BEHAVIOUR_DATASET/normal/20260424_090610.wav,normal,normal
/media/feliciano/Aux/AI_AFS_DATASET/AFS_BEHAVIOUR_DATASET/normal/20260424_090612.wav,normal,normal
/media/feliciano/Aux/AI_AFS_DATASET/AFS_BEHAVIOUR_DATASET/normal/20260424_090614.wav,normal,normal
/media/feliciano/Aux/AI_AFS_DATASET/AFS_BEHAVIOUR_DATASET/normal/20260424_090616.wav,normal,normal
/media/feliciano/Aux/AI_AFS_DATASET/AFS_BEHAVIOUR_DATASET/normal/20260424_090618.wav,normal,normal
/media/feliciano/Aux/AI_AFS_DATASET/AFS_BEHAVIOUR_DATASET/normal/20260424_090620.wav,normal,normal
/media/feliciano/Aux/AI_AFS_DATASET/AFS_BEHAVIOUR_DATASET/normal/20260424_090622.wav,normal,normal
/media/feliciano/Aux/AI_AFS_DATASET/AFS_BEHAVIOUR_DATASET/normal/20260424_090624.wav,normal,normal
/media/feliciano/Aux/AI_AFS_DATASET/AFS_BEHAVIOUR_DATASET/normal/20260424_090626.wav,normal,normal
/media/feliciano/Aux/AI_AFS_DATASET/AFS_BEHAVIOUR_DATASET/normal/20260424_090628.wav,normal,normal
/media/feliciano/Aux/AI_AFS_DATASET/AFS_BEHAVIOUR_DATASET/normal/20260424_090630.wav,normal,normal
/media/feliciano/Aux/AI_AFS_DATASET/AFS_BEHAVIOUR_DATASET/normal/20260424_090632.wav,normal,normal
/media/feliciano/Aux/AI_AFS_DATASET/AFS_BEHAVIOUR_DATASET/normal/20260424_090634.wav,normal,normal
/media/feliciano/Aux/AI_AFS_DATASET/AFS_BEHAVIOUR_DATASET/normal/20260424_090636.wav,normal,normal
/media/feliciano/Aux/AI_AFS_DATASET/AFS_BEHAVIOUR_DATASET/normal/20260424_090638.wav,normal,normal
/media/feliciano/Aux/AI_AFS_DATASET/AFS_BEHAVIOUR_DATASET/normal/20260424_090640.wav,normal,normal
/media/feliciano/Aux/AI_AFS_DATASET/AFS_BEHAVIOUR_DATASET/normal/20260424_090642.wav,normal,normal
/media/feliciano/Aux/AI_AFS_DATASET/AFS_BEHAVIOUR_DATASET/normal/20260424_090644.wav,normal,normal
/media/feliciano/Aux/AI_AFS_DATASET/AFS_BEHAVIOUR_DATASET/normal/20260424_090646.wav,normal,normal
/media/feliciano/Aux/AI_AFS_DATASET/AFS_BEHAVIOUR_DATASET/normal/20260424_090648.wav,normal,normal
/media/feliciano/Aux/AI_AFS_DATASET/AFS_BEHAVIOUR_DATASET/normal/20260424_090650.wav,normal,normal
/media/feliciano/Aux/AI_AFS_DATASET/AFS_BEHAVIOUR_DATASET/normal/20260424_090652.wav,normal,normal
/media/feliciano/Aux/AI_AFS_DATASET/AFS_BEHAVIOUR_DATASET/normal/20260424_090654.wav,normal,normal
/media/feliciano/Aux/AI_AFS_DATASET/AFS_BEHAVIOUR_DATASET/normal/20260424_090656.wav,normal,normal
/media/feliciano/Aux/AI_AFS_DATASET/AFS_BEHAVIOUR_DATASET/normal/20260424_090658.wav,normal,normal
/media/feliciano/Aux/AI_AFS_DATASET/AFS_BEHAVIOUR_DATASET/normal/20260424_090700.wav,normal,normal
/media/feliciano/Aux/AI_AFS_DATASET/AFS_BEHAVIOUR_DATASET/normal/20260424_090702.wav,normal,normal
/media/feliciano/Aux/AI_AFS_DATASET/AFS_BEHAVIOUR_DATASET/normal/20260424_090704.wav,normal,normal
/media/feliciano/Aux/AI_AFS_DATASET/AFS_BEHAVIOUR_DATASET/normal/20260424_090706.wav,normal,normal
/media/feliciano/Aux/AI_AFS_DATASET/AFS_BEHAVIOUR_DATASET/normal/20260424_090708.wav,normal,normal
/media/feliciano/Aux/AI_AFS_DATASET/AFS_BEHAVIOUR_DATASET/normal/20260424_090710.wav,normal,normal
/media/feliciano/Aux/AI_AFS_DATASET/AFS_BEHAVIOUR_DATASET/normal/20260424_090712.wav,normal,normal
/media/feliciano/Aux/AI_AFS_DATASET/AFS_BEHAVIOUR_DATASET/normal/20260424_090714.wav,normal,normal
/media/feliciano/Aux/AI_AFS_DATASET/AFS_BEHAVIOUR_DATASET/normal/20260424_090716.wav,normal,normal
/media/feliciano/Aux/AI_AFS_DATASET/AFS_BEHAVIOUR_DATASET/normal/20260424_090718.wav,normal,normal
/media/feliciano/Aux/AI_AFS_DATASET/AFS_BEHAVIOUR_DATASET/normal/20260424_090720.wav,normal,normal
/media/feliciano/Aux/AI_AFS_DATASET/AFS_BEHAVIOUR_DATASET/normal/20260424_090722.wav,normal,normal
/media/feliciano/Aux/AI_AFS_DATASET/AFS_BEHAVIOUR_DATASET/normal/20260424_090724.wav,normal,normal
/media/feliciano/Aux/AI_AFS_DATASET/AFS_BEHAVIOUR_DATASET/normal/20260424_090726.wav,normal,normal
/media/feliciano/Aux/AI_AFS_DATASET/AFS_BEHAVIOUR_DATASET/normal/20260424_090728.wav,normal,normal
/media/feliciano/Aux/AI_AFS_DATASET/AFS_BEHAVIOUR_DATASET/normal/20260424_090730.wav,normal,normal
/media/feliciano/Aux/AI_AFS_DATASET/AFS_BEHAVIOUR_DATASET/normal/20260424_090732.wav,normal,normal
/media/feliciano/Aux/AI_AFS_DATASET/AFS_BEHAVIOUR_DATASET/normal/20260424_090734.wav,normal,normal
/media/feliciano/Aux/AI_AFS_DATASET/AFS_BEHAVIOUR_DATASET/normal/20260424_090736.wav,normal,normal
/media/feliciano/Aux/AI_AFS_DATASET/AFS_BEHAVIOUR_DATASET/normal/20260424_090738.wav,normal,normal
/media/feliciano/Aux/AI_AFS_DATASET/AFS_BEHAVIOUR_DATASET/normal/20260424_090740.wav,normal,normal
/media/feliciano/Aux/AI_AFS_DATASET/AFS_BEHAVIOUR_DATASET/normal/20260424_090742.wav,normal,normal
/media/feliciano/Aux/AI_AFS_DATASET/AFS_BEHAVIOUR_DATASET/normal/20260424_090744.wav,normal,normal
/media/feliciano/Aux/AI_AFS_DATASET/AFS_BEHAVIOUR_DATASET/normal/20260424_090746.wav,normal,normal
/media/feliciano/Aux/AI_AFS_DATASET/AFS_BEHAVIOUR_DATASET/normal/20260424_090748.wav,normal,normal
/media/feliciano/Aux/AI_AFS_DATASET/AFS_BEHAVIOUR_DATASET/normal/20260424_090750.wav,normal,normal
/media/feliciano/Aux/AI_AFS_DATASET/AFS_BEHAVIOUR_DATASET/normal/20260424_090752.wav,normal,normal
/media/feliciano/Aux/AI_AFS_DATASET/AFS_BEHAVIOUR_DATASET/normal/20260424_090754.wav,normal,normal
/media/feliciano/Aux/AI_AFS_DATASET/AFS_BEHAVIOUR_DATASET/normal/20260424_090756.wav,normal,normal
/media/feliciano/Aux/AI_AFS_DATASET/AFS_BEHAVIOUR_DATASET/normal/20260424_090758.wav,normal,normal
/media/feliciano/Aux/AI_AFS_DATASET/AFS_BEHAVIOUR_DATASET/normal/20260424_090800.wav,normal,normal
/media/feliciano/Aux/AI_AFS_DATASET/AFS_BEHAVIOUR_DATASET/normal/20260424_090802.wav,normal,normal
/media/feliciano/Aux/AI_AFS_DATASET/AFS_BEHAVIOUR_DATASET/normal/20260424_090804.wav,normal,normal
/media/feliciano/Aux/AI_AFS_DATASET/AFS_BEHAVIOUR_DATASET/normal/20260424_090806.wav,normal,normal
/media/feliciano/Aux/AI_AFS_DATASET/AFS_BEHAVIOUR_DATASET/normal/20260424_090808.wav,normal,normal
/media/feliciano/Aux/AI_AFS_DATASET/AFS_BEHAVIOUR_DATASET/normal/20260424_090810.wav,normal,normal
/media/feliciano/Aux/AI_AFS_DATASET/AFS_BEHAVIOUR_DATASET/normal/20260424_090812.wav,normal,normal
/media/feliciano/Aux/AI_AFS_DATASET/AFS_BEHAVIOUR_DATASET/normal/20260424_090814.wav,normal,normal
/media/feliciano/Aux/AI_AFS_DATASET/AFS_BEHAVIOUR_DATASET/normal/20260424_090816.wav,normal,normal
/media/feliciano/Aux/AI_AFS_DATASET/AFS_BEHAVIOUR_DATASET/normal/20260424_090818.wav,normal,normal
/media/feliciano/Aux/AI_AFS_DATASET/AFS_BEHAVIOUR_DATASET/normal/20260424_090820.wav,normal,normal
/media/feliciano/Aux/AI_AFS_DATASET/AFS_BEHAVIOUR_DATASET/normal/20260424_090822.wav,normal,normal
/media/feliciano/Aux/AI_AFS_DATASET/AFS_BEHAVIOUR_DATASET/normal/20260424_090824.wav,normal,normal
/media/feliciano/Aux/AI_AFS_DATASET/AFS_BEHAVIOUR_DATASET/normal/20260424_090826.wav,normal,normal
/media/feliciano/Aux/AI_AFS_DATASET/AFS_BEHAVIOUR_DATASET/normal/20260424_090828.wav,normal,normal
/media/feliciano/Aux/AI_AFS_DATASET/AFS_BEHAVIOUR_DATASET/normal/20260424_090830.wav,normal,normal
/media/feliciano/Aux/AI_AFS_DATASET/AFS_BEHAVIOUR_DATASET/normal/20260424_090832.wav,normal,normal
/media/feliciano/Aux/AI_AFS_DATASET/AFS_BEHAVIOUR_DATASET/normal/20260424_090834.wav,normal,normal
/media/feliciano/Aux/AI_AFS_DATASET/AFS_BEHAVIOUR_DATASET/normal/20260424_090836.wav,normal,normal
/media/feliciano/Aux/AI_AFS_DATASET/AFS_BEHAVIOUR_DATASET/normal/20260424_090838.wav,normal,normal
/media/feliciano/Aux/AI_AFS_DATASET/AFS_BEHAVIOUR_DATASET/normal/20260424_090840.wav,normal,normal
/media/feliciano/Aux/AI_AFS_DATASET/AFS_BEHAVIOUR_DATASET/normal/20260424_090842.wav,normal,normal
/media/feliciano/Aux/AI_AFS_DATASET/AFS_BEHAVIOUR_DATASET/normal/20260424_090844.wav,normal,normal
/media/feliciano/Aux/AI_AFS_DATASET/AFS_BEHAVIOUR_DATASET/normal/20260424_090846.wav,normal,normal
/media/feliciano/Aux/AI_AFS_DATASET/AFS_BEHAVIOUR_DATASET/normal/20260424_090848.wav,normal,normal
/media/feliciano/Aux/AI_AFS_DATASET/AFS_BEHAVIOUR_DATASET/normal/20260424_090850.wav,normal,normal
/media/feliciano/Aux/AI_AFS_DATASET/AFS_BEHAVIOUR_DATASET/normal/20260424_090852.wav,normal,normal
/media/feliciano/Aux/AI_AFS_DATASET/AFS_BEHAVIOUR_DATASET/normal/20260424_090854.wav,normal,normal
/media/feliciano/Aux/AI_AFS_DATASET/AFS_BEHAVIOUR_DATASET/normal/20260424_090856.wav,normal,normal
/media/feliciano/Aux/AI_AFS_DATASET/AFS_BEHAVIOUR_DATASET/normal/20260424_090858.wav,normal,normal
/media/feliciano/Aux/AI_AFS_DATASET/AFS_BEHAVIOUR_DATASET/normal/20260424_090900.wav,normal,normal
/media/feliciano/Aux/AI_AFS_DATASET/AFS_BEHAVIOUR_DATASET/normal/20260424_090902.wav,normal,normal
/media/feliciano/Aux/AI_AFS_DATASET/AFS_BEHAVIOUR_DATASET/normal/20260424_090904.wav,normal,normal
/media/feliciano/Aux/AI_AFS_DATASET/AFS_BEHAVIOUR_DATASET/normal/20260424_090906.wav,normal,normal
/media/feliciano/Aux/AI_AFS_DATASET/AFS_BEHAVIOUR_DATASET/normal/20260424_090908.wav,normal,normal
/media/feliciano/Aux/AI_AFS_DATASET/AFS_BEHAVIOUR_DATASET/normal/20260424_090910.wav,normal,normal
/media/feliciano/Aux/AI_AFS_DATASET/AFS_BEHAVIOUR_DATASET/normal/20260424_090912.wav,normal,normal
/media/feliciano/Aux/AI_AFS_DATASET/AFS_BEHAVIOUR_DATASET/normal/20260424_090914.wav,normal,normal
/media/feliciano/Aux/AI_AFS_DATASET/AFS_BEHAVIOUR_DATASET/normal/20260424_090916.wav,normal,normal
/media/feliciano/Aux/AI_AFS_DATASET/AFS_BEHAVIOUR_DATASET/normal/20260424_090918.wav,normal,normal
/media/feliciano/Aux/AI_AFS_DATASET/AFS_BEHAVIOUR_DATASET/normal/20260424_090920.wav,normal,normal
/media/feliciano/Aux/AI_AFS_DATASET/AFS_BEHAVIOUR_DATASET/normal/20260424_090922.wav,normal,normal
/media/feliciano/Aux/AI_AFS_DATASET/AFS_BEHAVIOUR_DATASET/normal/20260424_090924.wav,normal,normal
/media/feliciano/Aux/AI_AFS_DATASET/AFS_BEHAVIOUR_DATASET/normal/20260424_090926.wav,normal,normal
/media/feliciano/Aux/AI_AFS_DATASET/AFS_BEHAVIOUR_DATASET/normal/20260424_090928.wav,normal,normal
/media/feliciano/Aux/AI_AFS_DATASET/AFS_BEHAVIOUR_DATASET/normal/20260424_090930.wav,normal,normal
/media/feliciano/Aux/AI_AFS_DATASET/AFS_BEHAVIOUR_DATASET/normal/20260424_090932.wav,normal,normal
/media/feliciano/Aux/AI_AFS_DATASET/AFS_BEHAVIOUR_DATASET/normal/20260424_090934.wav,normal,normal
/media/feliciano/Aux/AI_AFS_DATASET/AFS_BEHAVIOUR_DATASET/normal/20260424_090936.wav,normal,normal
/media/feliciano/Aux/AI_AFS_DATASET/AFS_BEHAVIOUR_DATASET/normal/20260424_090938.wav,normal,normal
/media/feliciano/Aux/AI_AFS_DATASET/AFS_BEHAVIOUR_DATASET/normal/20260424_090940.wav,normal,normal
/media/feliciano/Aux/AI_AFS_DATASET/AFS_BEHAVIOUR_DATASET/normal/20260424_090942.wav,normal,normal
/media/feliciano/Aux/AI_AFS_DATASET/AFS_BEHAVIOUR_DATASET/normal/20260424_090944.wav,normal,normal
/media/feliciano/Aux/AI_AFS_DATASET/AFS_BEHAVIOUR_DATASET/normal/20260424_090946.wav,normal,normal
/media/feliciano/Aux/AI_AFS_DATASET/AFS_BEHAVIOUR_DATASET/normal/20260424_090948.wav,normal,normal
/media/feliciano/Aux/AI_AFS_DATASET/AFS_BEHAVIOUR_DATASET/normal/20260424_090950.wav,normal,normal
/media/feliciano/Aux/AI_AFS_DATASET/AFS_BEHAVIOUR_DATASET/normal/20260424_090952.wav,normal,normal
/media/feliciano/Aux/AI_AFS_DATASET/AFS_BEHAVIOUR_DATASET/normal/20260424_090954.wav,normal,normal
/media/feliciano/Aux/AI_AFS_DATASET/AFS_BEHAVIOUR_DATASET/normal/20260424_090956.wav,normal,normal
/media/feliciano/Aux/AI_AFS_DATASET/AFS_BEHAVIOUR_DATASET/normal/20260424_090958.wav,normal,normal
/media/feliciano/Aux/AI_AFS_DATASET/AFS_BEHAVIOUR_DATASET/normal/20260426_101000.wav,normal,normal
/media/feliciano/Aux/AI_AFS_DATASET/AFS_BEHAVIOUR_DATASET/normal/20260426_101002.wav,normal,normal
/media/feliciano/Aux/AI_AFS_DATASET/AFS_BEHAVIOUR_DATASET/normal/20260426_101004.wav,normal,normal
/media/feliciano/Aux/AI_AFS_DATASET/AFS_BEHAVIOUR_DATASET/normal/20260426_101006.wav,normal,normal
/media/feliciano/Aux/AI_AFS_DATASET/AFS_BEHAVIOUR_DATASET/normal/20260426_101008.wav,normal,normal
/media/feliciano/Aux/AI_AFS_DATASET/AFS_BEHAVIOUR_DATASET/normal/20260426_101010.wav,normal,normal
/media/feliciano/Aux/AI_AFS_DATASET/AFS_BEHAVIOUR_DATASET/normal/20260426_101012.wav,normal,normal
/media/feliciano/Aux/AI_AFS_DATASET/AFS_BEHAVIOUR_DATASET/normal/20260426_101014.wav,normal,normal
/media/feliciano/Aux/AI_AFS_DATASET/AFS_BEHAVIOUR_DATASET/normal/20260426_101016.wav,normal,normal
/media/feliciano/Aux/AI_AFS_DATASET/AFS_BEHAVIOUR_DATASET/normal/20260426_101018.wav,normal,normal
/media/feliciano/Aux/AI_AFS_DATASET/AFS_BEHAVIOUR_DATASET/normal/20260426_101020.wav,normal,normal
/media/feliciano/Aux/AI_AFS_DATASET/AFS_BEHAVIOUR_DATASET/normal/20260426_101022.wav,normal,normal
/media/feliciano/Aux/AI_AFS_DATASET/AFS_BEHAVIOUR_DATASET/normal/20260426_101024.wav,normal,normal
/media/feliciano/Aux/AI_AFS_DATASET/AFS_BEHAVIOUR_DATASET/normal/20260426_101026.wav,normal,normal
/media/feliciano/Aux/AI_AFS_DATASET/AFS_BEHAVIOUR_DATASET/normal/20260426_101028.wav,normal,normal
/media/feliciano/Aux/AI_AFS_DATASET/AFS_BEHAVIOUR_DATASET/normal/20260426_101030.wav,normal,normal
/media/feliciano/Aux/AI_AFS_DATASET/AFS_BEHAVIOUR_DATASET/normal/20260426_101032.wav,normal,normal
/media/feliciano/Aux/AI_AFS_DATASET/AFS_BEHAVIOUR_DATASET/normal/20260426_101034.wav,normal,normal
/media/feliciano/Aux/AI_AFS_DATASET/AFS_BEHAVIOUR_DATASET/normal/20260426_101036.wav,normal,normal
/media/feliciano/Aux/AI_AFS_DATASET/AFS_BEHAVIOUR_DATASET/normal/20260426_101038.wav,normal,normal
/media/feliciano/Aux/AI_AFS_DATASET/AFS_BEHAVIOUR_DATASET/normal/20260426_101040.wav,normal,normal
/media/feliciano/Aux/AI_AFS_DATASET/AFS_BEHAVIOUR_DATASET/normal/20260426_101042.wav,normal,normal
/media/feliciano/Aux/AI_AFS_DATASET/AFS_BEHAVIOUR_DATASET/normal/20260426_101044.wav,normal,normal
/media/feliciano/Aux/AI_AFS_DATASET/AFS_BEHAVIOUR_DATASET/normal/20260426_101046.wav,normal,normal
/media/feliciano/Aux/AI_AFS_DATASET/AFS_BEHAVIOUR_DATASET/normal/20260426_101048.wav,normal,normal
/media/feliciano/Aux/AI_AFS_DATASET/AFS_BEHAVIOUR_DATASET/normal/20260426_101050.wav,normal,normal
/media/feliciano/Aux/AI_AFS_DATASET/AFS_BEHAVIOUR_DATASET/normal/20260426_101052.wav,normal,normal
/media/feliciano/Aux/AI_AFS_DATASET/AFS_BEHAVIOUR_DATASET/normal/20260426_101054.wav,normal,normal
/media/feliciano/Aux/AI_AFS_DATASET/AFS_BEHAVIOUR_DATASET/normal/20260426_101056.wav,normal,normal
/media/feliciano/Aux/AI_AFS_DATASET/AFS_BEHAVIOUR_DATASET/normal/20260426_101058.wav,normal,normal
/media/feliciano/Aux/AI_AFS_DATASET/AFS_BEHAVIOUR_DATASET/normal/20260426_101100.wav,normal,normal
/media/feliciano/Aux/AI_AFS_DATASET/AFS_BEHAVIOUR_DATASET/normal/20260426_101102.wav,normal,normal
/media/feliciano/Aux/AI_AFS_DATASET/AFS_BEHAVIOUR_DATASET/normal/20260426_101104.wav,normal,normal
/media/feliciano/Aux/AI_AFS_DATASET/AFS_BEHAVIOUR_DATASET/normal/20260426_101106.wav,normal,normal
/media/feliciano/Aux/AI_AFS_DATASET/AFS_BEHAVIOUR_DATASET/normal/20260426_101108.wav,normal,normal
/media/feliciano/Aux/AI_AFS_DATASET/AFS_BEHAVIOUR_DATASET/normal/20260426_101110.wav,normal,normal
/media/feliciano/Aux/AI_AFS_DATASET/AFS_BEHAVIOUR_DATASET/normal/20260426_101112.wav,normal,normal
/media/feliciano/Aux/AI_AFS_DATASET/AFS_BEHAVIOUR_DATASET/normal/20260426_101114.wav,normal,normal
/media/feliciano/Aux/AI_AFS_DATASET/AFS_BEHAVIOUR_DATASET/normal/20260426_101116.wav,normal,normal
/media/feliciano/Aux/AI_AFS_DATASET/AFS_BEHAVIOUR_DATASET/normal/20260426_101118.wav,normal,normal
/media/feliciano/Aux/AI_AFS_DATASET/AFS_BEHAVIOUR_DATASET/normal/20260426_101120.wav,normal,normal
/media/feliciano/Aux/AI_AFS_DATASET/AFS_BEHAVIOUR_DATASET/normal/20260426_101122.wav,normal,normal
/media/feliciano/Aux/AI_AFS_DATASET/AFS_BEHAVIOUR_DATASET/normal/20260426_101124.wav,normal,normal
/media/feliciano/Aux/AI_AFS_DATASET/AFS_BEHAVIOUR_DATASET/normal/20260426_101126.wav,normal,normal
/media/feliciano/Aux/AI_AFS_DATASET/AFS_BEHAVIOUR_DATASET/normal/20260426_101128.wav,normal,normal
/media/feliciano/Aux/AI_AFS_DATASET/AFS_BEHAVIOUR_DATASET/normal/20260426_101130.wav,normal,normal
/media/feliciano/Aux/AI_AFS_DATASET/AFS_BEHAVIOUR_DATASET/normal/20260426_101132.wav,normal,normal
/media/feliciano/Aux/AI_AFS_DATASET/AFS_BEHAVIOUR_DATASET/normal/20260426_101134.wav,normal,normal
/media/feliciano/Aux/AI_AFS_DATASET/AFS_BEHAVIOUR_DATASET/normal/20260426_101136.wav,normal,normal
/media/feliciano/Aux/AI_AFS_DATASET/AFS_BEHAVIOUR_DATASET/normal/20260426_101138.wav,normal,normal
/media/feliciano/Aux/AI_AFS_DATASET/AFS_BEHAVIOUR_DATASET/normal/20260426_101140.wav,normal,normal
/media/feliciano/Aux/AI_AFS_DATASET/AFS_BEHAVIOUR_DATASET/normal/20260426_101142.wav,normal,normal
/media/feliciano/Aux/AI_AFS_DATASET/AFS_BEHAVIOUR_DATASET/normal/20260426_101144.wav,normal,normal
/media/feliciano/Aux/AI_AFS_DATASET/AFS_BEHAVIOUR_DATASET/normal/20260426_101146.wav,normal,normal
/media/feliciano/Aux/AI_AFS_DATASET/AFS_BEHAVIOUR_DATASET/normal/20260426_101148.wav,normal,normal
/media/feliciano/Aux/AI_AFS_DATASET/AFS_BEHAVIOUR_DATASET/normal/20260426_101150.wav,normal,normal
/media/feliciano/Aux/AI_AFS_DATASET/AFS_BEHAVIOUR_DATASET/normal/20260426_101152.wav,normal,normal
/media/feliciano/Aux/AI_AFS_DATASET/AFS_BEHAVIOUR_DATASET/normal/20260426_101154.wav,normal,normal
/media/feliciano/Aux/AI_AFS_DATASET/AFS_BEHAVIOUR_DATASET/normal/20260426_101156.wav,normal,normal
/media/feliciano/Aux/AI_AFS_DATASET/AFS_BEHAVIOUR_DATASET/normal/20260426_101158.wav,normal,normal
/media/feliciano/Aux/AI_AFS_DATASET/AFS_BEHAVIOUR_DATASET/normal/20260426_101200.wav,normal,normal
/media/feliciano/Aux/AI_AFS_DATASET/AFS_BEHAVIOUR_DATASET/normal/20260426_101202.wav,normal,normal
/media/feliciano/Aux/AI_AFS_DATASET/AFS_BEHAVIOUR_DATASET/normal/20260426_101204.wav,normal,normal
/media/feliciano/Aux/AI_AFS_DATASET/AFS_BEHAVIOUR_DATASET/normal/20260426_101206.wav,normal,normal
/media/feliciano/Aux/AI_AFS_DATASET/AFS_BEHAVIOUR_DATASET/normal/20260426_101208.wav,normal,normal
/media/feliciano/Aux/AI_AFS_DATASET/AFS_BEHAVIOUR_DATASET/normal/20260426_101210.wav,normal,normal
/media/feliciano/Aux/AI_AFS_DATASET/AFS_BEHAVIOUR_DATASET/normal/20260426_101212.wav,normal,normal
/media/feliciano/Aux/AI_AFS_DATASET/AFS_BEHAVIOUR_DATASET/normal/20260426_101214.wav,normal,normal
/media/feliciano/Aux/AI_AFS_DATASET/AFS_BEHAVIOUR_DATASET/normal/20260426_101216.wav,normal,normal
/media/feliciano/Aux/AI_AFS_DATASET/AFS_BEHAVIOUR_DATASET/normal/20260426_101218.wav,normal,normal
/media/feliciano/Aux/AI_AFS_DATASET/AFS_BEHAVIOUR_DATASET/normal/20260426_101220.wav,normal,normal
/media/feliciano/Aux/AI_AFS_DATASET/AFS_BEHAVIOUR_DATASET/normal/20260426_101222.wav,normal,normal
/media/feliciano/Aux/AI_AFS_DATASET/AFS_BEHAVIOUR_DATASET/normal/20260426_101224.wav,normal,normal
/media/feliciano/Aux/AI_AFS_DATASET/AFS_BEHAVIOUR_DATASET/normal/20260426_101226.wav,normal,normal
/media/feliciano/Aux/AI_AFS_DATASET/AFS_BEHAVIOUR_DATASET/normal/20260426_101228.wav,normal,normal
/media/feliciano/Aux/AI_AFS_DATASET/AFS_BEHAVIOUR_DATASET/normal/20260426_101230.wav,normal,normal
/media/feliciano/Aux/AI_AFS_DATASET/AFS_BEHAVIOUR_DATASET/normal/20260426_101232.wav,normal,normal
/media/feliciano/Aux/AI_AFS_DATASET/AFS_BEHAVIOUR_DATASET/normal/20260426_101234.wav,normal,normal
/media/feliciano/Aux/AI_AFS_DATASET/AFS_BEHAVIOUR_DATASET/normal/20260426_101236.wav,normal,normal
/media/feliciano/Aux/AI_AFS_DATASET/AFS_BEHAVIOUR_DATASET/normal/20260426_101238.wav,normal,normal
/media/feliciano/Aux/AI_AFS_DATASET/AFS_BEHAVIOUR_DATASET/normal/20260426_101240.wav,normal,normal
/media/feliciano/Aux/AI_AFS_DATASET/AFS_BEHAVIOUR_DATASET/normal/20260426_101242.wav,normal,normal
/media/feliciano/Aux/AI_AFS_DATASET/AFS_BEHAVIOUR_DATASET/normal/20260426_101244.wav,normal,normal
/media/feliciano/Aux/AI_AFS_DATASET/AFS_BEHAVIOUR_DATASET/normal/20260426_101246.wav,normal,normal
/media/feliciano/Aux/AI_AFS_DATASET/AFS_BEHAVIOUR_DATASET/normal/20260426_101248.wav,normal,normal
/media/feliciano/Aux/AI_AFS_DATASET/AFS_BEHAVIOUR_DATASET/normal/20260426_101250.wav,normal,normal
/media/feliciano/Aux/AI_AFS_DATASET/AFS_BEHAVIOUR_DATASET/normal/20260426_101252.wav,normal,agitation
/media/feliciano/Aux/AI_AFS_DATASET/AFS_BEHAVIOUR_DATASET/normal/20260426_101254.wav,normal,normal
/media/feliciano/Aux/AI_AFS_DATASET/AFS_BEHAVIOUR_DATASET/normal/20260426_101256.wav,normal,normal
/media/feliciano/Aux/AI_AFS_DATASET/AFS_BEHAVIOUR_DATASET/normal/20260426_101258.wav,normal,normal
/media/feliciano/Aux/AI_AFS_DATASET/AFS_BEHAVIOUR_DATASET/normal/20260426_101300.wav,normal,normal
/media/feliciano/Aux/AI_AFS_DATASET/AFS_BEHAVIOUR_DATASET/normal/20260426_101302.wav,normal,normal
/media/feliciano/Aux/AI_AFS_DATASET/AFS_BEHAVIOUR_DATASET/normal/20260426_101304.wav,normal,normal
/media/feliciano/Aux/AI_AFS_DATASET/AFS_BEHAVIOUR_DATASET/normal/20260426_101306.wav,normal,normal
/media/feliciano/Aux/AI_AFS_DATASET/AFS_BEHAVIOUR_DATASET/normal/20260426_101308.wav,normal,normal
/media/feliciano/Aux/AI_AFS_DATASET/AFS_BEHAVIOUR_DATASET/normal/20260426_101310.wav,normal,normal
/media/feliciano/Aux/AI_AFS_DATASET/AFS_BEHAVIOUR_DATASET/normal/20260426_101312.wav,normal,normal
/media/feliciano/Aux/AI_AFS_DATASET/AFS_BEHAVIOUR_DATASET/normal/20260426_101314.wav,normal,normal
/media/feliciano/Aux/AI_AFS_DATASET/AFS_BEHAVIOUR_DATASET/normal/20260426_101316.wav,normal,normal
/media/feliciano/Aux/AI_AFS_DATASET/AFS_BEHAVIOUR_DATASET/normal/20260426_101318.wav,normal,normal
/media/feliciano/Aux/AI_AFS_DATASET/AFS_BEHAVIOUR_DATASET/normal/20260426_101320.wav,normal,normal
/media/feliciano/Aux/AI_AFS_DATASET/AFS_BEHAVIOUR_DATASET/normal/20260426_101322.wav,normal,normal
/media/feliciano/Aux/AI_AFS_DATASET/AFS_BEHAVIOUR_DATASET/normal/20260426_101324.wav,normal,normal
/media/feliciano/Aux/AI_AFS_DATASET/AFS_BEHAVIOUR_DATASET/normal/20260426_101326.wav,normal,normal
/media/feliciano/Aux/AI_AFS_DATASET/AFS_BEHAVIOUR_DATASET/normal/20260426_101328.wav,normal,normal
/media/feliciano/Aux/AI_AFS_DATASET/AFS_BEHAVIOUR_DATASET/normal/20260426_101330.wav,normal,normal
/media/feliciano/Aux/AI_AFS_DATASET/AFS_BEHAVIOUR_DATASET/normal/20260426_101332.wav,normal,normal
/media/feliciano/Aux/AI_AFS_DATASET/AFS_BEHAVIOUR_DATASET/normal/20260426_101334.wav,normal,normal
/media/feliciano/Aux/AI_AFS_DATASET/AFS_BEHAVIOUR_DATASET/normal/20260426_101336.wav,normal,normal
/media/feliciano/Aux/AI_AFS_DATASET/AFS_BEHAVIOUR_DATASET/normal/20260426_101338.wav,normal,normal
/media/feliciano/Aux/AI_AFS_DATASET/AFS_BEHAVIOUR_DATASET/normal/20260426_101340.wav,normal,normal
/media/feliciano/Aux/AI_AFS_DATASET/AFS_BEHAVIOUR_DATASET/normal/20260426_101342.wav,normal,normal
/media/feliciano/Aux/AI_AFS_DATASET/AFS_BEHAVIOUR_DATASET/normal/20260426_101344.wav,normal,normal
/media/feliciano/Aux/AI_AFS_DATASET/AFS_BEHAVIOUR_DATASET/normal/20260426_101346.wav,normal,normal
/media/feliciano/Aux/AI_AFS_DATASET/AFS_BEHAVIOUR_DATASET/normal/20260426_101348.wav,normal,normal
/media/feliciano/Aux/AI_AFS_DATASET/AFS_BEHAVIOUR_DATASET/normal/20260426_101350.wav,normal,normal
/media/feliciano/Aux/AI_AFS_DATASET/AFS_BEHAVIOUR_DATASET/normal/20260426_101352.wav,normal,normal
/media/feliciano/Aux/AI_AFS_DATASET/AFS_BEHAVIOUR_DATASET/normal/20260426_101354.wav,normal,normal
/media/feliciano/Aux/AI_AFS_DATASET/AFS_BEHAVIOUR_DATASET/normal/20260426_101356.wav,normal,normal
/media/feliciano/Aux/AI_AFS_DATASET/AFS_BEHAVIOUR_DATASET/normal/20260426_101358.wav,normal,normal
/media/feliciano/Aux/AI_AFS_DATASET/AFS_BEHAVIOUR_DATASET/normal/20260426_101400.wav,normal,normal
/media/feliciano/Aux/AI_AFS_DATASET/AFS_BEHAVIOUR_DATASET/normal/20260426_101402.wav,normal,normal
/media/feliciano/Aux/AI_AFS_DATASET/AFS_BEHAVIOUR_DATASET/normal/20260426_101404.wav,normal,normal
/media/feliciano/Aux/AI_AFS_DATASET/AFS_BEHAVIOUR_DATASET/normal/20260426_101406.wav,normal,agitation
/media/feliciano/Aux/AI_AFS_DATASET/AFS_BEHAVIOUR_DATASET/normal/20260426_101408.wav,normal,normal
/media/feliciano/Aux/AI_AFS_DATASET/AFS_BEHAVIOUR_DATASET/normal/20260426_101410.wav,normal,normal
/media/feliciano/Aux/AI_AFS_DATASET/AFS_BEHAVIOUR_DATASET/normal/20260426_101412.wav,normal,normal
/media/feliciano/Aux/AI_AFS_DATASET/AFS_BEHAVIOUR_DATASET/normal/20260426_101414.wav,normal,normal
/media/feliciano/Aux/AI_AFS_DATASET/AFS_BEHAVIOUR_DATASET/normal/20260426_101416.wav,normal,normal
/media/feliciano/Aux/AI_AFS_DATASET/AFS_BEHAVIOUR_DATASET/normal/20260426_101418.wav,normal,normal
/media/feliciano/Aux/AI_AFS_DATASET/AFS_BEHAVIOUR_DATASET/normal/20260426_101420.wav,normal,normal
/media/feliciano/Aux/AI_AFS_DATASET/AFS_BEHAVIOUR_DATASET/normal/20260426_101422.wav,normal,normal
/media/feliciano/Aux/AI_AFS_DATASET/AFS_BEHAVIOUR_DATASET/normal/20260426_101424.wav,normal,normal
/media/feliciano/Aux/AI_AFS_DATASET/AFS_BEHAVIOUR_DATASET/normal/20260426_101426.wav,normal,normal
/media/feliciano/Aux/AI_AFS_DATASET/AFS_BEHAVIOUR_DATASET/normal/20260426_101428.wav,normal,normal
/media/feliciano/Aux/AI_AFS_DATASET/AFS_BEHAVIOUR_DATASET/normal/20260426_101430.wav,normal,normal
/media/feliciano/Aux/AI_AFS_DATASET/AFS_BEHAVIOUR_DATASET/normal/20260426_101432.wav,normal,normal
/media/feliciano/Aux/AI_AFS_DATASET/AFS_BEHAVIOUR_DATASET/normal/20260426_101434.wav,normal,normal
/media/feliciano/Aux/AI_AFS_DATASET/AFS_BEHAVIOUR_DATASET/normal/20260426_101436.wav,normal,normal
/media/feliciano/Aux/AI_AFS_DATASET/AFS_BEHAVIOUR_DATASET/normal/20260426_101438.wav,normal,normal
/media/feliciano/Aux/AI_AFS_DATASET/AFS_BEHAVIOUR_DATASET/normal/20260426_101440.wav,normal,normal
/media/feliciano/Aux/AI_AFS_DATASET/AFS_BEHAVIOUR_DATASET/normal/20260426_101442.wav,normal,normal
/media/feliciano/Aux/AI_AFS_DATASET/AFS_BEHAVIOUR_DATASET/normal/20260426_101444.wav,normal,normal
/media/feliciano/Aux/AI_AFS_DATASET/AFS_BEHAVIOUR_DATASET/normal/20260426_101446.wav,normal,normal
/media/feliciano/Aux/AI_AFS_DATASET/AFS_BEHAVIOUR_DATASET/normal/20260426_101448.wav,normal,normal
/media/feliciano/Aux/AI_AFS_DATASET/AFS_BEHAVIOUR_DATASET/normal/20260426_101450.wav,normal,normal
/media/feliciano/Aux/AI_AFS_DATASET/AFS_BEHAVIOUR_DATASET/normal/20260426_101452.wav,normal,normal
/media/feliciano/Aux/AI_AFS_DATASET/AFS_BEHAVIOUR_DATASET/normal/20260426_101454.wav,normal,normal
/media/feliciano/Aux/AI_AFS_DATASET/AFS_BEHAVIOUR_DATASET/normal/20260426_101456.wav,normal,normal
/media/feliciano/Aux/AI_AFS_DATASET/AFS_BEHAVIOUR_DATASET/normal/20260426_101458.wav,normal,normal
/media/feliciano/Aux/AI_AFS_DATASET/AFS_BEHAVIOUR_DATASET/normal/20260426_115000.wav,normal,normal
/media/feliciano/Aux/AI_AFS_DATASET/AFS_BEHAVIOUR_DATASET/normal/20260426_115002.wav,normal,normal
/media/feliciano/Aux/AI_AFS_DATASET/AFS_BEHAVIOUR_DATASET/normal/20260426_115004.wav,normal,normal
/media/feliciano/Aux/AI_AFS_DATASET/AFS_BEHAVIOUR_DATASET/normal/20260426_115006.wav,normal,normal
/media/feliciano/Aux/AI_AFS_DATASET/AFS_BEHAVIOUR_DATASET/normal/20260426_115008.wav,normal,normal
/media/feliciano/Aux/AI_AFS_DATASET/AFS_BEHAVIOUR_DATASET/normal/20260426_115010.wav,normal,normal
/media/feliciano/Aux/AI_AFS_DATASET/AFS_BEHAVIOUR_DATASET/normal/20260426_115012.wav,normal,normal
/media/feliciano/Aux/AI_AFS_DATASET/AFS_BEHAVIOUR_DATASET/normal/20260426_115014.wav,normal,normal
/media/feliciano/Aux/AI_AFS_DATASET/AFS_BEHAVIOUR_DATASET/normal/20260426_115016.wav,normal,normal
/media/feliciano/Aux/AI_AFS_DATASET/AFS_BEHAVIOUR_DATASET/normal/20260426_115018.wav,normal,normal
/media/feliciano/Aux/AI_AFS_DATASET/AFS_BEHAVIOUR_DATASET/normal/20260426_115020.wav,normal,normal
/media/feliciano/Aux/AI_AFS_DATASET/AFS_BEHAVIOUR_DATASET/normal/20260426_115022.wav,normal,normal
/media/feliciano/Aux/AI_AFS_DATASET/AFS_BEHAVIOUR_DATASET/normal/20260426_115024.wav,normal,normal
/media/feliciano/Aux/AI_AFS_DATASET/AFS_BEHAVIOUR_DATASET/normal/20260426_115026.wav,normal,normal
/media/feliciano/Aux/AI_AFS_DATASET/AFS_BEHAVIOUR_DATASET/normal/20260426_115028.wav,normal,normal
/media/feliciano/Aux/AI_AFS_DATASET/AFS_BEHAVIOUR_DATASET/normal/20260426_115030.wav,normal,normal
/media/feliciano/Aux/AI_AFS_DATASET/AFS_BEHAVIOUR_DATASET/normal/20260426_115032.wav,normal,normal
/media/feliciano/Aux/AI_AFS_DATASET/AFS_BEHAVIOUR_DATASET/normal/20260426_115034.wav,normal,normal
/media/feliciano/Aux/AI_AFS_DATASET/AFS_BEHAVIOUR_DATASET/normal/20260426_115036.wav,normal,normal
/media/feliciano/Aux/AI_AFS_DATASET/AFS_BEHAVIOUR_DATASET/normal/20260426_115038.wav,normal,normal
/media/feliciano/Aux/AI_AFS_DATASET/AFS_BEHAVIOUR_DATASET/normal/20260426_115040.wav,normal,normal
/media/feliciano/Aux/AI_AFS_DATASET/AFS_BEHAVIOUR_DATASET/normal/20260426_115042.wav,normal,normal
/media/feliciano/Aux/AI_AFS_DATASET/AFS_BEHAVIOUR_DATASET/normal/20260426_115044.wav,normal,normal
/media/feliciano/Aux/AI_AFS_DATASET/AFS_BEHAVIOUR_DATASET/normal/20260426_115046.wav,normal,normal
/media/feliciano/Aux/AI_AFS_DATASET/AFS_BEHAVIOUR_DATASET/normal/20260426_115048.wav,normal,normal
/media/feliciano/Aux/AI_AFS_DATASET/AFS_BEHAVIOUR_DATASET/normal/20260426_115050.wav,normal,normal
/media/feliciano/Aux/AI_AFS_DATASET/AFS_BEHAVIOUR_DATASET/normal/20260426_115052.wav,normal,normal
/media/feliciano/Aux/AI_AFS_DATASET/AFS_BEHAVIOUR_DATASET/normal/20260426_115054.wav,normal,normal
/media/feliciano/Aux/AI_AFS_DATASET/AFS_BEHAVIOUR_DATASET/normal/20260426_115056.wav,normal,normal
/media/feliciano/Aux/AI_AFS_DATASET/AFS_BEHAVIOUR_DATASET/normal/20260426_115058.wav,normal,normal
/media/feliciano/Aux/AI_AFS_DATASET/AFS_BEHAVIOUR_DATASET/normal/20260426_115100.wav,normal,normal
/media/feliciano/Aux/AI_AFS_DATASET/AFS_BEHAVIOUR_DATASET/normal/20260426_115102.wav,normal,normal
/media/feliciano/Aux/AI_AFS_DATASET/AFS_BEHAVIOUR_DATASET/normal/20260426_115104.wav,normal,normal
/media/feliciano/Aux/AI_AFS_DATASET/AFS_BEHAVIOUR_DATASET/normal/20260426_115106.wav,normal,normal
/media/feliciano/Aux/AI_AFS_DATASET/AFS_BEHAVIOUR_DATASET/normal/20260426_115108.wav,normal,normal
/media/feliciano/Aux/AI_AFS_DATASET/AFS_BEHAVIOUR_DATASET/normal/20260426_115110.wav,normal,normal
/media/feliciano/Aux/AI_AFS_DATASET/AFS_BEHAVIOUR_DATASET/normal/20260426_115112.wav,normal,normal
/media/feliciano/Aux/AI_AFS_DATASET/AFS_BEHAVIOUR_DATASET/normal/20260426_115114.wav,normal,normal
/media/feliciano/Aux/AI_AFS_DATASET/AFS_BEHAVIOUR_DATASET/normal/20260426_115116.wav,normal,normal
/media/feliciano/Aux/AI_AFS_DATASET/AFS_BEHAVIOUR_DATASET/normal/20260426_115118.wav,normal,normal
/media/feliciano/Aux/AI_AFS_DATASET/AFS_BEHAVIOUR_DATASET/normal/20260426_115120.wav,normal,normal
/media/feliciano/Aux/AI_AFS_DATASET/AFS_BEHAVIOUR_DATASET/normal/20260426_115122.wav,normal,normal
/media/feliciano/Aux/AI_AFS_DATASET/AFS_BEHAVIOUR_DATASET/normal/20260426_115124.wav,normal,normal
/media/feliciano/Aux/AI_AFS_DATASET/AFS_BEHAVIOUR_DATASET/normal/20260426_115126.wav,normal,normal
/media/feliciano/Aux/AI_AFS_DATASET/AFS_BEHAVIOUR_DATASET/normal/20260426_115128.wav,normal,normal
/media/feliciano/Aux/AI_AFS_DATASET/AFS_BEHAVIOUR_DATASET/normal/20260426_115130.wav,normal,normal
/media/feliciano/Aux/AI_AFS_DATASET/AFS_BEHAVIOUR_DATASET/normal/20260426_115132.wav,normal,normal
/media/feliciano/Aux/AI_AFS_DATASET/AFS_BEHAVIOUR_DATASET/normal/20260426_115134.wav,normal,normal
/media/feliciano/Aux/AI_AFS_DATASET/AFS_BEHAVIOUR_DATASET/normal/20260426_115136.wav,normal,normal
/media/feliciano/Aux/AI_AFS_DATASET/AFS_BEHAVIOUR_DATASET/normal/20260426_115138.wav,normal,normal
/media/feliciano/Aux/AI_AFS_DATASET/AFS_BEHAVIOUR_DATASET/normal/20260426_115140.wav,normal,normal
/media/feliciano/Aux/AI_AFS_DATASET/AFS_BEHAVIOUR_DATASET/normal/20260426_115142.wav,normal,normal
/media/feliciano/Aux/AI_AFS_DATASET/AFS_BEHAVIOUR_DATASET/normal/20260426_115144.wav,normal,normal
/media/feliciano/Aux/AI_AFS_DATASET/AFS_BEHAVIOUR_DATASET/normal/20260426_115146.wav,normal,normal
/media/feliciano/Aux/AI_AFS_DATASET/AFS_BEHAVIOUR_DATASET/normal/20260426_115148.wav,normal,normal
/media/feliciano/Aux/AI_AFS_DATASET/AFS_BEHAVIOUR_DATASET/normal/20260426_115150.wav,normal,normal
/media/feliciano/Aux/AI_AFS_DATASET/AFS_BEHAVIOUR_DATASET/normal/20260426_115152.wav,normal,normal
/media/feliciano/Aux/AI_AFS_DATASET/AFS_BEHAVIOUR_DATASET/normal/20260426_115154.wav,normal,normal
/media/feliciano/Aux/AI_AFS_DATASET/AFS_BEHAVIOUR_DATASET/normal/20260426_115156.wav,normal,normal
/media/feliciano/Aux/AI_AFS_DATASET/AFS_BEHAVIOUR_DATASET/normal/20260426_115158.wav,normal,normal
/media/feliciano/Aux/AI_AFS_DATASET/AFS_BEHAVIOUR_DATASET/normal/20260426_115200.wav,normal,normal
/media/feliciano/Aux/AI_AFS_DATASET/AFS_BEHAVIOUR_DATASET/normal/20260426_115202.wav,normal,normal
/media/feliciano/Aux/AI_AFS_DATASET/AFS_BEHAVIOUR_DATASET/normal/20260426_115204.wav,normal,normal
/media/feliciano/Aux/AI_AFS_DATASET/AFS_BEHAVIOUR_DATASET/normal/20260426_115206.wav,normal,normal
/media/feliciano/Aux/AI_AFS_DATASET/AFS_BEHAVIOUR_DATASET/normal/20260426_115208.wav,normal,normal
/media/feliciano/Aux/AI_AFS_DATASET/AFS_BEHAVIOUR_DATASET/normal/20260426_115210.wav,normal,normal
/media/feliciano/Aux/AI_AFS_DATASET/AFS_BEHAVIOUR_DATASET/normal/20260426_115212.wav,normal,normal
/media/feliciano/Aux/AI_AFS_DATASET/AFS_BEHAVIOUR_DATASET/normal/20260426_115214.wav,normal,normal
/media/feliciano/Aux/AI_AFS_DATASET/AFS_BEHAVIOUR_DATASET/normal/20260426_115216.wav,normal,normal
/media/feliciano/Aux/AI_AFS_DATASET/AFS_BEHAVIOUR_DATASET/normal/20260426_115218.wav,normal,normal
/media/feliciano/Aux/AI_AFS_DATASET/AFS_BEHAVIOUR_DATASET/normal/20260426_115220.wav,normal,normal
/media/feliciano/Aux/AI_AFS_DATASET/AFS_BEHAVIOUR_DATASET/normal/20260426_115222.wav,normal,normal
/media/feliciano/Aux/AI_AFS_DATASET/AFS_BEHAVIOUR_DATASET/normal/20260426_115224.wav,normal,normal
/media/feliciano/Aux/AI_AFS_DATASET/AFS_BEHAVIOUR_DATASET/normal/20260426_115226.wav,normal,normal
/media/feliciano/Aux/AI_AFS_DATASET/AFS_BEHAVIOUR_DATASET/normal/20260426_115228.wav,normal,normal
/media/feliciano/Aux/AI_AFS_DATASET/AFS_BEHAVIOUR_DATASET/normal/20260426_115230.wav,normal,agitation
/media/feliciano/Aux/AI_AFS_DATASET/AFS_BEHAVIOUR_DATASET/normal/20260426_115232.wav,normal,normal
/media/feliciano/Aux/AI_AFS_DATASET/AFS_BEHAVIOUR_DATASET/normal/20260426_115234.wav,normal,normal
/media/feliciano/Aux/AI_AFS_DATASET/AFS_BEHAVIOUR_DATASET/normal/20260426_115236.wav,normal,normal
/media/feliciano/Aux/AI_AFS_DATASET/AFS_BEHAVIOUR_DATASET/normal/20260426_115238.wav,normal,normal
/media/feliciano/Aux/AI_AFS_DATASET/AFS_BEHAVIOUR_DATASET/normal/20260426_115240.wav,normal,normal
/media/feliciano/Aux/AI_AFS_DATASET/AFS_BEHAVIOUR_DATASET/normal/20260426_115242.wav,normal,agitation
/media/feliciano/Aux/AI_AFS_DATASET/AFS_BEHAVIOUR_DATASET/normal/20260426_115244.wav,normal,normal
/media/feliciano/Aux/AI_AFS_DATASET/AFS_BEHAVIOUR_DATASET/normal/20260426_115246.wav,normal,normal
/media/feliciano/Aux/AI_AFS_DATASET/AFS_BEHAVIOUR_DATASET/normal/20260426_115248.wav,normal,normal
/media/feliciano/Aux/AI_AFS_DATASET/AFS_BEHAVIOUR_DATASET/normal/20260426_115250.wav,normal,normal
/media/feliciano/Aux/AI_AFS_DATASET/AFS_BEHAVIOUR_DATASET/normal/20260426_115252.wav,normal,normal
/media/feliciano/Aux/AI_AFS_DATASET/AFS_BEHAVIOUR_DATASET/normal/20260426_115254.wav,normal,normal
/media/feliciano/Aux/AI_AFS_DATASET/AFS_BEHAVIOUR_DATASET/normal/20260426_115256.wav,normal,normal
/media/feliciano/Aux/AI_AFS_DATASET/AFS_BEHAVIOUR_DATASET/normal/20260426_115258.wav,normal,normal
/media/feliciano/Aux/AI_AFS_DATASET/AFS_BEHAVIOUR_DATASET/normal/20260426_115300.wav,normal,agitation
/media/feliciano/Aux/AI_AFS_DATASET/AFS_BEHAVIOUR_DATASET/normal/20260426_115302.wav,normal,normal
/media/feliciano/Aux/AI_AFS_DATASET/AFS_BEHAVIOUR_DATASET/normal/20260426_115304.wav,normal,normal
/media/feliciano/Aux/AI_AFS_DATASET/AFS_BEHAVIOUR_DATASET/normal/20260426_115306.wav,normal,normal
/media/feliciano/Aux/AI_AFS_DATASET/AFS_BEHAVIOUR_DATASET/normal/20260426_115308.wav,normal,normal
/media/feliciano/Aux/AI_AFS_DATASET/AFS_BEHAVIOUR_DATASET/normal/20260426_115310.wav,normal,normal
/media/feliciano/Aux/AI_AFS_DATASET/AFS_BEHAVIOUR_DATASET/normal/20260426_115312.wav,normal,normal
/media/feliciano/Aux/AI_AFS_DATASET/AFS_BEHAVIOUR_DATASET/normal/20260426_115314.wav,normal,normal
/media/feliciano/Aux/AI_AFS_DATASET/AFS_BEHAVIOUR_DATASET/normal/20260426_115316.wav,normal,normal
/media/feliciano/Aux/AI_AFS_DATASET/AFS_BEHAVIOUR_DATASET/normal/20260426_115318.wav,normal,normal
/media/feliciano/Aux/AI_AFS_DATASET/AFS_BEHAVIOUR_DATASET/normal/20260426_115320.wav,normal,agitation
/media/feliciano/Aux/AI_AFS_DATASET/AFS_BEHAVIOUR_DATASET/normal/20260426_115322.wav,normal,normal
/media/feliciano/Aux/AI_AFS_DATASET/AFS_BEHAVIOUR_DATASET/normal/20260426_115324.wav,normal,normal
/media/feliciano/Aux/AI_AFS_DATASET/AFS_BEHAVIOUR_DATASET/normal/20260426_115326.wav,normal,normal
/media/feliciano/Aux/AI_AFS_DATASET/AFS_BEHAVIOUR_DATASET/normal/20260426_115328.wav,normal,agitation
/media/feliciano/Aux/AI_AFS_DATASET/AFS_BEHAVIOUR_DATASET/normal/20260426_115330.wav,normal,agitation
/media/feliciano/Aux/AI_AFS_DATASET/AFS_BEHAVIOUR_DATASET/normal/20260426_115332.wav,normal,normal
/media/feliciano/Aux/AI_AFS_DATASET/AFS_BEHAVIOUR_DATASET/normal/20260426_115334.wav,normal,normal
/media/feliciano/Aux/AI_AFS_DATASET/AFS_BEHAVIOUR_DATASET/normal/20260426_115336.wav,normal,normal
/media/feliciano/Aux/AI_AFS_DATASET/AFS_BEHAVIOUR_DATASET/normal/20260426_115338.wav,normal,normal
/media/feliciano/Aux/AI_AFS_DATASET/AFS_BEHAVIOUR_DATASET/normal/20260426_115340.wav,normal,normal
/media/feliciano/Aux/AI_AFS_DATASET/AFS_BEHAVIOUR_DATASET/normal/20260426_115342.wav,normal,normal
/media/feliciano/Aux/AI_AFS_DATASET/AFS_BEHAVIOUR_DATASET/normal/20260426_115344.wav,normal,normal
/media/feliciano/Aux/AI_AFS_DATASET/AFS_BEHAVIOUR_DATASET/normal/20260426_115346.wav,normal,normal
/media/feliciano/Aux/AI_AFS_DATASET/AFS_BEHAVIOUR_DATASET/normal/20260426_115348.wav,normal,normal
/media/feliciano/Aux/AI_AFS_DATASET/AFS_BEHAVIOUR_DATASET/normal/20260426_115350.wav,normal,normal
/media/feliciano/Aux/AI_AFS_DATASET/AFS_BEHAVIOUR_DATASET/normal/20260426_115352.wav,normal,normal
/media/feliciano/Aux/AI_AFS_DATASET/AFS_BEHAVIOUR_DATASET/normal/20260426_115354.wav,normal,normal
/media/feliciano/Aux/AI_AFS_DATASET/AFS_BEHAVIOUR_DATASET/normal/20260426_115356.wav,normal,normal
/media/feliciano/Aux/AI_AFS_DATASET/AFS_BEHAVIOUR_DATASET/normal/20260426_115358.wav,normal,normal
/media/feliciano/Aux/AI_AFS_DATASET/AFS_BEHAVIOUR_DATASET/normal/20260426_115400.wav,normal,normal
/media/feliciano/Aux/AI_AFS_DATASET/AFS_BEHAVIOUR_DATASET/normal/20260426_115402.wav,normal,normal
/media/feliciano/Aux/AI_AFS_DATASET/AFS_BEHAVIOUR_DATASET/normal/20260426_115404.wav,normal,normal
/media/feliciano/Aux/AI_AFS_DATASET/AFS_BEHAVIOUR_DATASET/normal/20260426_115406.wav,normal,normal
/media/feliciano/Aux/AI_AFS_DATASET/AFS_BEHAVIOUR_DATASET/normal/20260426_115408.wav,normal,normal
/media/feliciano/Aux/AI_AFS_DATASET/AFS_BEHAVIOUR_DATASET/normal/20260426_115410.wav,normal,normal
/media/feliciano/Aux/AI_AFS_DATASET/AFS_BEHAVIOUR_DATASET/normal/20260426_115412.wav,normal,normal
/media/feliciano/Aux/AI_AFS_DATASET/AFS_BEHAVIOUR_DATASET/normal/20260426_115414.wav,normal,normal
/media/feliciano/Aux/AI_AFS_DATASET/AFS_BEHAVIOUR_DATASET/normal/20260426_115416.wav,normal,normal
/media/feliciano/Aux/AI_AFS_DATASET/AFS_BEHAVIOUR_DATASET/normal/20260426_115418.wav,normal,normal
/media/feliciano/Aux/AI_AFS_DATASET/AFS_BEHAVIOUR_DATASET/normal/20260426_115420.wav,normal,normal
/media/feliciano/Aux/AI_AFS_DATASET/AFS_BEHAVIOUR_DATASET/normal/20260426_115422.wav,normal,normal
/media/feliciano/Aux/AI_AFS_DATASET/AFS_BEHAVIOUR_DATASET/normal/20260426_115424.wav,normal,normal
/media/feliciano/Aux/AI_AFS_DATASET/AFS_BEHAVIOUR_DATASET/normal/20260426_115426.wav,normal,normal
/media/feliciano/Aux/AI_AFS_DATASET/AFS_BEHAVIOUR_DATASET/normal/20260426_115428.wav,normal,normal
/media/feliciano/Aux/AI_AFS_DATASET/AFS_BEHAVIOUR_DATASET/normal/20260426_115430.wav,normal,normal
/media/feliciano/Aux/AI_AFS_DATASET/AFS_BEHAVIOUR_DATASET/normal/20260426_115432.wav,normal,normal
/media/feliciano/Aux/AI_AFS_DATASET/AFS_BEHAVIOUR_DATASET/normal/20260426_115434.wav,normal,normal
/media/feliciano/Aux/AI_AFS_DATASET/AFS_BEHAVIOUR_DATASET/normal/20260426_115436.wav,normal,normal
/media/feliciano/Aux/AI_AFS_DATASET/AFS_BEHAVIOUR_DATASET/normal/20260426_115438.wav,normal,normal
/media/feliciano/Aux/AI_AFS_DATASET/AFS_BEHAVIOUR_DATASET/normal/20260426_115440.wav,normal,normal
/media/feliciano/Aux/AI_AFS_DATASET/AFS_BEHAVIOUR_DATASET/normal/20260426_115442.wav,normal,normal
/media/feliciano/Aux/AI_AFS_DATASET/AFS_BEHAVIOUR_DATASET/normal/20260426_115444.wav,normal,normal
/media/feliciano/Aux/AI_AFS_DATASET/AFS_BEHAVIOUR_DATASET/normal/20260426_115446.wav,normal,normal
/media/feliciano/Aux/AI_AFS_DATASET/AFS_BEHAVIOUR_DATASET/normal/20260426_115448.wav,normal,normal
/media/feliciano/Aux/AI_AFS_DATASET/AFS_BEHAVIOUR_DATASET/normal/20260426_115450.wav,normal,normal
/media/feliciano/Aux/AI_AFS_DATASET/AFS_BEHAVIOUR_DATASET/normal/20260426_115452.wav,normal,normal
/media/feliciano/Aux/AI_AFS_DATASET/AFS_BEHAVIOUR_DATASET/normal/20260426_115454.wav,normal,normal
/media/feliciano/Aux/AI_AFS_DATASET/AFS_BEHAVIOUR_DATASET/normal/20260426_115456.wav,normal,normal
/media/feliciano/Aux/AI_AFS_DATASET/AFS_BEHAVIOUR_DATASET/normal/20260426_115458.wav,normal,normal
/media/feliciano/Aux/AI_AFS_DATASET/AFS_BEHAVIOUR_DATASET/normal/20260426_145000.wav,normal,normal
/media/feliciano/Aux/AI_AFS_DATASET/AFS_BEHAVIOUR_DATASET/normal/20260426_145002.wav,normal,normal
/media/feliciano/Aux/AI_AFS_DATASET/AFS_BEHAVIOUR_DATASET/normal/20260426_145004.wav,normal,normal
/media/feliciano/Aux/AI_AFS_DATASET/AFS_BEHAVIOUR_DATASET/normal/20260426_145006.wav,normal,normal
/media/feliciano/Aux/AI_AFS_DATASET/AFS_BEHAVIOUR_DATASET/normal/20260426_145008.wav,normal,normal
/media/feliciano/Aux/AI_AFS_DATASET/AFS_BEHAVIOUR_DATASET/normal/20260426_145010.wav,normal,normal
/media/feliciano/Aux/AI_AFS_DATASET/AFS_BEHAVIOUR_DATASET/normal/20260426_145012.wav,normal,normal
/media/feliciano/Aux/AI_AFS_DATASET/AFS_BEHAVIOUR_DATASET/normal/20260426_145014.wav,normal,normal
/media/feliciano/Aux/AI_AFS_DATASET/AFS_BEHAVIOUR_DATASET/normal/20260426_145016.wav,normal,normal
/media/feliciano/Aux/AI_AFS_DATASET/AFS_BEHAVIOUR_DATASET/normal/20260426_145018.wav,normal,normal
/media/feliciano/Aux/AI_AFS_DATASET/AFS_BEHAVIOUR_DATASET/normal/20260426_145020.wav,normal,normal
/media/feliciano/Aux/AI_AFS_DATASET/AFS_BEHAVIOUR_DATASET/normal/20260426_145022.wav,normal,normal
/media/feliciano/Aux/AI_AFS_DATASET/AFS_BEHAVIOUR_DATASET/normal/20260426_145024.wav,normal,normal
/media/feliciano/Aux/AI_AFS_DATASET/AFS_BEHAVIOUR_DATASET/normal/20260426_145026.wav,normal,normal
/media/feliciano/Aux/AI_AFS_DATASET/AFS_BEHAVIOUR_DATASET/normal/20260426_145028.wav,normal,normal
/media/feliciano/Aux/AI_AFS_DATASET/AFS_BEHAVIOUR_DATASET/normal/20260426_145030.wav,normal,normal
/media/feliciano/Aux/AI_AFS_DATASET/AFS_BEHAVIOUR_DATASET/normal/20260426_145032.wav,normal,normal
/media/feliciano/Aux/AI_AFS_DATASET/AFS_BEHAVIOUR_DATASET/normal/20260426_145034.wav,normal,normal
/media/feliciano/Aux/AI_AFS_DATASET/AFS_BEHAVIOUR_DATASET/normal/20260426_145036.wav,normal,normal
/media/feliciano/Aux/AI_AFS_DATASET/AFS_BEHAVIOUR_DATASET/normal/20260426_145038.wav,normal,normal
/media/feliciano/Aux/AI_AFS_DATASET/AFS_BEHAVIOUR_DATASET/normal/20260426_145040.wav,normal,normal
/media/feliciano/Aux/AI_AFS_DATASET/AFS_BEHAVIOUR_DATASET/normal/20260426_145042.wav,normal,normal
/media/feliciano/Aux/AI_AFS_DATASET/AFS_BEHAVIOUR_DATASET/normal/20260426_145044.wav,normal,normal
/media/feliciano/Aux/AI_AFS_DATASET/AFS_BEHAVIOUR_DATASET/normal/20260426_145046.wav,normal,normal
/media/feliciano/Aux/AI_AFS_DATASET/AFS_BEHAVIOUR_DATASET/normal/20260426_145048.wav,normal,normal
/media/feliciano/Aux/AI_AFS_DATASET/AFS_BEHAVIOUR_DATASET/normal/20260426_145050.wav,normal,normal
/media/feliciano/Aux/AI_AFS_DATASET/AFS_BEHAVIOUR_DATASET/normal/20260426_145052.wav,normal,normal
/media/feliciano/Aux/AI_AFS_DATASET/AFS_BEHAVIOUR_DATASET/normal/20260426_145054.wav,normal,normal
/media/feliciano/Aux/AI_AFS_DATASET/AFS_BEHAVIOUR_DATASET/normal/20260426_145056.wav,normal,normal
/media/feliciano/Aux/AI_AFS_DATASET/AFS_BEHAVIOUR_DATASET/normal/20260426_145058.wav,normal,normal
/media/feliciano/Aux/AI_AFS_DATASET/AFS_BEHAVIOUR_DATASET/normal/20260426_145100.wav,normal,normal
/media/feliciano/Aux/AI_AFS_DATASET/AFS_BEHAVIOUR_DATASET/normal/20260426_145102.wav,normal,normal
/media/feliciano/Aux/AI_AFS_DATASET/AFS_BEHAVIOUR_DATASET/normal/20260426_145104.wav,normal,normal
/media/feliciano/Aux/AI_AFS_DATASET/AFS_BEHAVIOUR_DATASET/normal/20260426_145106.wav,normal,normal
/media/feliciano/Aux/AI_AFS_DATASET/AFS_BEHAVIOUR_DATASET/normal/20260426_145108.wav,normal,normal
/media/feliciano/Aux/AI_AFS_DATASET/AFS_BEHAVIOUR_DATASET/normal/20260426_145110.wav,normal,normal
/media/feliciano/Aux/AI_AFS_DATASET/AFS_BEHAVIOUR_DATASET/normal/20260426_145112.wav,normal,normal
/media/feliciano/Aux/AI_AFS_DATASET/AFS_BEHAVIOUR_DATASET/normal/20260426_145114.wav,normal,normal
/media/feliciano/Aux/AI_AFS_DATASET/AFS_BEHAVIOUR_DATASET/normal/20260426_145116.wav,normal,normal
/media/feliciano/Aux/AI_AFS_DATASET/AFS_BEHAVIOUR_DATASET/normal/20260426_145118.wav,normal,normal
/media/feliciano/Aux/AI_AFS_DATASET/AFS_BEHAVIOUR_DATASET/normal/20260426_145120.wav,normal,normal
/media/feliciano/Aux/AI_AFS_DATASET/AFS_BEHAVIOUR_DATASET/normal/20260426_145122.wav,normal,normal
/media/feliciano/Aux/AI_AFS_DATASET/AFS_BEHAVIOUR_DATASET/normal/20260426_145124.wav,normal,normal
/media/feliciano/Aux/AI_AFS_DATASET/AFS_BEHAVIOUR_DATASET/normal/20260426_145126.wav,normal,normal
/media/feliciano/Aux/AI_AFS_DATASET/AFS_BEHAVIOUR_DATASET/normal/20260426_145128.wav,normal,normal
/media/feliciano/Aux/AI_AFS_DATASET/AFS_BEHAVIOUR_DATASET/normal/20260426_145130.wav,normal,normal
/media/feliciano/Aux/AI_AFS_DATASET/AFS_BEHAVIOUR_DATASET/normal/20260426_145132.wav,normal,normal
/media/feliciano/Aux/AI_AFS_DATASET/AFS_BEHAVIOUR_DATASET/normal/20260426_145134.wav,normal,normal
/media/feliciano/Aux/AI_AFS_DATASET/AFS_BEHAVIOUR_DATASET/normal/20260426_145136.wav,normal,normal
/media/feliciano/Aux/AI_AFS_DATASET/AFS_BEHAVIOUR_DATASET/normal/20260426_145138.wav,normal,normal
/media/feliciano/Aux/AI_AFS_DATASET/AFS_BEHAVIOUR_DATASET/normal/20260426_145140.wav,normal,normal
/media/feliciano/Aux/AI_AFS_DATASET/AFS_BEHAVIOUR_DATASET/normal/20260426_145142.wav,normal,normal
/media/feliciano/Aux/AI_AFS_DATASET/AFS_BEHAVIOUR_DATASET/normal/20260426_145144.wav,normal,normal
/media/feliciano/Aux/AI_AFS_DATASET/AFS_BEHAVIOUR_DATASET/normal/20260426_145146.wav,normal,normal
/media/feliciano/Aux/AI_AFS_DATASET/AFS_BEHAVIOUR_DATASET/normal/20260426_145148.wav,normal,normal
/media/feliciano/Aux/AI_AFS_DATASET/AFS_BEHAVIOUR_DATASET/normal/20260426_145150.wav,normal,normal
/media/feliciano/Aux/AI_AFS_DATASET/AFS_BEHAVIOUR_DATASET/normal/20260426_145152.wav,normal,normal
/media/feliciano/Aux/AI_AFS_DATASET/AFS_BEHAVIOUR_DATASET/normal/20260426_145154.wav,normal,normal
/media/feliciano/Aux/AI_AFS_DATASET/AFS_BEHAVIOUR_DATASET/normal/20260426_145156.wav,normal,normal
/media/feliciano/Aux/AI_AFS_DATASET/AFS_BEHAVIOUR_DATASET/normal/20260426_145158.wav,normal,normal
/media/feliciano/Aux/AI_AFS_DATASET/AFS_BEHAVIOUR_DATASET/normal/20260426_145200.wav,normal,normal
/media/feliciano/Aux/AI_AFS_DATASET/AFS_BEHAVIOUR_DATASET/normal/20260426_145202.wav,normal,normal
/media/feliciano/Aux/AI_AFS_DATASET/AFS_BEHAVIOUR_DATASET/normal/20260426_145204.wav,normal,normal
/media/feliciano/Aux/AI_AFS_DATASET/AFS_BEHAVIOUR_DATASET/normal/20260426_145206.wav,normal,normal
/media/feliciano/Aux/AI_AFS_DATASET/AFS_BEHAVIOUR_DATASET/normal/20260426_145208.wav,normal,normal
/media/feliciano/Aux/AI_AFS_DATASET/AFS_BEHAVIOUR_DATASET/normal/20260426_145210.wav,normal,normal
/media/feliciano/Aux/AI_AFS_DATASET/AFS_BEHAVIOUR_DATASET/normal/20260426_145212.wav,normal,normal
/media/feliciano/Aux/AI_AFS_DATASET/AFS_BEHAVIOUR_DATASET/normal/20260426_145214.wav,normal,normal
/media/feliciano/Aux/AI_AFS_DATASET/AFS_BEHAVIOUR_DATASET/normal/20260426_145216.wav,normal,normal
/media/feliciano/Aux/AI_AFS_DATASET/AFS_BEHAVIOUR_DATASET/normal/20260426_145218.wav,normal,normal
/media/feliciano/Aux/AI_AFS_DATASET/AFS_BEHAVIOUR_DATASET/normal/20260426_145220.wav,normal,normal
/media/feliciano/Aux/AI_AFS_DATASET/AFS_BEHAVIOUR_DATASET/normal/20260426_145222.wav,normal,normal
/media/feliciano/Aux/AI_AFS_DATASET/AFS_BEHAVIOUR_DATASET/normal/20260426_145224.wav,normal,normal
/media/feliciano/Aux/AI_AFS_DATASET/AFS_BEHAVIOUR_DATASET/normal/20260426_145226.wav,normal,agitation
/media/feliciano/Aux/AI_AFS_DATASET/AFS_BEHAVIOUR_DATASET/normal/20260426_145228.wav,normal,normal
/media/feliciano/Aux/AI_AFS_DATASET/AFS_BEHAVIOUR_DATASET/normal/20260426_145230.wav,normal,normal
/media/feliciano/Aux/AI_AFS_DATASET/AFS_BEHAVIOUR_DATASET/normal/20260426_145232.wav,normal,normal
/media/feliciano/Aux/AI_AFS_DATASET/AFS_BEHAVIOUR_DATASET/normal/20260426_145234.wav,normal,normal
/media/feliciano/Aux/AI_AFS_DATASET/AFS_BEHAVIOUR_DATASET/normal/20260426_145236.wav,normal,normal
/media/feliciano/Aux/AI_AFS_DATASET/AFS_BEHAVIOUR_DATASET/normal/20260426_145238.wav,normal,normal
/media/feliciano/Aux/AI_AFS_DATASET/AFS_BEHAVIOUR_DATASET/normal/20260426_145240.wav,normal,normal
/media/feliciano/Aux/AI_AFS_DATASET/AFS_BEHAVIOUR_DATASET/normal/20260426_145242.wav,normal,normal
/media/feliciano/Aux/AI_AFS_DATASET/AFS_BEHAVIOUR_DATASET/normal/20260426_145244.wav,normal,normal
/media/feliciano/Aux/AI_AFS_DATASET/AFS_BEHAVIOUR_DATASET/normal/20260426_145246.wav,normal,normal
/media/feliciano/Aux/AI_AFS_DATASET/AFS_BEHAVIOUR_DATASET/normal/20260426_145248.wav,normal,normal
/media/feliciano/Aux/AI_AFS_DATASET/AFS_BEHAVIOUR_DATASET/normal/20260426_145250.wav,normal,normal
/media/feliciano/Aux/AI_AFS_DATASET/AFS_BEHAVIOUR_DATASET/normal/20260426_145252.wav,normal,normal
/media/feliciano/Aux/AI_AFS_DATASET/AFS_BEHAVIOUR_DATASET/normal/20260426_145254.wav,normal,normal
/media/feliciano/Aux/AI_AFS_DATASET/AFS_BEHAVIOUR_DATASET/normal/20260426_145256.wav,normal,normal
/media/feliciano/Aux/AI_AFS_DATASET/AFS_BEHAVIOUR_DATASET/normal/20260426_145258.wav,normal,normal
/media/feliciano/Aux/AI_AFS_DATASET/AFS_BEHAVIOUR_DATASET/normal/20260426_145300.wav,normal,normal
/media/feliciano/Aux/AI_AFS_DATASET/AFS_BEHAVIOUR_DATASET/normal/20260426_145302.wav,normal,normal
/media/feliciano/Aux/AI_AFS_DATASET/AFS_BEHAVIOUR_DATASET/normal/20260426_145304.wav,normal,normal
/media/feliciano/Aux/AI_AFS_DATASET/AFS_BEHAVIOUR_DATASET/normal/20260426_145306.wav,normal,normal
/media/feliciano/Aux/AI_AFS_DATASET/AFS_BEHAVIOUR_DATASET/normal/20260426_145308.wav,normal,normal
/media/feliciano/Aux/AI_AFS_DATASET/AFS_BEHAVIOUR_DATASET/normal/20260426_145310.wav,normal,normal
/media/feliciano/Aux/AI_AFS_DATASET/AFS_BEHAVIOUR_DATASET/normal/20260426_145312.wav,normal,normal
/media/feliciano/Aux/AI_AFS_DATASET/AFS_BEHAVIOUR_DATASET/normal/20260426_145314.wav,normal,normal
/media/feliciano/Aux/AI_AFS_DATASET/AFS_BEHAVIOUR_DATASET/normal/20260426_145316.wav,normal,normal
/media/feliciano/Aux/AI_AFS_DATASET/AFS_BEHAVIOUR_DATASET/normal/20260426_145318.wav,normal,agitation
/media/feliciano/Aux/AI_AFS_DATASET/AFS_BEHAVIOUR_DATASET/normal/20260426_145320.wav,normal,normal
/media/feliciano/Aux/AI_AFS_DATASET/AFS_BEHAVIOUR_DATASET/normal/20260426_145322.wav,normal,normal
/media/feliciano/Aux/AI_AFS_DATASET/AFS_BEHAVIOUR_DATASET/normal/20260426_145324.wav,normal,normal
/media/feliciano/Aux/AI_AFS_DATASET/AFS_BEHAVIOUR_DATASET/normal/20260426_145326.wav,normal,normal
/media/feliciano/Aux/AI_AFS_DATASET/AFS_BEHAVIOUR_DATASET/normal/20260426_145328.wav,normal,normal
/media/feliciano/Aux/AI_AFS_DATASET/AFS_BEHAVIOUR_DATASET/normal/20260426_145330.wav,normal,normal
/media/feliciano/Aux/AI_AFS_DATASET/AFS_BEHAVIOUR_DATASET/normal/20260426_145332.wav,normal,normal
/media/feliciano/Aux/AI_AFS_DATASET/AFS_BEHAVIOUR_DATASET/normal/20260426_145334.wav,normal,normal
/media/feliciano/Aux/AI_AFS_DATASET/AFS_BEHAVIOUR_DATASET/normal/20260426_145336.wav,normal,normal
/media/feliciano/Aux/AI_AFS_DATASET/AFS_BEHAVIOUR_DATASET/normal/20260426_145338.wav,normal,normal
/media/feliciano/Aux/AI_AFS_DATASET/AFS_BEHAVIOUR_DATASET/normal/20260426_145340.wav,normal,normal
/media/feliciano/Aux/AI_AFS_DATASET/AFS_BEHAVIOUR_DATASET/normal/20260426_145342.wav,normal,normal
/media/feliciano/Aux/AI_AFS_DATASET/AFS_BEHAVIOUR_DATASET/normal/20260426_145344.wav,normal,normal
/media/feliciano/Aux/AI_AFS_DATASET/AFS_BEHAVIOUR_DATASET/normal/20260426_145346.wav,normal,normal
/media/feliciano/Aux/AI_AFS_DATASET/AFS_BEHAVIOUR_DATASET/normal/20260426_145348.wav,normal,normal
/media/feliciano/Aux/AI_AFS_DATASET/AFS_BEHAVIOUR_DATASET/normal/20260426_145350.wav,normal,normal
/media/feliciano/Aux/AI_AFS_DATASET/AFS_BEHAVIOUR_DATASET/normal/20260426_145352.wav,normal,normal
/media/feliciano/Aux/AI_AFS_DATASET/AFS_BEHAVIOUR_DATASET/normal/20260426_145354.wav,normal,normal
/media/feliciano/Aux/AI_AFS_DATASET/AFS_BEHAVIOUR_DATASET/normal/20260426_145356.wav,normal,normal
/media/feliciano/Aux/AI_AFS_DATASET/AFS_BEHAVIOUR_DATASET/normal/20260426_145358.wav,normal,normal
/media/feliciano/Aux/AI_AFS_DATASET/AFS_BEHAVIOUR_DATASET/normal/20260426_145400.wav,normal,normal
/media/feliciano/Aux/AI_AFS_DATASET/AFS_BEHAVIOUR_DATASET/normal/20260426_145402.wav,normal,normal
/media/feliciano/Aux/AI_AFS_DATASET/AFS_BEHAVIOUR_DATASET/normal/20260426_145404.wav,normal,normal
/media/feliciano/Aux/AI_AFS_DATASET/AFS_BEHAVIOUR_DATASET/normal/20260426_145406.wav,normal,normal
/media/feliciano/Aux/AI_AFS_DATASET/AFS_BEHAVIOUR_DATASET/normal/20260426_145408.wav,normal,normal
/media/feliciano/Aux/AI_AFS_DATASET/AFS_BEHAVIOUR_DATASET/normal/20260426_145410.wav,normal,normal
/media/feliciano/Aux/AI_AFS_DATASET/AFS_BEHAVIOUR_DATASET/normal/20260426_145412.wav,normal,normal
/media/feliciano/Aux/AI_AFS_DATASET/AFS_BEHAVIOUR_DATASET/normal/20260426_145414.wav,normal,normal
/media/feliciano/Aux/AI_AFS_DATASET/AFS_BEHAVIOUR_DATASET/normal/20260426_145416.wav,normal,normal
/media/feliciano/Aux/AI_AFS_DATASET/AFS_BEHAVIOUR_DATASET/normal/20260426_145418.wav,normal,normal
/media/feliciano/Aux/AI_AFS_DATASET/AFS_BEHAVIOUR_DATASET/normal/20260426_145420.wav,normal,normal
/media/feliciano/Aux/AI_AFS_DATASET/AFS_BEHAVIOUR_DATASET/normal/20260426_145422.wav,normal,normal
/media/feliciano/Aux/AI_AFS_DATASET/AFS_BEHAVIOUR_DATASET/normal/20260426_145424.wav,normal,normal
/media/feliciano/Aux/AI_AFS_DATASET/AFS_BEHAVIOUR_DATASET/normal/20260426_145426.wav,normal,normal
/media/feliciano/Aux/AI_AFS_DATASET/AFS_BEHAVIOUR_DATASET/normal/20260426_145428.wav,normal,normal
/media/feliciano/Aux/AI_AFS_DATASET/AFS_BEHAVIOUR_DATASET/normal/20260426_145430.wav,normal,normal
/media/feliciano/Aux/AI_AFS_DATASET/AFS_BEHAVIOUR_DATASET/normal/20260426_145432.wav,normal,normal
/media/feliciano/Aux/AI_AFS_DATASET/AFS_BEHAVIOUR_DATASET/normal/20260426_145434.wav,normal,normal
/media/feliciano/Aux/AI_AFS_DATASET/AFS_BEHAVIOUR_DATASET/normal/20260426_145436.wav,normal,normal
/media/feliciano/Aux/AI_AFS_DATASET/AFS_BEHAVIOUR_DATASET/normal/20260426_145438.wav,normal,normal
/media/feliciano/Aux/AI_AFS_DATASET/AFS_BEHAVIOUR_DATASET/normal/20260426_145440.wav,normal,normal
/media/feliciano/Aux/AI_AFS_DATASET/AFS_BEHAVIOUR_DATASET/normal/20260426_145442.wav,normal,normal
/media/feliciano/Aux/AI_AFS_DATASET/AFS_BEHAVIOUR_DATASET/normal/20260426_145444.wav,normal,normal
/media/feliciano/Aux/AI_AFS_DATASET/AFS_BEHAVIOUR_DATASET/normal/20260426_145446.wav,normal,normal
/media/feliciano/Aux/AI_AFS_DATASET/AFS_BEHAVIOUR_DATASET/normal/20260426_145448.wav,normal,normal
/media/feliciano/Aux/AI_AFS_DATASET/AFS_BEHAVIOUR_DATASET/normal/20260426_145450.wav,normal,normal
/media/feliciano/Aux/AI_AFS_DATASET/AFS_BEHAVIOUR_DATASET/normal/20260426_145452.wav,normal,normal
/media/feliciano/Aux/AI_AFS_DATASET/AFS_BEHAVIOUR_DATASET/normal/20260426_145454.wav,normal,normal
/media/feliciano/Aux/AI_AFS_DATASET/AFS_BEHAVIOUR_DATASET/normal/20260426_145456.wav,normal,normal
/media/feliciano/Aux/AI_AFS_DATASET/AFS_BEHAVIOUR_DATASET/normal/20260426_145458.wav,normal,normal
/media/feliciano/Aux/AI_AFS_DATASET/AFS_BEHAVIOUR_DATASET/normal/20260426_145500.wav,normal,normal
/media/feliciano/Aux/AI_AFS_DATASET/AFS_BEHAVIOUR_DATASET/normal/20260426_145502.wav,normal,normal
/media/feliciano/Aux/AI_AFS_DATASET/AFS_BEHAVIOUR_DATASET/normal/20260426_145504.wav,normal,normal
/media/feliciano/Aux/AI_AFS_DATASET/AFS_BEHAVIOUR_DATASET/normal/20260426_145506.wav,normal,normal
/media/feliciano/Aux/AI_AFS_DATASET/AFS_BEHAVIOUR_DATASET/normal/20260426_145508.wav,normal,normal
/media/feliciano/Aux/AI_AFS_DATASET/AFS_BEHAVIOUR_DATASET/normal/20260426_145510.wav,normal,normal
/media/feliciano/Aux/AI_AFS_DATASET/AFS_BEHAVIOUR_DATASET/normal/20260426_145512.wav,normal,normal
/media/feliciano/Aux/AI_AFS_DATASET/AFS_BEHAVIOUR_DATASET/normal/20260426_145514.wav,normal,normal
/media/feliciano/Aux/AI_AFS_DATASET/AFS_BEHAVIOUR_DATASET/normal/20260426_145516.wav,normal,normal
/media/feliciano/Aux/AI_AFS_DATASET/AFS_BEHAVIOUR_DATASET/normal/20260426_145518.wav,normal,normal
/media/feliciano/Aux/AI_AFS_DATASET/AFS_BEHAVIOUR_DATASET/normal/20260426_145520.wav,normal,normal
/media/feliciano/Aux/AI_AFS_DATASET/AFS_BEHAVIOUR_DATASET/normal/20260426_145522.wav,normal,normal
/media/feliciano/Aux/AI_AFS_DATASET/AFS_BEHAVIOUR_DATASET/normal/20260426_145524.wav,normal,normal
/media/feliciano/Aux/AI_AFS_DATASET/AFS_BEHAVIOUR_DATASET/normal/20260426_145526.wav,normal,normal
/media/feliciano/Aux/AI_AFS_DATASET/AFS_BEHAVIOUR_DATASET/normal/20260426_145528.wav,normal,normal
/media/feliciano/Aux/AI_AFS_DATASET/AFS_BEHAVIOUR_DATASET/normal/20260426_145530.wav,normal,normal
/media/feliciano/Aux/AI_AFS_DATASET/AFS_BEHAVIOUR_DATASET/normal/20260426_145532.wav,normal,normal
/media/feliciano/Aux/AI_AFS_DATASET/AFS_BEHAVIOUR_DATASET/normal/20260426_145534.wav,normal,normal
/media/feliciano/Aux/AI_AFS_DATASET/AFS_BEHAVIOUR_DATASET/normal/20260426_145536.wav,normal,normal
/media/feliciano/Aux/AI_AFS_DATASET/AFS_BEHAVIOUR_DATASET/normal/20260426_145538.wav,normal,normal
/media/feliciano/Aux/AI_AFS_DATASET/AFS_BEHAVIOUR_DATASET/normal/20260426_145540.wav,normal,normal
/media/feliciano/Aux/AI_AFS_DATASET/AFS_BEHAVIOUR_DATASET/normal/20260426_145542.wav,normal,normal
/media/feliciano/Aux/AI_AFS_DATASET/AFS_BEHAVIOUR_DATASET/normal/20260426_145544.wav,normal,agitation
/media/feliciano/Aux/AI_AFS_DATASET/AFS_BEHAVIOUR_DATASET/normal/20260426_145546.wav,normal,normal
/media/feliciano/Aux/AI_AFS_DATASET/AFS_BEHAVIOUR_DATASET/normal/20260426_145548.wav,normal,normal
/media/feliciano/Aux/AI_AFS_DATASET/AFS_BEHAVIOUR_DATASET/normal/20260426_145550.wav,normal,normal
/media/feliciano/Aux/AI_AFS_DATASET/AFS_BEHAVIOUR_DATASET/normal/20260426_145552.wav,normal,normal
/media/feliciano/Aux/AI_AFS_DATASET/AFS_BEHAVIOUR_DATASET/normal/20260426_145554.wav,normal,normal
/media/feliciano/Aux/AI_AFS_DATASET/AFS_BEHAVIOUR_DATASET/normal/20260426_145556.wav,normal,normal
/media/feliciano/Aux/AI_AFS_DATASET/AFS_BEHAVIOUR_DATASET/normal/20260426_145558.wav,normal,normal
/media/feliciano/Aux/AI_AFS_DATASET/AFS_BEHAVIOUR_DATASET/normal/20260426_145600.wav,normal,normal
/media/feliciano/Aux/AI_AFS_DATASET/AFS_BEHAVIOUR_DATASET/normal/20260426_145602.wav,normal,normal
/media/feliciano/Aux/AI_AFS_DATASET/AFS_BEHAVIOUR_DATASET/normal/20260426_145604.wav,normal,normal
/media/feliciano/Aux/AI_AFS_DATASET/AFS_BEHAVIOUR_DATASET/normal/20260426_145606.wav,normal,normal
/media/feliciano/Aux/AI_AFS_DATASET/AFS_BEHAVIOUR_DATASET/normal/20260426_145608.wav,normal,normal
/media/feliciano/Aux/AI_AFS_DATASET/AFS_BEHAVIOUR_DATASET/normal/20260426_145610.wav,normal,normal
/media/feliciano/Aux/AI_AFS_DATASET/AFS_BEHAVIOUR_DATASET/normal/20260426_145612.wav,normal,normal
/media/feliciano/Aux/AI_AFS_DATASET/AFS_BEHAVIOUR_DATASET/normal/20260426_145614.wav,normal,normal
/media/feliciano/Aux/AI_AFS_DATASET/AFS_BEHAVIOUR_DATASET/normal/20260426_145616.wav,normal,normal
/media/feliciano/Aux/AI_AFS_DATASET/AFS_BEHAVIOUR_DATASET/normal/20260426_145618.wav,normal,normal
/media/feliciano/Aux/AI_AFS_DATASET/AFS_BEHAVIOUR_DATASET/normal/20260426_145620.wav,normal,normal
/media/feliciano/Aux/AI_AFS_DATASET/AFS_BEHAVIOUR_DATASET/normal/20260426_145622.wav,normal,normal
/media/feliciano/Aux/AI_AFS_DATASET/AFS_BEHAVIOUR_DATASET/normal/20260426_145624.wav,normal,normal
/media/feliciano/Aux/AI_AFS_DATASET/AFS_BEHAVIOUR_DATASET/normal/20260426_145626.wav,normal,normal
/media/feliciano/Aux/AI_AFS_DATASET/AFS_BEHAVIOUR_DATASET/normal/20260426_145628.wav,normal,normal
/media/feliciano/Aux/AI_AFS_DATASET/AFS_BEHAVIOUR_DATASET/normal/20260426_145630.wav,normal,normal
/media/feliciano/Aux/AI_AFS_DATASET/AFS_BEHAVIOUR_DATASET/normal/20260426_145632.wav,normal,normal
/media/feliciano/Aux/AI_AFS_DATASET/AFS_BEHAVIOUR_DATASET/normal/20260426_145634.wav,normal,normal
/media/feliciano/Aux/AI_AFS_DATASET/AFS_BEHAVIOUR_DATASET/normal/20260426_145636.wav,normal,normal
/media/feliciano/Aux/AI_AFS_DATASET/AFS_BEHAVIOUR_DATASET/normal/20260426_145638.wav,normal,normal
/media/feliciano/Aux/AI_AFS_DATASET/AFS_BEHAVIOUR_DATASET/normal/20260426_145640.wav,normal,normal
/media/feliciano/Aux/AI_AFS_DATASET/AFS_BEHAVIOUR_DATASET/normal/20260426_145642.wav,normal,normal
/media/feliciano/Aux/AI_AFS_DATASET/AFS_BEHAVIOUR_DATASET/normal/20260426_145644.wav,normal,normal
/media/feliciano/Aux/AI_AFS_DATASET/AFS_BEHAVIOUR_DATASET/normal/20260426_145646.wav,normal,normal
/media/feliciano/Aux/AI_AFS_DATASET/AFS_BEHAVIOUR_DATASET/normal/20260426_145648.wav,normal,normal
/media/feliciano/Aux/AI_AFS_DATASET/AFS_BEHAVIOUR_DATASET/normal/20260426_145650.wav,normal,normal
/media/feliciano/Aux/AI_AFS_DATASET/AFS_BEHAVIOUR_DATASET/normal/20260426_145652.wav,normal,normal
/media/feliciano/Aux/AI_AFS_DATASET/AFS_BEHAVIOUR_DATASET/normal/20260426_145654.wav,normal,normal
/media/feliciano/Aux/AI_AFS_DATASET/AFS_BEHAVIOUR_DATASET/normal/20260426_145656.wav,normal,normal
/media/feliciano/Aux/AI_AFS_DATASET/AFS_BEHAVIOUR_DATASET/normal/20260426_145658.wav,normal,normal
/media/feliciano/Aux/AI_AFS_DATASET/AFS_BEHAVIOUR_DATASET/normal/20260426_145700.wav,normal,agitation
/media/feliciano/Aux/AI_AFS_DATASET/AFS_BEHAVIOUR_DATASET/normal/20260426_145702.wav,normal,normal
/media/feliciano/Aux/AI_AFS_DATASET/AFS_BEHAVIOUR_DATASET/normal/20260426_145704.wav,normal,normal
/media/feliciano/Aux/AI_AFS_DATASET/AFS_BEHAVIOUR_DATASET/normal/20260426_145706.wav,normal,normal
/media/feliciano/Aux/AI_AFS_DATASET/AFS_BEHAVIOUR_DATASET/normal/20260426_145708.wav,normal,normal
/media/feliciano/Aux/AI_AFS_DATASET/AFS_BEHAVIOUR_DATASET/normal/20260426_145710.wav,normal,normal
/media/feliciano/Aux/AI_AFS_DATASET/AFS_BEHAVIOUR_DATASET/normal/20260426_145712.wav,normal,normal
/media/feliciano/Aux/AI_AFS_DATASET/AFS_BEHAVIOUR_DATASET/normal/20260426_145714.wav,normal,normal
/media/feliciano/Aux/AI_AFS_DATASET/AFS_BEHAVIOUR_DATASET/normal/20260426_145716.wav,normal,normal
/media/feliciano/Aux/AI_AFS_DATASET/AFS_BEHAVIOUR_DATASET/normal/20260426_145718.wav,normal,normal
/media/feliciano/Aux/AI_AFS_DATASET/AFS_BEHAVIOUR_DATASET/normal/20260426_145720.wav,normal,normal
/media/feliciano/Aux/AI_AFS_DATASET/AFS_BEHAVIOUR_DATASET/normal/20260426_145722.wav,normal,normal
/media/feliciano/Aux/AI_AFS_DATASET/AFS_BEHAVIOUR_DATASET/normal/20260426_145724.wav,normal,normal
/media/feliciano/Aux/AI_AFS_DATASET/AFS_BEHAVIOUR_DATASET/normal/20260426_145726.wav,normal,normal
/media/feliciano/Aux/AI_AFS_DATASET/AFS_BEHAVIOUR_DATASET/normal/20260426_145728.wav,normal,normal
/media/feliciano/Aux/AI_AFS_DATASET/AFS_BEHAVIOUR_DATASET/normal/20260426_145730.wav,normal,normal
/media/feliciano/Aux/AI_AFS_DATASET/AFS_BEHAVIOUR_DATASET/normal/20260426_145732.wav,normal,normal
/media/feliciano/Aux/AI_AFS_DATASET/AFS_BEHAVIOUR_DATASET/normal/20260426_145734.wav,normal,normal
/media/feliciano/Aux/AI_AFS_DATASET/AFS_BEHAVIOUR_DATASET/normal/20260426_145736.wav,normal,normal
/media/feliciano/Aux/AI_AFS_DATASET/AFS_BEHAVIOUR_DATASET/normal/20260426_145738.wav,normal,normal
/media/feliciano/Aux/AI_AFS_DATASET/AFS_BEHAVIOUR_DATASET/normal/20260426_145740.wav,normal,normal
/media/feliciano/Aux/AI_AFS_DATASET/AFS_BEHAVIOUR_DATASET/normal/20260426_145742.wav,normal,normal
/media/feliciano/Aux/AI_AFS_DATASET/AFS_BEHAVIOUR_DATASET/normal/20260426_145744.wav,normal,normal
/media/feliciano/Aux/AI_AFS_DATASET/AFS_BEHAVIOUR_DATASET/normal/20260426_145746.wav,normal,normal
/media/feliciano/Aux/AI_AFS_DATASET/AFS_BEHAVIOUR_DATASET/normal/20260426_145748.wav,normal,normal
/media/feliciano/Aux/AI_AFS_DATASET/AFS_BEHAVIOUR_DATASET/normal/20260426_145750.wav,normal,normal
/media/feliciano/Aux/AI_AFS_DATASET/AFS_BEHAVIOUR_DATASET/normal/20260426_145752.wav,normal,normal
/media/feliciano/Aux/AI_AFS_DATASET/AFS_BEHAVIOUR_DATASET/normal/20260426_145754.wav,normal,normal
/media/feliciano/Aux/AI_AFS_DATASET/AFS_BEHAVIOUR_DATASET/normal/20260426_145756.wav,normal,normal
/media/feliciano/Aux/AI_AFS_DATASET/AFS_BEHAVIOUR_DATASET/normal/20260426_145758.wav,normal,agitation
/media/feliciano/Aux/AI_AFS_DATASET/AFS_BEHAVIOUR_DATASET/normal/20260426_145800.wav,normal,normal
/media/feliciano/Aux/AI_AFS_DATASET/AFS_BEHAVIOUR_DATASET/normal/20260426_145802.wav,normal,normal
/media/feliciano/Aux/AI_AFS_DATASET/AFS_BEHAVIOUR_DATASET/normal/20260426_145804.wav,normal,normal
/media/feliciano/Aux/AI_AFS_DATASET/AFS_BEHAVIOUR_DATASET/normal/20260426_145806.wav,normal,normal
/media/feliciano/Aux/AI_AFS_DATASET/AFS_BEHAVIOUR_DATASET/normal/20260426_145808.wav,normal,normal
/media/feliciano/Aux/AI_AFS_DATASET/AFS_BEHAVIOUR_DATASET/normal/20260426_145810.wav,normal,normal
/media/feliciano/Aux/AI_AFS_DATASET/AFS_BEHAVIOUR_DATASET/normal/20260426_145812.wav,normal,normal
/media/feliciano/Aux/AI_AFS_DATASET/AFS_BEHAVIOUR_DATASET/normal/20260426_145814.wav,normal,normal
/media/feliciano/Aux/AI_AFS_DATASET/AFS_BEHAVIOUR_DATASET/normal/20260426_145816.wav,normal,normal
/media/feliciano/Aux/AI_AFS_DATASET/AFS_BEHAVIOUR_DATASET/normal/20260426_145818.wav,normal,normal
/media/feliciano/Aux/AI_AFS_DATASET/AFS_BEHAVIOUR_DATASET/normal/20260426_145820.wav,normal,normal
/media/feliciano/Aux/AI_AFS_DATASET/AFS_BEHAVIOUR_DATASET/normal/20260426_145822.wav,normal,normal
/media/feliciano/Aux/AI_AFS_DATASET/AFS_BEHAVIOUR_DATASET/normal/20260426_145824.wav,normal,normal
/media/feliciano/Aux/AI_AFS_DATASET/AFS_BEHAVIOUR_DATASET/normal/20260426_145826.wav,normal,normal
/media/feliciano/Aux/AI_AFS_DATASET/AFS_BEHAVIOUR_DATASET/normal/20260426_145828.wav,normal,normal
/media/feliciano/Aux/AI_AFS_DATASET/AFS_BEHAVIOUR_DATASET/normal/20260426_145830.wav,normal,normal
/media/feliciano/Aux/AI_AFS_DATASET/AFS_BEHAVIOUR_DATASET/normal/20260426_145832.wav,normal,normal
/media/feliciano/Aux/AI_AFS_DATASET/AFS_BEHAVIOUR_DATASET/normal/20260426_145834.wav,normal,normal
/media/feliciano/Aux/AI_AFS_DATASET/AFS_BEHAVIOUR_DATASET/normal/20260426_145836.wav,normal,normal
/media/feliciano/Aux/AI_AFS_DATASET/AFS_BEHAVIOUR_DATASET/normal/20260426_145838.wav,normal,normal
/media/feliciano/Aux/AI_AFS_DATASET/AFS_BEHAVIOUR_DATASET/normal/20260426_145840.wav,normal,normal
/media/feliciano/Aux/AI_AFS_DATASET/AFS_BEHAVIOUR_DATASET/normal/20260426_145842.wav,normal,normal
/media/feliciano/Aux/AI_AFS_DATASET/AFS_BEHAVIOUR_DATASET/normal/20260426_145844.wav,normal,normal
/media/feliciano/Aux/AI_AFS_DATASET/AFS_BEHAVIOUR_DATASET/normal/20260426_145846.wav,normal,normal
/media/feliciano/Aux/AI_AFS_DATASET/AFS_BEHAVIOUR_DATASET/normal/20260426_145848.wav,normal,normal
/media/feliciano/Aux/AI_AFS_DATASET/AFS_BEHAVIOUR_DATASET/normal/20260426_145850.wav,normal,normal
/media/feliciano/Aux/AI_AFS_DATASET/AFS_BEHAVIOUR_DATASET/normal/20260426_145852.wav,normal,normal
/media/feliciano/Aux/AI_AFS_DATASET/AFS_BEHAVIOUR_DATASET/normal/20260426_145854.wav,normal,normal
/media/feliciano/Aux/AI_AFS_DATASET/AFS_BEHAVIOUR_DATASET/normal/20260426_145856.wav,normal,normal
/media/feliciano/Aux/AI_AFS_DATASET/AFS_BEHAVIOUR_DATASET/normal/20260426_145858.wav,normal,normal
/media/feliciano/Aux/AI_AFS_DATASET/AFS_BEHAVIOUR_DATASET/normal/20260426_145900.wav,normal,normal
/media/feliciano/Aux/AI_AFS_DATASET/AFS_BEHAVIOUR_DATASET/normal/20260426_145902.wav,normal,normal
/media/feliciano/Aux/AI_AFS_DATASET/AFS_BEHAVIOUR_DATASET/normal/20260426_145904.wav,normal,normal
/media/feliciano/Aux/AI_AFS_DATASET/AFS_BEHAVIOUR_DATASET/normal/20260426_145906.wav,normal,normal
/media/feliciano/Aux/AI_AFS_DATASET/AFS_BEHAVIOUR_DATASET/normal/20260426_145908.wav,normal,normal
/media/feliciano/Aux/AI_AFS_DATASET/AFS_BEHAVIOUR_DATASET/normal/20260426_145910.wav,normal,normal
/media/feliciano/Aux/AI_AFS_DATASET/AFS_BEHAVIOUR_DATASET/normal/20260426_145912.wav,normal,normal
/media/feliciano/Aux/AI_AFS_DATASET/AFS_BEHAVIOUR_DATASET/normal/20260426_145914.wav,normal,normal
/media/feliciano/Aux/AI_AFS_DATASET/AFS_BEHAVIOUR_DATASET/normal/20260426_145916.wav,normal,normal
/media/feliciano/Aux/AI_AFS_DATASET/AFS_BEHAVIOUR_DATASET/normal/20260426_145918.wav,normal,normal
/media/feliciano/Aux/AI_AFS_DATASET/AFS_BEHAVIOUR_DATASET/normal/20260426_145920.wav,normal,normal
/media/feliciano/Aux/AI_AFS_DATASET/AFS_BEHAVIOUR_DATASET/normal/20260426_145922.wav,normal,normal
/media/feliciano/Aux/AI_AFS_DATASET/AFS_BEHAVIOUR_DATASET/normal/20260426_145924.wav,normal,normal
/media/feliciano/Aux/AI_AFS_DATASET/AFS_BEHAVIOUR_DATASET/normal/20260426_145926.wav,normal,normal
/media/feliciano/Aux/AI_AFS_DATASET/AFS_BEHAVIOUR_DATASET/normal/20260426_145928.wav,normal,normal
/media/feliciano/Aux/AI_AFS_DATASET/AFS_BEHAVIOUR_DATASET/normal/20260426_145930.wav,normal,normal
/media/feliciano/Aux/AI_AFS_DATASET/AFS_BEHAVIOUR_DATASET/normal/20260426_145932.wav,normal,normal
/media/feliciano/Aux/AI_AFS_DATASET/AFS_BEHAVIOUR_DATASET/normal/20260426_145934.wav,normal,normal
/media/feliciano/Aux/AI_AFS_DATASET/AFS_BEHAVIOUR_DATASET/normal/20260426_145936.wav,normal,normal
/media/feliciano/Aux/AI_AFS_DATASET/AFS_BEHAVIOUR_DATASET/normal/20260426_145938.wav,normal,normal
/media/feliciano/Aux/AI_AFS_DATASET/AFS_BEHAVIOUR_DATASET/normal/20260426_145940.wav,normal,normal
/media/feliciano/Aux/AI_AFS_DATASET/AFS_BEHAVIOUR_DATASET/normal/20260426_145942.wav,normal,normal
/media/feliciano/Aux/AI_AFS_DATASET/AFS_BEHAVIOUR_DATASET/normal/20260426_145944.wav,normal,normal
/media/feliciano/Aux/AI_AFS_DATASET/AFS_BEHAVIOUR_DATASET/normal/20260426_145946.wav,normal,normal
/media/feliciano/Aux/AI_AFS_DATASET/AFS_BEHAVIOUR_DATASET/normal/20260426_145948.wav,normal,normal
/media/feliciano/Aux/AI_AFS_DATASET/AFS_BEHAVIOUR_DATASET/normal/20260426_145950.wav,normal,normal
/media/feliciano/Aux/AI_AFS_DATASET/AFS_BEHAVIOUR_DATASET/normal/20260426_145952.wav,normal,normal
/media/feliciano/Aux/AI_AFS_DATASET/AFS_BEHAVIOUR_DATASET/normal/20260426_145954.wav,normal,normal
/media/feliciano/Aux/AI_AFS_DATASET/AFS_BEHAVIOUR_DATASET/normal/20260426_145956.wav,normal,normal
/media/feliciano/Aux/AI_AFS_DATASET/AFS_BEHAVIOUR_DATASET/normal/20260426_145958.wav,normal,normal
/media/feliciano/Aux/AI_AFS_DATASET/AFS_BEHAVIOUR_DATASET/normal/20260501_093000.wav,normal,normal
/media/feliciano/Aux/AI_AFS_DATASET/AFS_BEHAVIOUR_DATASET/normal/20260501_093002.wav,normal,normal
/media/feliciano/Aux/AI_AFS_DATASET/AFS_BEHAVIOUR_DATASET/normal/20260501_093004.wav,normal,normal
/media/feliciano/Aux/AI_AFS_DATASET/AFS_BEHAVIOUR_DATASET/normal/20260501_093006.wav,normal,normal
/media/feliciano/Aux/AI_AFS_DATASET/AFS_BEHAVIOUR_DATASET/normal/20260501_093008.wav,normal,normal
/media/feliciano/Aux/AI_AFS_DATASET/AFS_BEHAVIOUR_DATASET/normal/20260501_093010.wav,normal,normal
/media/feliciano/Aux/AI_AFS_DATASET/AFS_BEHAVIOUR_DATASET/normal/20260501_093012.wav,normal,normal
/media/feliciano/Aux/AI_AFS_DATASET/AFS_BEHAVIOUR_DATASET/normal/20260501_093014.wav,normal,normal
/media/feliciano/Aux/AI_AFS_DATASET/AFS_BEHAVIOUR_DATASET/normal/20260501_093016.wav,normal,normal
/media/feliciano/Aux/AI_AFS_DATASET/AFS_BEHAVIOUR_DATASET/normal/20260501_093018.wav,normal,normal
/media/feliciano/Aux/AI_AFS_DATASET/AFS_BEHAVIOUR_DATASET/normal/20260501_093020.wav,normal,normal
/media/feliciano/Aux/AI_AFS_DATASET/AFS_BEHAVIOUR_DATASET/normal/20260501_093022.wav,normal,normal
/media/feliciano/Aux/AI_AFS_DATASET/AFS_BEHAVIOUR_DATASET/normal/20260501_093024.wav,normal,normal
/media/feliciano/Aux/AI_AFS_DATASET/AFS_BEHAVIOUR_DATASET/normal/20260501_093026.wav,normal,normal
/media/feliciano/Aux/AI_AFS_DATASET/AFS_BEHAVIOUR_DATASET/normal/20260501_093028.wav,normal,normal
/media/feliciano/Aux/AI_AFS_DATASET/AFS_BEHAVIOUR_DATASET/normal/20260501_093030.wav,normal,normal
/media/feliciano/Aux/AI_AFS_DATASET/AFS_BEHAVIOUR_DATASET/normal/20260501_093032.wav,normal,normal
/media/feliciano/Aux/AI_AFS_DATASET/AFS_BEHAVIOUR_DATASET/normal/20260501_093034.wav,normal,normal
/media/feliciano/Aux/AI_AFS_DATASET/AFS_BEHAVIOUR_DATASET/normal/20260501_093036.wav,normal,normal
/media/feliciano/Aux/AI_AFS_DATASET/AFS_BEHAVIOUR_DATASET/normal/20260501_093038.wav,normal,normal
/media/feliciano/Aux/AI_AFS_DATASET/AFS_BEHAVIOUR_DATASET/normal/20260501_093040.wav,normal,normal
/media/feliciano/Aux/AI_AFS_DATASET/AFS_BEHAVIOUR_DATASET/normal/20260501_093042.wav,normal,normal
/media/feliciano/Aux/AI_AFS_DATASET/AFS_BEHAVIOUR_DATASET/normal/20260501_093044.wav,normal,normal
/media/feliciano/Aux/AI_AFS_DATASET/AFS_BEHAVIOUR_DATASET/normal/20260501_093046.wav,normal,normal
/media/feliciano/Aux/AI_AFS_DATASET/AFS_BEHAVIOUR_DATASET/normal/20260501_093048.wav,normal,normal
/media/feliciano/Aux/AI_AFS_DATASET/AFS_BEHAVIOUR_DATASET/normal/20260501_093050.wav,normal,normal
/media/feliciano/Aux/AI_AFS_DATASET/AFS_BEHAVIOUR_DATASET/normal/20260501_093052.wav,normal,normal
/media/feliciano/Aux/AI_AFS_DATASET/AFS_BEHAVIOUR_DATASET/normal/20260501_093054.wav,normal,normal
/media/feliciano/Aux/AI_AFS_DATASET/AFS_BEHAVIOUR_DATASET/normal/20260501_093056.wav,normal,normal
/media/feliciano/Aux/AI_AFS_DATASET/AFS_BEHAVIOUR_DATASET/normal/20260501_093058.wav,normal,normal
/media/feliciano/Aux/AI_AFS_DATASET/AFS_BEHAVIOUR_DATASET/normal/20260501_093100.wav,normal,normal
/media/feliciano/Aux/AI_AFS_DATASET/AFS_BEHAVIOUR_DATASET/normal/20260501_093102.wav,normal,normal
/media/feliciano/Aux/AI_AFS_DATASET/AFS_BEHAVIOUR_DATASET/normal/20260501_093104.wav,normal,normal
/media/feliciano/Aux/AI_AFS_DATASET/AFS_BEHAVIOUR_DATASET/normal/20260501_093106.wav,normal,normal
/media/feliciano/Aux/AI_AFS_DATASET/AFS_BEHAVIOUR_DATASET/normal/20260501_093108.wav,normal,normal
/media/feliciano/Aux/AI_AFS_DATASET/AFS_BEHAVIOUR_DATASET/normal/20260501_093110.wav,normal,normal
/media/feliciano/Aux/AI_AFS_DATASET/AFS_BEHAVIOUR_DATASET/normal/20260501_093112.wav,normal,normal
/media/feliciano/Aux/AI_AFS_DATASET/AFS_BEHAVIOUR_DATASET/normal/20260501_093114.wav,normal,normal
/media/feliciano/Aux/AI_AFS_DATASET/AFS_BEHAVIOUR_DATASET/normal/20260501_093116.wav,normal,normal
/media/feliciano/Aux/AI_AFS_DATASET/AFS_BEHAVIOUR_DATASET/normal/20260501_093118.wav,normal,normal
/media/feliciano/Aux/AI_AFS_DATASET/AFS_BEHAVIOUR_DATASET/normal/20260501_093120.wav,normal,normal
/media/feliciano/Aux/AI_AFS_DATASET/AFS_BEHAVIOUR_DATASET/normal/20260501_093122.wav,normal,normal
/media/feliciano/Aux/AI_AFS_DATASET/AFS_BEHAVIOUR_DATASET/normal/20260501_093124.wav,normal,normal
/media/feliciano/Aux/AI_AFS_DATASET/AFS_BEHAVIOUR_DATASET/normal/20260501_093126.wav,normal,normal
/media/feliciano/Aux/AI_AFS_DATASET/AFS_BEHAVIOUR_DATASET/normal/20260501_093128.wav,normal,normal
/media/feliciano/Aux/AI_AFS_DATASET/AFS_BEHAVIOUR_DATASET/normal/20260501_093130.wav,normal,normal
/media/feliciano/Aux/AI_AFS_DATASET/AFS_BEHAVIOUR_DATASET/normal/20260501_093132.wav,normal,normal
/media/feliciano/Aux/AI_AFS_DATASET/AFS_BEHAVIOUR_DATASET/normal/20260501_093134.wav,normal,normal
/media/feliciano/Aux/AI_AFS_DATASET/AFS_BEHAVIOUR_DATASET/normal/20260501_093136.wav,normal,normal
/media/feliciano/Aux/AI_AFS_DATASET/AFS_BEHAVIOUR_DATASET/normal/20260501_093138.wav,normal,normal
/media/feliciano/Aux/AI_AFS_DATASET/AFS_BEHAVIOUR_DATASET/normal/20260501_093140.wav,normal,normal
/media/feliciano/Aux/AI_AFS_DATASET/AFS_BEHAVIOUR_DATASET/normal/20260501_093142.wav,normal,normal
/media/feliciano/Aux/AI_AFS_DATASET/AFS_BEHAVIOUR_DATASET/normal/20260501_093144.wav,normal,normal
/media/feliciano/Aux/AI_AFS_DATASET/AFS_BEHAVIOUR_DATASET/normal/20260501_093146.wav,normal,normal
/media/feliciano/Aux/AI_AFS_DATASET/AFS_BEHAVIOUR_DATASET/normal/20260501_093148.wav,normal,normal
/media/feliciano/Aux/AI_AFS_DATASET/AFS_BEHAVIOUR_DATASET/normal/20260501_093150.wav,normal,normal
/media/feliciano/Aux/AI_AFS_DATASET/AFS_BEHAVIOUR_DATASET/normal/20260501_093152.wav,normal,normal
/media/feliciano/Aux/AI_AFS_DATASET/AFS_BEHAVIOUR_DATASET/normal/20260501_093154.wav,normal,normal
/media/feliciano/Aux/AI_AFS_DATASET/AFS_BEHAVIOUR_DATASET/normal/20260501_093156.wav,normal,normal
/media/feliciano/Aux/AI_AFS_DATASET/AFS_BEHAVIOUR_DATASET/normal/20260501_093158.wav,normal,normal
/media/feliciano/Aux/AI_AFS_DATASET/AFS_BEHAVIOUR_DATASET/normal/20260501_093200.wav,normal,normal
/media/feliciano/Aux/AI_AFS_DATASET/AFS_BEHAVIOUR_DATASET/normal/20260501_093202.wav,normal,normal
/media/feliciano/Aux/AI_AFS_DATASET/AFS_BEHAVIOUR_DATASET/normal/20260501_093204.wav,normal,normal
/media/feliciano/Aux/AI_AFS_DATASET/AFS_BEHAVIOUR_DATASET/normal/20260501_093206.wav,normal,normal
/media/feliciano/Aux/AI_AFS_DATASET/AFS_BEHAVIOUR_DATASET/normal/20260501_093208.wav,normal,normal
/media/feliciano/Aux/AI_AFS_DATASET/AFS_BEHAVIOUR_DATASET/normal/20260501_093210.wav,normal,normal
/media/feliciano/Aux/AI_AFS_DATASET/AFS_BEHAVIOUR_DATASET/normal/20260501_093212.wav,normal,normal
/media/feliciano/Aux/AI_AFS_DATASET/AFS_BEHAVIOUR_DATASET/normal/20260501_093214.wav,normal,normal
/media/feliciano/Aux/AI_AFS_DATASET/AFS_BEHAVIOUR_DATASET/normal/20260501_093216.wav,normal,normal
/media/feliciano/Aux/AI_AFS_DATASET/AFS_BEHAVIOUR_DATASET/normal/20260501_093218.wav,normal,normal
/media/feliciano/Aux/AI_AFS_DATASET/AFS_BEHAVIOUR_DATASET/normal/20260501_093220.wav,normal,normal
/media/feliciano/Aux/AI_AFS_DATASET/AFS_BEHAVIOUR_DATASET/normal/20260501_093222.wav,normal,normal
/media/feliciano/Aux/AI_AFS_DATASET/AFS_BEHAVIOUR_DATASET/normal/20260501_093224.wav,normal,normal
/media/feliciano/Aux/AI_AFS_DATASET/AFS_BEHAVIOUR_DATASET/normal/20260501_093226.wav,normal,normal
/media/feliciano/Aux/AI_AFS_DATASET/AFS_BEHAVIOUR_DATASET/normal/20260501_093228.wav,normal,normal
/media/feliciano/Aux/AI_AFS_DATASET/AFS_BEHAVIOUR_DATASET/normal/20260501_093230.wav,normal,normal
/media/feliciano/Aux/AI_AFS_DATASET/AFS_BEHAVIOUR_DATASET/normal/20260501_093232.wav,normal,normal
/media/feliciano/Aux/AI_AFS_DATASET/AFS_BEHAVIOUR_DATASET/normal/20260501_093234.wav,normal,normal
/media/feliciano/Aux/AI_AFS_DATASET/AFS_BEHAVIOUR_DATASET/normal/20260501_093236.wav,normal,normal
/media/feliciano/Aux/AI_AFS_DATASET/AFS_BEHAVIOUR_DATASET/normal/20260501_093238.wav,normal,normal
/media/feliciano/Aux/AI_AFS_DATASET/AFS_BEHAVIOUR_DATASET/normal/20260501_093240.wav,normal,normal
/media/feliciano/Aux/AI_AFS_DATASET/AFS_BEHAVIOUR_DATASET/normal/20260501_093242.wav,normal,normal
/media/feliciano/Aux/AI_AFS_DATASET/AFS_BEHAVIOUR_DATASET/normal/20260501_093244.wav,normal,normal
/media/feliciano/Aux/AI_AFS_DATASET/AFS_BEHAVIOUR_DATASET/normal/20260501_093246.wav,normal,normal
/media/feliciano/Aux/AI_AFS_DATASET/AFS_BEHAVIOUR_DATASET/normal/20260501_093248.wav,normal,normal
/media/feliciano/Aux/AI_AFS_DATASET/AFS_BEHAVIOUR_DATASET/normal/20260501_093250.wav,normal,normal
/media/feliciano/Aux/AI_AFS_DATASET/AFS_BEHAVIOUR_DATASET/normal/20260501_093252.wav,normal,normal
/media/feliciano/Aux/AI_AFS_DATASET/AFS_BEHAVIOUR_DATASET/normal/20260501_093254.wav,normal,normal
/media/feliciano/Aux/AI_AFS_DATASET/AFS_BEHAVIOUR_DATASET/normal/20260501_093256.wav,normal,normal
/media/feliciano/Aux/AI_AFS_DATASET/AFS_BEHAVIOUR_DATASET/normal/20260501_093258.wav,normal,normal
/media/feliciano/Aux/AI_AFS_DATASET/AFS_BEHAVIOUR_DATASET/normal/20260501_093300.wav,normal,normal
/media/feliciano/Aux/AI_AFS_DATASET/AFS_BEHAVIOUR_DATASET/normal/20260501_093302.wav,normal,normal
/media/feliciano/Aux/AI_AFS_DATASET/AFS_BEHAVIOUR_DATASET/normal/20260501_093304.wav,normal,normal
/media/feliciano/Aux/AI_AFS_DATASET/AFS_BEHAVIOUR_DATASET/normal/20260501_093306.wav,normal,normal
/media/feliciano/Aux/AI_AFS_DATASET/AFS_BEHAVIOUR_DATASET/normal/20260501_093308.wav,normal,normal
/media/feliciano/Aux/AI_AFS_DATASET/AFS_BEHAVIOUR_DATASET/normal/20260501_093310.wav,normal,normal
/media/feliciano/Aux/AI_AFS_DATASET/AFS_BEHAVIOUR_DATASET/normal/20260501_093312.wav,normal,normal
/media/feliciano/Aux/AI_AFS_DATASET/AFS_BEHAVIOUR_DATASET/normal/20260501_093314.wav,normal,normal
/media/feliciano/Aux/AI_AFS_DATASET/AFS_BEHAVIOUR_DATASET/normal/20260501_093316.wav,normal,normal
/media/feliciano/Aux/AI_AFS_DATASET/AFS_BEHAVIOUR_DATASET/normal/20260501_093318.wav,normal,normal
/media/feliciano/Aux/AI_AFS_DATASET/AFS_BEHAVIOUR_DATASET/normal/20260501_093320.wav,normal,normal
/media/feliciano/Aux/AI_AFS_DATASET/AFS_BEHAVIOUR_DATASET/normal/20260501_093322.wav,normal,normal
/media/feliciano/Aux/AI_AFS_DATASET/AFS_BEHAVIOUR_DATASET/normal/20260501_093324.wav,normal,normal
/media/feliciano/Aux/AI_AFS_DATASET/AFS_BEHAVIOUR_DATASET/normal/20260501_093326.wav,normal,normal
/media/feliciano/Aux/AI_AFS_DATASET/AFS_BEHAVIOUR_DATASET/normal/20260501_093328.wav,normal,normal
/media/feliciano/Aux/AI_AFS_DATASET/AFS_BEHAVIOUR_DATASET/normal/20260501_093330.wav,normal,normal
/media/feliciano/Aux/AI_AFS_DATASET/AFS_BEHAVIOUR_DATASET/normal/20260501_093332.wav,normal,normal
/media/feliciano/Aux/AI_AFS_DATASET/AFS_BEHAVIOUR_DATASET/normal/20260501_093334.wav,normal,normal
/media/feliciano/Aux/AI_AFS_DATASET/AFS_BEHAVIOUR_DATASET/normal/20260501_093336.wav,normal,normal
/media/feliciano/Aux/AI_AFS_DATASET/AFS_BEHAVIOUR_DATASET/normal/20260501_093338.wav,normal,normal
/media/feliciano/Aux/AI_AFS_DATASET/AFS_BEHAVIOUR_DATASET/normal/20260501_093340.wav,normal,normal
/media/feliciano/Aux/AI_AFS_DATASET/AFS_BEHAVIOUR_DATASET/normal/20260501_093342.wav,normal,normal
/media/feliciano/Aux/AI_AFS_DATASET/AFS_BEHAVIOUR_DATASET/normal/20260501_093344.wav,normal,normal
/media/feliciano/Aux/AI_AFS_DATASET/AFS_BEHAVIOUR_DATASET/normal/20260501_093346.wav,normal,normal
/media/feliciano/Aux/AI_AFS_DATASET/AFS_BEHAVIOUR_DATASET/normal/20260501_093348.wav,normal,normal
/media/feliciano/Aux/AI_AFS_DATASET/AFS_BEHAVIOUR_DATASET/normal/20260501_093350.wav,normal,normal
/media/feliciano/Aux/AI_AFS_DATASET/AFS_BEHAVIOUR_DATASET/normal/20260501_093352.wav,normal,normal
/media/feliciano/Aux/AI_AFS_DATASET/AFS_BEHAVIOUR_DATASET/normal/20260501_093354.wav,normal,normal
/media/feliciano/Aux/AI_AFS_DATASET/AFS_BEHAVIOUR_DATASET/normal/20260501_093356.wav,normal,normal
/media/feliciano/Aux/AI_AFS_DATASET/AFS_BEHAVIOUR_DATASET/normal/20260501_093358.wav,normal,normal
/media/feliciano/Aux/AI_AFS_DATASET/AFS_BEHAVIOUR_DATASET/normal/20260501_093400.wav,normal,normal
/media/feliciano/Aux/AI_AFS_DATASET/AFS_BEHAVIOUR_DATASET/normal/20260501_093402.wav,normal,normal
/media/feliciano/Aux/AI_AFS_DATASET/AFS_BEHAVIOUR_DATASET/normal/20260501_093404.wav,normal,normal
/media/feliciano/Aux/AI_AFS_DATASET/AFS_BEHAVIOUR_DATASET/normal/20260501_093406.wav,normal,normal
/media/feliciano/Aux/AI_AFS_DATASET/AFS_BEHAVIOUR_DATASET/normal/20260501_093408.wav,normal,normal
/media/feliciano/Aux/AI_AFS_DATASET/AFS_BEHAVIOUR_DATASET/normal/20260501_093410.wav,normal,normal
/media/feliciano/Aux/AI_AFS_DATASET/AFS_BEHAVIOUR_DATASET/normal/20260501_093412.wav,normal,normal
/media/feliciano/Aux/AI_AFS_DATASET/AFS_BEHAVIOUR_DATASET/normal/20260501_093414.wav,normal,normal
/media/feliciano/Aux/AI_AFS_DATASET/AFS_BEHAVIOUR_DATASET/normal/20260501_093416.wav,normal,normal
/media/feliciano/Aux/AI_AFS_DATASET/AFS_BEHAVIOUR_DATASET/normal/20260501_093418.wav,normal,normal
/media/feliciano/Aux/AI_AFS_DATASET/AFS_BEHAVIOUR_DATASET/normal/20260501_093420.wav,normal,normal
/media/feliciano/Aux/AI_AFS_DATASET/AFS_BEHAVIOUR_DATASET/normal/20260501_093422.wav,normal,normal
/media/feliciano/Aux/AI_AFS_DATASET/AFS_BEHAVIOUR_DATASET/normal/20260501_093424.wav,normal,normal
/media/feliciano/Aux/AI_AFS_DATASET/AFS_BEHAVIOUR_DATASET/normal/20260501_093426.wav,normal,normal
/media/feliciano/Aux/AI_AFS_DATASET/AFS_BEHAVIOUR_DATASET/normal/20260501_093428.wav,normal,normal
/media/feliciano/Aux/AI_AFS_DATASET/AFS_BEHAVIOUR_DATASET/normal/20260501_093430.wav,normal,normal
/media/feliciano/Aux/AI_AFS_DATASET/AFS_BEHAVIOUR_DATASET/normal/20260501_093432.wav,normal,normal
/media/feliciano/Aux/AI_AFS_DATASET/AFS_BEHAVIOUR_DATASET/normal/20260501_093434.wav,normal,normal
/media/feliciano/Aux/AI_AFS_DATASET/AFS_BEHAVIOUR_DATASET/normal/20260501_093436.wav,normal,normal
/media/feliciano/Aux/AI_AFS_DATASET/AFS_BEHAVIOUR_DATASET/normal/20260501_093438.wav,normal,normal
/media/feliciano/Aux/AI_AFS_DATASET/AFS_BEHAVIOUR_DATASET/normal/20260501_093440.wav,normal,normal
/media/feliciano/Aux/AI_AFS_DATASET/AFS_BEHAVIOUR_DATASET/normal/20260501_093442.wav,normal,normal
/media/feliciano/Aux/AI_AFS_DATASET/AFS_BEHAVIOUR_DATASET/normal/20260501_093444.wav,normal,normal
/media/feliciano/Aux/AI_AFS_DATASET/AFS_BEHAVIOUR_DATASET/normal/20260501_093446.wav,normal,normal
/media/feliciano/Aux/AI_AFS_DATASET/AFS_BEHAVIOUR_DATASET/normal/20260501_093448.wav,normal,normal
/media/feliciano/Aux/AI_AFS_DATASET/AFS_BEHAVIOUR_DATASET/normal/20260501_093450.wav,normal,normal
/media/feliciano/Aux/AI_AFS_DATASET/AFS_BEHAVIOUR_DATASET/normal/20260501_093452.wav,normal,normal
/media/feliciano/Aux/AI_AFS_DATASET/AFS_BEHAVIOUR_DATASET/normal/20260501_093454.wav,normal,normal
/media/feliciano/Aux/AI_AFS_DATASET/AFS_BEHAVIOUR_DATASET/normal/20260501_093456.wav,normal,normal
/media/feliciano/Aux/AI_AFS_DATASET/AFS_BEHAVIOUR_DATASET/normal/20260501_093458.wav,normal,normal
/media/feliciano/Aux/AI_AFS_DATASET/AFS_BEHAVIOUR_DATASET/normal/20260501_093500.wav,normal,normal
/media/feliciano/Aux/AI_AFS_DATASET/AFS_BEHAVIOUR_DATASET/normal/20260501_093502.wav,normal,normal
/media/feliciano/Aux/AI_AFS_DATASET/AFS_BEHAVIOUR_DATASET/normal/20260501_093504.wav,normal,normal
/media/feliciano/Aux/AI_AFS_DATASET/AFS_BEHAVIOUR_DATASET/normal/20260501_093506.wav,normal,normal
/media/feliciano/Aux/AI_AFS_DATASET/AFS_BEHAVIOUR_DATASET/normal/20260501_093508.wav,normal,normal
/media/feliciano/Aux/AI_AFS_DATASET/AFS_BEHAVIOUR_DATASET/normal/20260501_093510.wav,normal,normal
/media/feliciano/Aux/AI_AFS_DATASET/AFS_BEHAVIOUR_DATASET/normal/20260501_093512.wav,normal,normal
/media/feliciano/Aux/AI_AFS_DATASET/AFS_BEHAVIOUR_DATASET/normal/20260501_093514.wav,normal,normal
/media/feliciano/Aux/AI_AFS_DATASET/AFS_BEHAVIOUR_DATASET/normal/20260501_093516.wav,normal,normal
/media/feliciano/Aux/AI_AFS_DATASET/AFS_BEHAVIOUR_DATASET/normal/20260501_093518.wav,normal,normal
/media/feliciano/Aux/AI_AFS_DATASET/AFS_BEHAVIOUR_DATASET/normal/20260501_093520.wav,normal,normal
/media/feliciano/Aux/AI_AFS_DATASET/AFS_BEHAVIOUR_DATASET/normal/20260501_093522.wav,normal,normal
/media/feliciano/Aux/AI_AFS_DATASET/AFS_BEHAVIOUR_DATASET/normal/20260501_093524.wav,normal,normal
/media/feliciano/Aux/AI_AFS_DATASET/AFS_BEHAVIOUR_DATASET/normal/20260501_093526.wav,normal,normal
/media/feliciano/Aux/AI_AFS_DATASET/AFS_BEHAVIOUR_DATASET/normal/20260501_093528.wav,normal,normal
/media/feliciano/Aux/AI_AFS_DATASET/AFS_BEHAVIOUR_DATASET/normal/20260501_093530.wav,normal,normal
/media/feliciano/Aux/AI_AFS_DATASET/AFS_BEHAVIOUR_DATASET/normal/20260501_093532.wav,normal,normal
/media/feliciano/Aux/AI_AFS_DATASET/AFS_BEHAVIOUR_DATASET/normal/20260501_093534.wav,normal,normal
/media/feliciano/Aux/AI_AFS_DATASET/AFS_BEHAVIOUR_DATASET/normal/20260501_093536.wav,normal,normal
/media/feliciano/Aux/AI_AFS_DATASET/AFS_BEHAVIOUR_DATASET/normal/20260501_093538.wav,normal,normal
/media/feliciano/Aux/AI_AFS_DATASET/AFS_BEHAVIOUR_DATASET/normal/20260501_093540.wav,normal,normal
/media/feliciano/Aux/AI_AFS_DATASET/AFS_BEHAVIOUR_DATASET/normal/20260501_093542.wav,normal,normal
/media/feliciano/Aux/AI_AFS_DATASET/AFS_BEHAVIOUR_DATASET/normal/20260501_093544.wav,normal,normal
/media/feliciano/Aux/AI_AFS_DATASET/AFS_BEHAVIOUR_DATASET/normal/20260501_093546.wav,normal,normal
/media/feliciano/Aux/AI_AFS_DATASET/AFS_BEHAVIOUR_DATASET/normal/20260501_093548.wav,normal,normal
/media/feliciano/Aux/AI_AFS_DATASET/AFS_BEHAVIOUR_DATASET/normal/20260501_093550.wav,normal,normal
/media/feliciano/Aux/AI_AFS_DATASET/AFS_BEHAVIOUR_DATASET/normal/20260501_093552.wav,normal,normal
/media/feliciano/Aux/AI_AFS_DATASET/AFS_BEHAVIOUR_DATASET/normal/20260501_093554.wav,normal,normal
/media/feliciano/Aux/AI_AFS_DATASET/AFS_BEHAVIOUR_DATASET/normal/20260501_093556.wav,normal,normal
/media/feliciano/Aux/AI_AFS_DATASET/AFS_BEHAVIOUR_DATASET/normal/20260501_093558.wav,normal,normal
/media/feliciano/Aux/AI_AFS_DATASET/AFS_BEHAVIOUR_DATASET/normal/20260501_093600.wav,normal,normal
/media/feliciano/Aux/AI_AFS_DATASET/AFS_BEHAVIOUR_DATASET/normal/20260501_093602.wav,normal,normal
/media/feliciano/Aux/AI_AFS_DATASET/AFS_BEHAVIOUR_DATASET/normal/20260501_093604.wav,normal,normal
/media/feliciano/Aux/AI_AFS_DATASET/AFS_BEHAVIOUR_DATASET/normal/20260501_093606.wav,normal,normal
/media/feliciano/Aux/AI_AFS_DATASET/AFS_BEHAVIOUR_DATASET/normal/20260501_093608.wav,normal,normal
/media/feliciano/Aux/AI_AFS_DATASET/AFS_BEHAVIOUR_DATASET/normal/20260501_093610.wav,normal,normal
/media/feliciano/Aux/AI_AFS_DATASET/AFS_BEHAVIOUR_DATASET/normal/20260501_093612.wav,normal,normal
/media/feliciano/Aux/AI_AFS_DATASET/AFS_BEHAVIOUR_DATASET/normal/20260501_093614.wav,normal,normal
/media/feliciano/Aux/AI_AFS_DATASET/AFS_BEHAVIOUR_DATASET/normal/20260501_093616.wav,normal,normal
/media/feliciano/Aux/AI_AFS_DATASET/AFS_BEHAVIOUR_DATASET/normal/20260501_093618.wav,normal,normal
/media/feliciano/Aux/AI_AFS_DATASET/AFS_BEHAVIOUR_DATASET/normal/20260501_093620.wav,normal,normal
/media/feliciano/Aux/AI_AFS_DATASET/AFS_BEHAVIOUR_DATASET/normal/20260501_093622.wav,normal,normal
/media/feliciano/Aux/AI_AFS_DATASET/AFS_BEHAVIOUR_DATASET/normal/20260501_093624.wav,normal,normal
/media/feliciano/Aux/AI_AFS_DATASET/AFS_BEHAVIOUR_DATASET/normal/20260501_093626.wav,normal,normal
/media/feliciano/Aux/AI_AFS_DATASET/AFS_BEHAVIOUR_DATASET/normal/20260501_093628.wav,normal,normal
/media/feliciano/Aux/AI_AFS_DATASET/AFS_BEHAVIOUR_DATASET/normal/20260501_093630.wav,normal,normal
/media/feliciano/Aux/AI_AFS_DATASET/AFS_BEHAVIOUR_DATASET/normal/20260501_093632.wav,normal,normal
/media/feliciano/Aux/AI_AFS_DATASET/AFS_BEHAVIOUR_DATASET/normal/20260501_093634.wav,normal,normal
/media/feliciano/Aux/AI_AFS_DATASET/AFS_BEHAVIOUR_DATASET/normal/20260501_093636.wav,normal,normal
/media/feliciano/Aux/AI_AFS_DATASET/AFS_BEHAVIOUR_DATASET/normal/20260501_093638.wav,normal,normal
/media/feliciano/Aux/AI_AFS_DATASET/AFS_BEHAVIOUR_DATASET/normal/20260501_093640.wav,normal,normal
/media/feliciano/Aux/AI_AFS_DATASET/AFS_BEHAVIOUR_DATASET/normal/20260501_093642.wav,normal,normal
/media/feliciano/Aux/AI_AFS_DATASET/AFS_BEHAVIOUR_DATASET/normal/20260501_093644.wav,normal,normal
/media/feliciano/Aux/AI_AFS_DATASET/AFS_BEHAVIOUR_DATASET/normal/20260501_093646.wav,normal,normal
/media/feliciano/Aux/AI_AFS_DATASET/AFS_BEHAVIOUR_DATASET/normal/20260501_093648.wav,normal,normal
/media/feliciano/Aux/AI_AFS_DATASET/AFS_BEHAVIOUR_DATASET/normal/20260501_093650.wav,normal,normal
/media/feliciano/Aux/AI_AFS_DATASET/AFS_BEHAVIOUR_DATASET/normal/20260501_093652.wav,normal,normal
/media/feliciano/Aux/AI_AFS_DATASET/AFS_BEHAVIOUR_DATASET/normal/20260501_093654.wav,normal,normal
/media/feliciano/Aux/AI_AFS_DATASET/AFS_BEHAVIOUR_DATASET/normal/20260501_093656.wav,normal,normal
/media/feliciano/Aux/AI_AFS_DATASET/AFS_BEHAVIOUR_DATASET/normal/20260501_093658.wav,normal,normal
/media/feliciano/Aux/AI_AFS_DATASET/AFS_BEHAVIOUR_DATASET/normal/20260501_093700.wav,normal,normal
/media/feliciano/Aux/AI_AFS_DATASET/AFS_BEHAVIOUR_DATASET/normal/20260501_093702.wav,normal,normal
/media/feliciano/Aux/AI_AFS_DATASET/AFS_BEHAVIOUR_DATASET/normal/20260501_093704.wav,normal,normal
/media/feliciano/Aux/AI_AFS_DATASET/AFS_BEHAVIOUR_DATASET/normal/20260501_093706.wav,normal,normal
/media/feliciano/Aux/AI_AFS_DATASET/AFS_BEHAVIOUR_DATASET/normal/20260501_093708.wav,normal,normal
/media/feliciano/Aux/AI_AFS_DATASET/AFS_BEHAVIOUR_DATASET/normal/20260501_093710.wav,normal,normal
/media/feliciano/Aux/AI_AFS_DATASET/AFS_BEHAVIOUR_DATASET/normal/20260501_093712.wav,normal,normal
/media/feliciano/Aux/AI_AFS_DATASET/AFS_BEHAVIOUR_DATASET/normal/20260501_093714.wav,normal,normal
/media/feliciano/Aux/AI_AFS_DATASET/AFS_BEHAVIOUR_DATASET/normal/20260501_093716.wav,normal,normal
/media/feliciano/Aux/AI_AFS_DATASET/AFS_BEHAVIOUR_DATASET/normal/20260501_093718.wav,normal,normal
/media/feliciano/Aux/AI_AFS_DATASET/AFS_BEHAVIOUR_DATASET/normal/20260501_093720.wav,normal,normal
/media/feliciano/Aux/AI_AFS_DATASET/AFS_BEHAVIOUR_DATASET/normal/20260501_093722.wav,normal,normal
/media/feliciano/Aux/AI_AFS_DATASET/AFS_BEHAVIOUR_DATASET/normal/20260501_093724.wav,normal,normal
/media/feliciano/Aux/AI_AFS_DATASET/AFS_BEHAVIOUR_DATASET/normal/20260501_093726.wav,normal,normal
/media/feliciano/Aux/AI_AFS_DATASET/AFS_BEHAVIOUR_DATASET/normal/20260501_093728.wav,normal,normal
/media/feliciano/Aux/AI_AFS_DATASET/AFS_BEHAVIOUR_DATASET/normal/20260501_093730.wav,normal,normal
/media/feliciano/Aux/AI_AFS_DATASET/AFS_BEHAVIOUR_DATASET/normal/20260501_093732.wav,normal,normal
/media/feliciano/Aux/AI_AFS_DATASET/AFS_BEHAVIOUR_DATASET/normal/20260501_093734.wav,normal,normal
/media/feliciano/Aux/AI_AFS_DATASET/AFS_BEHAVIOUR_DATASET/normal/20260501_093736.wav,normal,normal
/media/feliciano/Aux/AI_AFS_DATASET/AFS_BEHAVIOUR_DATASET/normal/20260501_093738.wav,normal,normal
/media/feliciano/Aux/AI_AFS_DATASET/AFS_BEHAVIOUR_DATASET/normal/20260501_093740.wav,normal,normal
/media/feliciano/Aux/AI_AFS_DATASET/AFS_BEHAVIOUR_DATASET/normal/20260501_093742.wav,normal,normal
/media/feliciano/Aux/AI_AFS_DATASET/AFS_BEHAVIOUR_DATASET/normal/20260501_093744.wav,normal,normal
/media/feliciano/Aux/AI_AFS_DATASET/AFS_BEHAVIOUR_DATASET/normal/20260501_093746.wav,normal,normal
/media/feliciano/Aux/AI_AFS_DATASET/AFS_BEHAVIOUR_DATASET/normal/20260501_093748.wav,normal,normal
/media/feliciano/Aux/AI_AFS_DATASET/AFS_BEHAVIOUR_DATASET/normal/20260501_093750.wav,normal,normal
/media/feliciano/Aux/AI_AFS_DATASET/AFS_BEHAVIOUR_DATASET/normal/20260501_093752.wav,normal,normal
/media/feliciano/Aux/AI_AFS_DATASET/AFS_BEHAVIOUR_DATASET/normal/20260501_093754.wav,normal,normal
/media/feliciano/Aux/AI_AFS_DATASET/AFS_BEHAVIOUR_DATASET/normal/20260501_093756.wav,normal,normal
/media/feliciano/Aux/AI_AFS_DATASET/AFS_BEHAVIOUR_DATASET/normal/20260501_093758.wav,normal,normal
/media/feliciano/Aux/AI_AFS_DATASET/AFS_BEHAVIOUR_DATASET/normal/20260501_093800.wav,normal,normal
/media/feliciano/Aux/AI_AFS_DATASET/AFS_BEHAVIOUR_DATASET/normal/20260501_093802.wav,normal,normal
/media/feliciano/Aux/AI_AFS_DATASET/AFS_BEHAVIOUR_DATASET/normal/20260501_093804.wav,normal,normal
/media/feliciano/Aux/AI_AFS_DATASET/AFS_BEHAVIOUR_DATASET/normal/20260501_093806.wav,normal,normal
/media/feliciano/Aux/AI_AFS_DATASET/AFS_BEHAVIOUR_DATASET/normal/20260501_093808.wav,normal,normal
/media/feliciano/Aux/AI_AFS_DATASET/AFS_BEHAVIOUR_DATASET/normal/20260501_093810.wav,normal,normal
/media/feliciano/Aux/AI_AFS_DATASET/AFS_BEHAVIOUR_DATASET/normal/20260501_093812.wav,normal,normal
/media/feliciano/Aux/AI_AFS_DATASET/AFS_BEHAVIOUR_DATASET/normal/20260501_093814.wav,normal,normal
/media/feliciano/Aux/AI_AFS_DATASET/AFS_BEHAVIOUR_DATASET/normal/20260501_093816.wav,normal,normal
/media/feliciano/Aux/AI_AFS_DATASET/AFS_BEHAVIOUR_DATASET/normal/20260501_093818.wav,normal,normal
/media/feliciano/Aux/AI_AFS_DATASET/AFS_BEHAVIOUR_DATASET/normal/20260501_093820.wav,normal,normal
/media/feliciano/Aux/AI_AFS_DATASET/AFS_BEHAVIOUR_DATASET/normal/20260501_093822.wav,normal,normal
/media/feliciano/Aux/AI_AFS_DATASET/AFS_BEHAVIOUR_DATASET/normal/20260501_093824.wav,normal,normal
/media/feliciano/Aux/AI_AFS_DATASET/AFS_BEHAVIOUR_DATASET/normal/20260501_093826.wav,normal,normal
/media/feliciano/Aux/AI_AFS_DATASET/AFS_BEHAVIOUR_DATASET/normal/20260501_093828.wav,normal,normal
/media/feliciano/Aux/AI_AFS_DATASET/AFS_BEHAVIOUR_DATASET/normal/20260501_093830.wav,normal,normal
/media/feliciano/Aux/AI_AFS_DATASET/AFS_BEHAVIOUR_DATASET/normal/20260501_093832.wav,normal,normal
/media/feliciano/Aux/AI_AFS_DATASET/AFS_BEHAVIOUR_DATASET/normal/20260501_093834.wav,normal,normal
/media/feliciano/Aux/AI_AFS_DATASET/AFS_BEHAVIOUR_DATASET/normal/20260501_093836.wav,normal,normal
/media/feliciano/Aux/AI_AFS_DATASET/AFS_BEHAVIOUR_DATASET/normal/20260501_093838.wav,normal,normal
/media/feliciano/Aux/AI_AFS_DATASET/AFS_BEHAVIOUR_DATASET/normal/20260501_093840.wav,normal,normal
/media/feliciano/Aux/AI_AFS_DATASET/AFS_BEHAVIOUR_DATASET/normal/20260501_093842.wav,normal,normal
/media/feliciano/Aux/AI_AFS_DATASET/AFS_BEHAVIOUR_DATASET/normal/20260501_093844.wav,normal,normal
/media/feliciano/Aux/AI_AFS_DATASET/AFS_BEHAVIOUR_DATASET/normal/20260501_093846.wav,normal,normal
/media/feliciano/Aux/AI_AFS_DATASET/AFS_BEHAVIOUR_DATASET/normal/20260501_093848.wav,normal,normal
/media/feliciano/Aux/AI_AFS_DATASET/AFS_BEHAVIOUR_DATASET/normal/20260501_093850.wav,normal,normal
/media/feliciano/Aux/AI_AFS_DATASET/AFS_BEHAVIOUR_DATASET/normal/20260501_093852.wav,normal,normal
/media/feliciano/Aux/AI_AFS_DATASET/AFS_BEHAVIOUR_DATASET/normal/20260501_093854.wav,normal,normal
/media/feliciano/Aux/AI_AFS_DATASET/AFS_BEHAVIOUR_DATASET/normal/20260501_093856.wav,normal,normal
/media/feliciano/Aux/AI_AFS_DATASET/AFS_BEHAVIOUR_DATASET/normal/20260501_093858.wav,normal,normal
/media/feliciano/Aux/AI_AFS_DATASET/AFS_BEHAVIOUR_DATASET/normal/20260501_093900.wav,normal,normal
/media/feliciano/Aux/AI_AFS_DATASET/AFS_BEHAVIOUR_DATASET/normal/20260501_093902.wav,normal,normal
/media/feliciano/Aux/AI_AFS_DATASET/AFS_BEHAVIOUR_DATASET/normal/20260501_093904.wav,normal,normal
/media/feliciano/Aux/AI_AFS_DATASET/AFS_BEHAVIOUR_DATASET/normal/20260501_093906.wav,normal,normal
/media/feliciano/Aux/AI_AFS_DATASET/AFS_BEHAVIOUR_DATASET/normal/20260501_093908.wav,normal,normal
/media/feliciano/Aux/AI_AFS_DATASET/AFS_BEHAVIOUR_DATASET/normal/20260501_093910.wav,normal,normal
/media/feliciano/Aux/AI_AFS_DATASET/AFS_BEHAVIOUR_DATASET/normal/20260501_093912.wav,normal,normal
/media/feliciano/Aux/AI_AFS_DATASET/AFS_BEHAVIOUR_DATASET/normal/20260501_093914.wav,normal,normal
/media/feliciano/Aux/AI_AFS_DATASET/AFS_BEHAVIOUR_DATASET/normal/20260501_093916.wav,normal,normal
/media/feliciano/Aux/AI_AFS_DATASET/AFS_BEHAVIOUR_DATASET/normal/20260501_093918.wav,normal,normal
/media/feliciano/Aux/AI_AFS_DATASET/AFS_BEHAVIOUR_DATASET/normal/20260501_093920.wav,normal,normal
/media/feliciano/Aux/AI_AFS_DATASET/AFS_BEHAVIOUR_DATASET/normal/20260501_093922.wav,normal,normal
/media/feliciano/Aux/AI_AFS_DATASET/AFS_BEHAVIOUR_DATASET/normal/20260501_093924.wav,normal,normal
/media/feliciano/Aux/AI_AFS_DATASET/AFS_BEHAVIOUR_DATASET/normal/20260501_093926.wav,normal,normal
/media/feliciano/Aux/AI_AFS_DATASET/AFS_BEHAVIOUR_DATASET/normal/20260501_093928.wav,normal,normal
/media/feliciano/Aux/AI_AFS_DATASET/AFS_BEHAVIOUR_DATASET/normal/20260501_093930.wav,normal,normal
/media/feliciano/Aux/AI_AFS_DATASET/AFS_BEHAVIOUR_DATASET/normal/20260501_093932.wav,normal,normal
/media/feliciano/Aux/AI_AFS_DATASET/AFS_BEHAVIOUR_DATASET/normal/20260501_093934.wav,normal,normal
/media/feliciano/Aux/AI_AFS_DATASET/AFS_BEHAVIOUR_DATASET/normal/20260501_093936.wav,normal,normal
/media/feliciano/Aux/AI_AFS_DATASET/AFS_BEHAVIOUR_DATASET/normal/20260501_093938.wav,normal,normal
/media/feliciano/Aux/AI_AFS_DATASET/AFS_BEHAVIOUR_DATASET/normal/20260501_093940.wav,normal,normal
/media/feliciano/Aux/AI_AFS_DATASET/AFS_BEHAVIOUR_DATASET/normal/20260501_093942.wav,normal,normal
/media/feliciano/Aux/AI_AFS_DATASET/AFS_BEHAVIOUR_DATASET/normal/20260501_093944.wav,normal,normal
/media/feliciano/Aux/AI_AFS_DATASET/AFS_BEHAVIOUR_DATASET/normal/20260501_093946.wav,normal,normal
/media/feliciano/Aux/AI_AFS_DATASET/AFS_BEHAVIOUR_DATASET/normal/20260501_093948.wav,normal,normal
/media/feliciano/Aux/AI_AFS_DATASET/AFS_BEHAVIOUR_DATASET/normal/20260501_093950.wav,normal,normal
/media/feliciano/Aux/AI_AFS_DATASET/AFS_BEHAVIOUR_DATASET/normal/20260501_093952.wav,normal,normal
/media/feliciano/Aux/AI_AFS_DATASET/AFS_BEHAVIOUR_DATASET/normal/20260501_093954.wav,normal,normal
/media/feliciano/Aux/AI_AFS_DATASET/AFS_BEHAVIOUR_DATASET/normal/20260501_093956.wav,normal,normal
/media/feliciano/Aux/AI_AFS_DATASET/AFS_BEHAVIOUR_DATASET/normal/20260501_093958.wav,normal,normal
/media/feliciano/Aux/AI_AFS_DATASET/AFS_BEHAVIOUR_DATASET/normal/20260501_141500.wav,normal,clustering
/media/feliciano/Aux/AI_AFS_DATASET/AFS_BEHAVIOUR_DATASET/normal/20260501_141502.wav,normal,normal
/media/feliciano/Aux/AI_AFS_DATASET/AFS_BEHAVIOUR_DATASET/normal/20260501_141504.wav,normal,normal
/media/feliciano/Aux/AI_AFS_DATASET/AFS_BEHAVIOUR_DATASET/normal/20260501_141506.wav,normal,clustering
/media/feliciano/Aux/AI_AFS_DATASET/AFS_BEHAVIOUR_DATASET/normal/20260501_141508.wav,normal,normal
/media/feliciano/Aux/AI_AFS_DATASET/AFS_BEHAVIOUR_DATASET/normal/20260501_141510.wav,normal,normal
/media/feliciano/Aux/AI_AFS_DATASET/AFS_BEHAVIOUR_DATASET/normal/20260501_141512.wav,normal,normal
/media/feliciano/Aux/AI_AFS_DATASET/AFS_BEHAVIOUR_DATASET/normal/20260501_141514.wav,normal,normal
/media/feliciano/Aux/AI_AFS_DATASET/AFS_BEHAVIOUR_DATASET/normal/20260501_141516.wav,normal,normal
/media/feliciano/Aux/AI_AFS_DATASET/AFS_BEHAVIOUR_DATASET/normal/20260501_141518.wav,normal,clustering
/media/feliciano/Aux/AI_AFS_DATASET/AFS_BEHAVIOUR_DATASET/normal/20260501_141520.wav,normal,normal
/media/feliciano/Aux/AI_AFS_DATASET/AFS_BEHAVIOUR_DATASET/normal/20260501_141522.wav,normal,normal
/media/feliciano/Aux/AI_AFS_DATASET/AFS_BEHAVIOUR_DATASET/normal/20260501_141524.wav,normal,normal
/media/feliciano/Aux/AI_AFS_DATASET/AFS_BEHAVIOUR_DATASET/normal/20260501_141526.wav,normal,normal
/media/feliciano/Aux/AI_AFS_DATASET/AFS_BEHAVIOUR_DATASET/normal/20260501_141528.wav,normal,normal
/media/feliciano/Aux/AI_AFS_DATASET/AFS_BEHAVIOUR_DATASET/normal/20260501_141530.wav,normal,normal
/media/feliciano/Aux/AI_AFS_DATASET/AFS_BEHAVIOUR_DATASET/normal/20260501_141532.wav,normal,normal
/media/feliciano/Aux/AI_AFS_DATASET/AFS_BEHAVIOUR_DATASET/normal/20260501_141534.wav,normal,normal
/media/feliciano/Aux/AI_AFS_DATASET/AFS_BEHAVIOUR_DATASET/normal/20260501_141536.wav,normal,normal
/media/feliciano/Aux/AI_AFS_DATASET/AFS_BEHAVIOUR_DATASET/normal/20260501_141538.wav,normal,normal
/media/feliciano/Aux/AI_AFS_DATASET/AFS_BEHAVIOUR_DATASET/normal/20260501_141540.wav,normal,normal
/media/feliciano/Aux/AI_AFS_DATASET/AFS_BEHAVIOUR_DATASET/normal/20260501_141542.wav,normal,normal
/media/feliciano/Aux/AI_AFS_DATASET/AFS_BEHAVIOUR_DATASET/normal/20260501_141544.wav,normal,normal
/media/feliciano/Aux/AI_AFS_DATASET/AFS_BEHAVIOUR_DATASET/normal/20260501_141546.wav,normal,normal
/media/feliciano/Aux/AI_AFS_DATASET/AFS_BEHAVIOUR_DATASET/normal/20260501_141548.wav,normal,normal
/media/feliciano/Aux/AI_AFS_DATASET/AFS_BEHAVIOUR_DATASET/normal/20260501_141550.wav,normal,normal
/media/feliciano/Aux/AI_AFS_DATASET/AFS_BEHAVIOUR_DATASET/normal/20260501_141552.wav,normal,normal
/media/feliciano/Aux/AI_AFS_DATASET/AFS_BEHAVIOUR_DATASET/normal/20260501_141554.wav,normal,normal
/media/feliciano/Aux/AI_AFS_DATASET/AFS_BEHAVIOUR_DATASET/normal/20260501_141556.wav,normal,clustering
/media/feliciano/Aux/AI_AFS_DATASET/AFS_BEHAVIOUR_DATASET/normal/20260501_141558.wav,normal,normal
/media/feliciano/Aux/AI_AFS_DATASET/AFS_BEHAVIOUR_DATASET/normal/20260501_141600.wav,normal,normal
/media/feliciano/Aux/AI_AFS_DATASET/AFS_BEHAVIOUR_DATASET/normal/20260501_141602.wav,normal,normal
/media/feliciano/Aux/AI_AFS_DATASET/AFS_BEHAVIOUR_DATASET/normal/20260501_141604.wav,normal,clustering
/media/feliciano/Aux/AI_AFS_DATASET/AFS_BEHAVIOUR_DATASET/normal/20260501_141606.wav,normal,clustering
/media/feliciano/Aux/AI_AFS_DATASET/AFS_BEHAVIOUR_DATASET/normal/20260501_141608.wav,normal,normal
/media/feliciano/Aux/AI_AFS_DATASET/AFS_BEHAVIOUR_DATASET/normal/20260501_141610.wav,normal,normal
/media/feliciano/Aux/AI_AFS_DATASET/AFS_BEHAVIOUR_DATASET/normal/20260501_141612.wav,normal,normal
/media/feliciano/Aux/AI_AFS_DATASET/AFS_BEHAVIOUR_DATASET/normal/20260501_141614.wav,normal,normal
/media/feliciano/Aux/AI_AFS_DATASET/AFS_BEHAVIOUR_DATASET/normal/20260501_141616.wav,normal,normal
/media/feliciano/Aux/AI_AFS_DATASET/AFS_BEHAVIOUR_DATASET/normal/20260501_141618.wav,normal,normal
/media/feliciano/Aux/AI_AFS_DATASET/AFS_BEHAVIOUR_DATASET/normal/20260501_141620.wav,normal,normal
/media/feliciano/Aux/AI_AFS_DATASET/AFS_BEHAVIOUR_DATASET/normal/20260501_141622.wav,normal,normal
/media/feliciano/Aux/AI_AFS_DATASET/AFS_BEHAVIOUR_DATASET/normal/20260501_141624.wav,normal,normal
/media/feliciano/Aux/AI_AFS_DATASET/AFS_BEHAVIOUR_DATASET/normal/20260501_141626.wav,normal,normal
/media/feliciano/Aux/AI_AFS_DATASET/AFS_BEHAVIOUR_DATASET/normal/20260501_141628.wav,normal,normal
/media/feliciano/Aux/AI_AFS_DATASET/AFS_BEHAVIOUR_DATASET/normal/20260501_141630.wav,normal,normal
/media/feliciano/Aux/AI_AFS_DATASET/AFS_BEHAVIOUR_DATASET/normal/20260501_141632.wav,normal,normal
/media/feliciano/Aux/AI_AFS_DATASET/AFS_BEHAVIOUR_DATASET/normal/20260501_141634.wav,normal,normal
/media/feliciano/Aux/AI_AFS_DATASET/AFS_BEHAVIOUR_DATASET/normal/20260501_141636.wav,normal,normal
/media/feliciano/Aux/AI_AFS_DATASET/AFS_BEHAVIOUR_DATASET/normal/20260501_141638.wav,normal,normal
/media/feliciano/Aux/AI_AFS_DATASET/AFS_BEHAVIOUR_DATASET/normal/20260501_141640.wav,normal,normal
/media/feliciano/Aux/AI_AFS_DATASET/AFS_BEHAVIOUR_DATASET/normal/20260501_141642.wav,normal,normal
/media/feliciano/Aux/AI_AFS_DATASET/AFS_BEHAVIOUR_DATASET/normal/20260501_141644.wav,normal,clustering
/media/feliciano/Aux/AI_AFS_DATASET/AFS_BEHAVIOUR_DATASET/normal/20260501_141646.wav,normal,normal
/media/feliciano/Aux/AI_AFS_DATASET/AFS_BEHAVIOUR_DATASET/normal/20260501_141648.wav,normal,normal
/media/feliciano/Aux/AI_AFS_DATASET/AFS_BEHAVIOUR_DATASET/normal/20260501_141650.wav,normal,normal
/media/feliciano/Aux/AI_AFS_DATASET/AFS_BEHAVIOUR_DATASET/normal/20260501_141652.wav,normal,normal
/media/feliciano/Aux/AI_AFS_DATASET/AFS_BEHAVIOUR_DATASET/normal/20260501_141654.wav,normal,normal
/media/feliciano/Aux/AI_AFS_DATASET/AFS_BEHAVIOUR_DATASET/normal/20260501_141656.wav,normal,normal
/media/feliciano/Aux/AI_AFS_DATASET/AFS_BEHAVIOUR_DATASET/normal/20260501_141658.wav,normal,normal
/media/feliciano/Aux/AI_AFS_DATASET/AFS_BEHAVIOUR_DATASET/normal/20260501_141700.wav,normal,normal
/media/feliciano/Aux/AI_AFS_DATASET/AFS_BEHAVIOUR_DATASET/normal/20260501_141702.wav,normal,normal
/media/feliciano/Aux/AI_AFS_DATASET/AFS_BEHAVIOUR_DATASET/normal/20260501_141704.wav,normal,normal
/media/feliciano/Aux/AI_AFS_DATASET/AFS_BEHAVIOUR_DATASET/normal/20260501_141706.wav,normal,normal
/media/feliciano/Aux/AI_AFS_DATASET/AFS_BEHAVIOUR_DATASET/normal/20260501_141708.wav,normal,normal
/media/feliciano/Aux/AI_AFS_DATASET/AFS_BEHAVIOUR_DATASET/normal/20260501_141710.wav,normal,normal
/media/feliciano/Aux/AI_AFS_DATASET/AFS_BEHAVIOUR_DATASET/normal/20260501_141712.wav,normal,normal
/media/feliciano/Aux/AI_AFS_DATASET/AFS_BEHAVIOUR_DATASET/normal/20260501_141714.wav,normal,normal
/media/feliciano/Aux/AI_AFS_DATASET/AFS_BEHAVIOUR_DATASET/normal/20260501_141716.wav,normal,normal
/media/feliciano/Aux/AI_AFS_DATASET/AFS_BEHAVIOUR_DATASET/normal/20260501_141718.wav,normal,normal
/media/feliciano/Aux/AI_AFS_DATASET/AFS_BEHAVIOUR_DATASET/normal/20260501_141720.wav,normal,normal
/media/feliciano/Aux/AI_AFS_DATASET/AFS_BEHAVIOUR_DATASET/normal/20260501_141722.wav,normal,normal
/media/feliciano/Aux/AI_AFS_DATASET/AFS_BEHAVIOUR_DATASET/normal/20260501_141724.wav,normal,normal
/media/feliciano/Aux/AI_AFS_DATASET/AFS_BEHAVIOUR_DATASET/normal/20260501_141726.wav,normal,normal
/media/feliciano/Aux/AI_AFS_DATASET/AFS_BEHAVIOUR_DATASET/normal/20260501_141728.wav,normal,normal
/media/feliciano/Aux/AI_AFS_DATASET/AFS_BEHAVIOUR_DATASET/normal/20260501_141730.wav,normal,normal
/media/feliciano/Aux/AI_AFS_DATASET/AFS_BEHAVIOUR_DATASET/normal/20260501_141732.wav,normal,normal
/media/feliciano/Aux/AI_AFS_DATASET/AFS_BEHAVIOUR_DATASET/normal/20260501_141734.wav,normal,normal
/media/feliciano/Aux/AI_AFS_DATASET/AFS_BEHAVIOUR_DATASET/normal/20260501_141736.wav,normal,normal
/media/feliciano/Aux/AI_AFS_DATASET/AFS_BEHAVIOUR_DATASET/normal/20260501_141738.wav,normal,normal
/media/feliciano/Aux/AI_AFS_DATASET/AFS_BEHAVIOUR_DATASET/normal/20260501_141740.wav,normal,normal
/media/feliciano/Aux/AI_AFS_DATASET/AFS_BEHAVIOUR_DATASET/normal/20260501_141742.wav,normal,normal
/media/feliciano/Aux/AI_AFS_DATASET/AFS_BEHAVIOUR_DATASET/normal/20260501_141744.wav,normal,normal
/media/feliciano/Aux/AI_AFS_DATASET/AFS_BEHAVIOUR_DATASET/normal/20260501_141746.wav,normal,normal
/media/feliciano/Aux/AI_AFS_DATASET/AFS_BEHAVIOUR_DATASET/normal/20260501_141748.wav,normal,normal
/media/feliciano/Aux/AI_AFS_DATASET/AFS_BEHAVIOUR_DATASET/normal/20260501_141750.wav,normal,normal
/media/feliciano/Aux/AI_AFS_DATASET/AFS_BEHAVIOUR_DATASET/normal/20260501_141752.wav,normal,normal
/media/feliciano/Aux/AI_AFS_DATASET/AFS_BEHAVIOUR_DATASET/normal/20260501_141754.wav,normal,normal
/media/feliciano/Aux/AI_AFS_DATASET/AFS_BEHAVIOUR_DATASET/normal/20260501_141756.wav,normal,normal
/media/feliciano/Aux/AI_AFS_DATASET/AFS_BEHAVIOUR_DATASET/normal/20260501_141758.wav,normal,normal
/media/feliciano/Aux/AI_AFS_DATASET/AFS_BEHAVIOUR_DATASET/normal/20260501_141800.wav,normal,normal
/media/feliciano/Aux/AI_AFS_DATASET/AFS_BEHAVIOUR_DATASET/normal/20260501_141802.wav,normal,normal
/media/feliciano/Aux/AI_AFS_DATASET/AFS_BEHAVIOUR_DATASET/normal/20260501_141804.wav,normal,normal
/media/feliciano/Aux/AI_AFS_DATASET/AFS_BEHAVIOUR_DATASET/normal/20260501_141806.wav,normal,normal
/media/feliciano/Aux/AI_AFS_DATASET/AFS_BEHAVIOUR_DATASET/normal/20260501_141808.wav,normal,normal
/media/feliciano/Aux/AI_AFS_DATASET/AFS_BEHAVIOUR_DATASET/normal/20260501_141810.wav,normal,normal
/media/feliciano/Aux/AI_AFS_DATASET/AFS_BEHAVIOUR_DATASET/normal/20260501_141812.wav,normal,normal
/media/feliciano/Aux/AI_AFS_DATASET/AFS_BEHAVIOUR_DATASET/normal/20260501_141814.wav,normal,normal
/media/feliciano/Aux/AI_AFS_DATASET/AFS_BEHAVIOUR_DATASET/normal/20260501_141816.wav,normal,normal
/media/feliciano/Aux/AI_AFS_DATASET/AFS_BEHAVIOUR_DATASET/normal/20260501_141818.wav,normal,normal
/media/feliciano/Aux/AI_AFS_DATASET/AFS_BEHAVIOUR_DATASET/normal/20260501_141820.wav,normal,normal
/media/feliciano/Aux/AI_AFS_DATASET/AFS_BEHAVIOUR_DATASET/normal/20260501_141822.wav,normal,normal
/media/feliciano/Aux/AI_AFS_DATASET/AFS_BEHAVIOUR_DATASET/normal/20260501_141824.wav,normal,normal
/media/feliciano/Aux/AI_AFS_DATASET/AFS_BEHAVIOUR_DATASET/normal/20260501_141826.wav,normal,normal
/media/feliciano/Aux/AI_AFS_DATASET/AFS_BEHAVIOUR_DATASET/normal/20260501_141828.wav,normal,clustering
/media/feliciano/Aux/AI_AFS_DATASET/AFS_BEHAVIOUR_DATASET/normal/20260501_141830.wav,normal,normal
/media/feliciano/Aux/AI_AFS_DATASET/AFS_BEHAVIOUR_DATASET/normal/20260501_141832.wav,normal,normal
/media/feliciano/Aux/AI_AFS_DATASET/AFS_BEHAVIOUR_DATASET/normal/20260501_141834.wav,normal,normal
/media/feliciano/Aux/AI_AFS_DATASET/AFS_BEHAVIOUR_DATASET/normal/20260501_141836.wav,normal,normal
/media/feliciano/Aux/AI_AFS_DATASET/AFS_BEHAVIOUR_DATASET/normal/20260501_141838.wav,normal,normal
/media/feliciano/Aux/AI_AFS_DATASET/AFS_BEHAVIOUR_DATASET/normal/20260501_141840.wav,normal,normal
/media/feliciano/Aux/AI_AFS_DATASET/AFS_BEHAVIOUR_DATASET/normal/20260501_141842.wav,normal,normal
/media/feliciano/Aux/AI_AFS_DATASET/AFS_BEHAVIOUR_DATASET/normal/20260501_141844.wav,normal,normal
/media/feliciano/Aux/AI_AFS_DATASET/AFS_BEHAVIOUR_DATASET/normal/20260501_141846.wav,normal,normal
/media/feliciano/Aux/AI_AFS_DATASET/AFS_BEHAVIOUR_DATASET/normal/20260501_141848.wav,normal,normal
/media/feliciano/Aux/AI_AFS_DATASET/AFS_BEHAVIOUR_DATASET/normal/20260501_141850.wav,normal,normal
/media/feliciano/Aux/AI_AFS_DATASET/AFS_BEHAVIOUR_DATASET/normal/20260501_141852.wav,normal,clustering
/media/feliciano/Aux/AI_AFS_DATASET/AFS_BEHAVIOUR_DATASET/normal/20260501_141854.wav,normal,normal
/media/feliciano/Aux/AI_AFS_DATASET/AFS_BEHAVIOUR_DATASET/normal/20260501_141856.wav,normal,normal
/media/feliciano/Aux/AI_AFS_DATASET/AFS_BEHAVIOUR_DATASET/normal/20260501_141858.wav,normal,clustering
/media/feliciano/Aux/AI_AFS_DATASET/AFS_BEHAVIOUR_DATASET/normal/20260501_141900.wav,normal,normal
/media/feliciano/Aux/AI_AFS_DATASET/AFS_BEHAVIOUR_DATASET/normal/20260501_141902.wav,normal,normal
/media/feliciano/Aux/AI_AFS_DATASET/AFS_BEHAVIOUR_DATASET/normal/20260501_141904.wav,normal,normal
/media/feliciano/Aux/AI_AFS_DATASET/AFS_BEHAVIOUR_DATASET/normal/20260501_141906.wav,normal,normal
/media/feliciano/Aux/AI_AFS_DATASET/AFS_BEHAVIOUR_DATASET/normal/20260501_141908.wav,normal,normal
/media/feliciano/Aux/AI_AFS_DATASET/AFS_BEHAVIOUR_DATASET/normal/20260501_141910.wav,normal,normal
/media/feliciano/Aux/AI_AFS_DATASET/AFS_BEHAVIOUR_DATASET/normal/20260501_141912.wav,normal,normal
/media/feliciano/Aux/AI_AFS_DATASET/AFS_BEHAVIOUR_DATASET/normal/20260501_141914.wav,normal,normal
/media/feliciano/Aux/AI_AFS_DATASET/AFS_BEHAVIOUR_DATASET/normal/20260501_141916.wav,normal,normal
/media/feliciano/Aux/AI_AFS_DATASET/AFS_BEHAVIOUR_DATASET/normal/20260501_141918.wav,normal,normal
/media/feliciano/Aux/AI_AFS_DATASET/AFS_BEHAVIOUR_DATASET/normal/20260501_141920.wav,normal,normal
/media/feliciano/Aux/AI_AFS_DATASET/AFS_BEHAVIOUR_DATASET/normal/20260501_141922.wav,normal,normal
/media/feliciano/Aux/AI_AFS_DATASET/AFS_BEHAVIOUR_DATASET/normal/20260501_141924.wav,normal,normal
/media/feliciano/Aux/AI_AFS_DATASET/AFS_BEHAVIOUR_DATASET/normal/20260501_141926.wav,normal,normal
/media/feliciano/Aux/AI_AFS_DATASET/AFS_BEHAVIOUR_DATASET/normal/20260501_141928.wav,normal,normal
/media/feliciano/Aux/AI_AFS_DATASET/AFS_BEHAVIOUR_DATASET/normal/20260501_141930.wav,normal,normal
/media/feliciano/Aux/AI_AFS_DATASET/AFS_BEHAVIOUR_DATASET/normal/20260501_141932.wav,normal,normal
/media/feliciano/Aux/AI_AFS_DATASET/AFS_BEHAVIOUR_DATASET/normal/20260501_141934.wav,normal,normal
/media/feliciano/Aux/AI_AFS_DATASET/AFS_BEHAVIOUR_DATASET/normal/20260501_141936.wav,normal,normal
/media/feliciano/Aux/AI_AFS_DATASET/AFS_BEHAVIOUR_DATASET/normal/20260501_141938.wav,normal,normal
/media/feliciano/Aux/AI_AFS_DATASET/AFS_BEHAVIOUR_DATASET/normal/20260501_141940.wav,normal,normal
/media/feliciano/Aux/AI_AFS_DATASET/AFS_BEHAVIOUR_DATASET/normal/20260501_141942.wav,normal,normal
/media/feliciano/Aux/AI_AFS_DATASET/AFS_BEHAVIOUR_DATASET/normal/20260501_141944.wav,normal,normal
/media/feliciano/Aux/AI_AFS_DATASET/AFS_BEHAVIOUR_DATASET/normal/20260501_141946.wav,normal,normal
/media/feliciano/Aux/AI_AFS_DATASET/AFS_BEHAVIOUR_DATASET/normal/20260501_141948.wav,normal,normal
/media/feliciano/Aux/AI_AFS_DATASET/AFS_BEHAVIOUR_DATASET/normal/20260501_141950.wav,normal,normal
/media/feliciano/Aux/AI_AFS_DATASET/AFS_BEHAVIOUR_DATASET/normal/20260501_141952.wav,normal,normal
/media/feliciano/Aux/AI_AFS_DATASET/AFS_BEHAVIOUR_DATASET/normal/20260501_141954.wav,normal,normal
/media/feliciano/Aux/AI_AFS_DATASET/AFS_BEHAVIOUR_DATASET/normal/20260501_141956.wav,normal,normal
/media/feliciano/Aux/AI_AFS_DATASET/AFS_BEHAVIOUR_DATASET/normal/20260501_141958.wav,normal,normal
/media/feliciano/Aux/AI_AFS_DATASET/AFS_BEHAVIOUR_DATASET/normal/20260509_115000.wav,normal,normal
/media/feliciano/Aux/AI_AFS_DATASET/AFS_BEHAVIOUR_DATASET/normal/20260509_115002.wav,normal,clustering
/media/feliciano/Aux/AI_AFS_DATASET/AFS_BEHAVIOUR_DATASET/normal/20260509_115004.wav,normal,normal
/media/feliciano/Aux/AI_AFS_DATASET/AFS_BEHAVIOUR_DATASET/normal/20260509_115006.wav,normal,normal
/media/feliciano/Aux/AI_AFS_DATASET/AFS_BEHAVIOUR_DATASET/normal/20260509_115008.wav,normal,normal
/media/feliciano/Aux/AI_AFS_DATASET/AFS_BEHAVIOUR_DATASET/normal/20260509_115010.wav,normal,normal
/media/feliciano/Aux/AI_AFS_DATASET/AFS_BEHAVIOUR_DATASET/normal/20260509_115012.wav,normal,normal
/media/feliciano/Aux/AI_AFS_DATASET/AFS_BEHAVIOUR_DATASET/normal/20260509_115014.wav,normal,normal
/media/feliciano/Aux/AI_AFS_DATASET/AFS_BEHAVIOUR_DATASET/normal/20260509_115016.wav,normal,normal
/media/feliciano/Aux/AI_AFS_DATASET/AFS_BEHAVIOUR_DATASET/normal/20260509_115018.wav,normal,normal
/media/feliciano/Aux/AI_AFS_DATASET/AFS_BEHAVIOUR_DATASET/normal/20260509_115020.wav,normal,clustering
/media/feliciano/Aux/AI_AFS_DATASET/AFS_BEHAVIOUR_DATASET/normal/20260509_115022.wav,normal,normal
/media/feliciano/Aux/AI_AFS_DATASET/AFS_BEHAVIOUR_DATASET/normal/20260509_115024.wav,normal,normal
/media/feliciano/Aux/AI_AFS_DATASET/AFS_BEHAVIOUR_DATASET/normal/20260509_115026.wav,normal,normal
/media/feliciano/Aux/AI_AFS_DATASET/AFS_BEHAVIOUR_DATASET/normal/20260509_115028.wav,normal,normal
/media/feliciano/Aux/AI_AFS_DATASET/AFS_BEHAVIOUR_DATASET/normal/20260509_115030.wav,normal,normal
/media/feliciano/Aux/AI_AFS_DATASET/AFS_BEHAVIOUR_DATASET/normal/20260509_115032.wav,normal,clustering
/media/feliciano/Aux/AI_AFS_DATASET/AFS_BEHAVIOUR_DATASET/normal/20260509_115034.wav,normal,clustering
/media/feliciano/Aux/AI_AFS_DATASET/AFS_BEHAVIOUR_DATASET/normal/20260509_115036.wav,normal,normal
/media/feliciano/Aux/AI_AFS_DATASET/AFS_BEHAVIOUR_DATASET/normal/20260509_115038.wav,normal,normal
/media/feliciano/Aux/AI_AFS_DATASET/AFS_BEHAVIOUR_DATASET/normal/20260509_115040.wav,normal,clustering
/media/feliciano/Aux/AI_AFS_DATASET/AFS_BEHAVIOUR_DATASET/normal/20260509_115042.wav,normal,normal
/media/feliciano/Aux/AI_AFS_DATASET/AFS_BEHAVIOUR_DATASET/normal/20260509_115044.wav,normal,normal
/media/feliciano/Aux/AI_AFS_DATASET/AFS_BEHAVIOUR_DATASET/normal/20260509_115046.wav,normal,normal
/media/feliciano/Aux/AI_AFS_DATASET/AFS_BEHAVIOUR_DATASET/normal/20260509_115048.wav,normal,normal
/media/feliciano/Aux/AI_AFS_DATASET/AFS_BEHAVIOUR_DATASET/normal/20260509_115050.wav,normal,normal
/media/feliciano/Aux/AI_AFS_DATASET/AFS_BEHAVIOUR_DATASET/normal/20260509_115052.wav,normal,clustering
/media/feliciano/Aux/AI_AFS_DATASET/AFS_BEHAVIOUR_DATASET/normal/20260509_115054.wav,normal,normal
/media/feliciano/Aux/AI_AFS_DATASET/AFS_BEHAVIOUR_DATASET/normal/20260509_115056.wav,normal,normal
/media/feliciano/Aux/AI_AFS_DATASET/AFS_BEHAVIOUR_DATASET/normal/20260509_115058.wav,normal,normal
/media/feliciano/Aux/AI_AFS_DATASET/AFS_BEHAVIOUR_DATASET/normal/20260509_115100.wav,normal,normal
/media/feliciano/Aux/AI_AFS_DATASET/AFS_BEHAVIOUR_DATASET/normal/20260509_115102.wav,normal,normal
/media/feliciano/Aux/AI_AFS_DATASET/AFS_BEHAVIOUR_DATASET/normal/20260509_115104.wav,normal,normal
/media/feliciano/Aux/AI_AFS_DATASET/AFS_BEHAVIOUR_DATASET/normal/20260509_115106.wav,normal,normal
/media/feliciano/Aux/AI_AFS_DATASET/AFS_BEHAVIOUR_DATASET/normal/20260509_115108.wav,normal,normal
/media/feliciano/Aux/AI_AFS_DATASET/AFS_BEHAVIOUR_DATASET/normal/20260509_115110.wav,normal,normal
/media/feliciano/Aux/AI_AFS_DATASET/AFS_BEHAVIOUR_DATASET/normal/20260509_115112.wav,normal,normal
/media/feliciano/Aux/AI_AFS_DATASET/AFS_BEHAVIOUR_DATASET/normal/20260509_115114.wav,normal,normal
/media/feliciano/Aux/AI_AFS_DATASET/AFS_BEHAVIOUR_DATASET/normal/20260509_115116.wav,normal,normal
/media/feliciano/Aux/AI_AFS_DATASET/AFS_BEHAVIOUR_DATASET/normal/20260509_115118.wav,normal,normal
/media/feliciano/Aux/AI_AFS_DATASET/AFS_BEHAVIOUR_DATASET/normal/20260509_115120.wav,normal,normal
/media/feliciano/Aux/AI_AFS_DATASET/AFS_BEHAVIOUR_DATASET/normal/20260509_115122.wav,normal,normal
/media/feliciano/Aux/AI_AFS_DATASET/AFS_BEHAVIOUR_DATASET/normal/20260509_115124.wav,normal,normal
/media/feliciano/Aux/AI_AFS_DATASET/AFS_BEHAVIOUR_DATASET/normal/20260509_115126.wav,normal,normal
/media/feliciano/Aux/AI_AFS_DATASET/AFS_BEHAVIOUR_DATASET/normal/20260509_115128.wav,normal,clustering
/media/feliciano/Aux/AI_AFS_DATASET/AFS_BEHAVIOUR_DATASET/normal/20260509_115130.wav,normal,clustering
/media/feliciano/Aux/AI_AFS_DATASET/AFS_BEHAVIOUR_DATASET/normal/20260509_115132.wav,normal,normal
/media/feliciano/Aux/AI_AFS_DATASET/AFS_BEHAVIOUR_DATASET/normal/20260509_115134.wav,normal,normal
/media/feliciano/Aux/AI_AFS_DATASET/AFS_BEHAVIOUR_DATASET/normal/20260509_115136.wav,normal,clustering
/media/feliciano/Aux/AI_AFS_DATASET/AFS_BEHAVIOUR_DATASET/normal/20260509_115138.wav,normal,normal
/media/feliciano/Aux/AI_AFS_DATASET/AFS_BEHAVIOUR_DATASET/normal/20260509_115140.wav,normal,normal
/media/feliciano/Aux/AI_AFS_DATASET/AFS_BEHAVIOUR_DATASET/normal/20260509_115142.wav,normal,normal
/media/feliciano/Aux/AI_AFS_DATASET/AFS_BEHAVIOUR_DATASET/normal/20260509_115144.wav,normal,normal
/media/feliciano/Aux/AI_AFS_DATASET/AFS_BEHAVIOUR_DATASET/normal/20260509_115146.wav,normal,normal
/media/feliciano/Aux/AI_AFS_DATASET/AFS_BEHAVIOUR_DATASET/normal/20260509_115148.wav,normal,normal
/media/feliciano/Aux/AI_AFS_DATASET/AFS_BEHAVIOUR_DATASET/normal/20260509_115150.wav,normal,normal
/media/feliciano/Aux/AI_AFS_DATASET/AFS_BEHAVIOUR_DATASET/normal/20260509_115152.wav,normal,normal
/media/feliciano/Aux/AI_AFS_DATASET/AFS_BEHAVIOUR_DATASET/normal/20260509_115154.wav,normal,normal
/media/feliciano/Aux/AI_AFS_DATASET/AFS_BEHAVIOUR_DATASET/normal/20260509_115156.wav,normal,normal
/media/feliciano/Aux/AI_AFS_DATASET/AFS_BEHAVIOUR_DATASET/normal/20260509_115158.wav,normal,normal
/media/feliciano/Aux/AI_AFS_DATASET/AFS_BEHAVIOUR_DATASET/normal/20260509_115200.wav,normal,clustering
/media/feliciano/Aux/AI_AFS_DATASET/AFS_BEHAVIOUR_DATASET/normal/20260509_115202.wav,normal,normal
/media/feliciano/Aux/AI_AFS_DATASET/AFS_BEHAVIOUR_DATASET/normal/20260509_115204.wav,normal,normal
/media/feliciano/Aux/AI_AFS_DATASET/AFS_BEHAVIOUR_DATASET/normal/20260509_115206.wav,normal,normal
/media/feliciano/Aux/AI_AFS_DATASET/AFS_BEHAVIOUR_DATASET/normal/20260509_115208.wav,normal,normal
/media/feliciano/Aux/AI_AFS_DATASET/AFS_BEHAVIOUR_DATASET/normal/20260509_115210.wav,normal,normal
/media/feliciano/Aux/AI_AFS_DATASET/AFS_BEHAVIOUR_DATASET/normal/20260509_115212.wav,normal,normal
/media/feliciano/Aux/AI_AFS_DATASET/AFS_BEHAVIOUR_DATASET/normal/20260509_115214.wav,normal,normal
/media/feliciano/Aux/AI_AFS_DATASET/AFS_BEHAVIOUR_DATASET/normal/20260509_115216.wav,normal,normal
/media/feliciano/Aux/AI_AFS_DATASET/AFS_BEHAVIOUR_DATASET/normal/20260509_115218.wav,normal,normal
/media/feliciano/Aux/AI_AFS_DATASET/AFS_BEHAVIOUR_DATASET/normal/20260509_115220.wav,normal,clustering
/media/feliciano/Aux/AI_AFS_DATASET/AFS_BEHAVIOUR_DATASET/normal/20260509_115222.wav,normal,normal
/media/feliciano/Aux/AI_AFS_DATASET/AFS_BEHAVIOUR_DATASET/normal/20260509_115224.wav,normal,normal
/media/feliciano/Aux/AI_AFS_DATASET/AFS_BEHAVIOUR_DATASET/normal/20260509_115226.wav,normal,normal
/media/feliciano/Aux/AI_AFS_DATASET/AFS_BEHAVIOUR_DATASET/normal/20260509_115228.wav,normal,normal
/media/feliciano/Aux/AI_AFS_DATASET/AFS_BEHAVIOUR_DATASET/normal/20260509_115230.wav,normal,normal
/media/feliciano/Aux/AI_AFS_DATASET/AFS_BEHAVIOUR_DATASET/normal/20260509_115232.wav,normal,normal
/media/feliciano/Aux/AI_AFS_DATASET/AFS_BEHAVIOUR_DATASET/normal/20260509_115234.wav,normal,normal
/media/feliciano/Aux/AI_AFS_DATASET/AFS_BEHAVIOUR_DATASET/normal/20260509_115236.wav,normal,normal
/media/feliciano/Aux/AI_AFS_DATASET/AFS_BEHAVIOUR_DATASET/normal/20260509_115238.wav,normal,clustering
/media/feliciano/Aux/AI_AFS_DATASET/AFS_BEHAVIOUR_DATASET/normal/20260509_115240.wav,normal,normal
/media/feliciano/Aux/AI_AFS_DATASET/AFS_BEHAVIOUR_DATASET/normal/20260509_115242.wav,normal,normal
/media/feliciano/Aux/AI_AFS_DATASET/AFS_BEHAVIOUR_DATASET/normal/20260509_115244.wav,normal,normal
/media/feliciano/Aux/AI_AFS_DATASET/AFS_BEHAVIOUR_DATASET/normal/20260509_115246.wav,normal,normal
/media/feliciano/Aux/AI_AFS_DATASET/AFS_BEHAVIOUR_DATASET/normal/20260509_115248.wav,normal,normal
/media/feliciano/Aux/AI_AFS_DATASET/AFS_BEHAVIOUR_DATASET/normal/20260509_115250.wav,normal,normal
/media/feliciano/Aux/AI_AFS_DATASET/AFS_BEHAVIOUR_DATASET/normal/20260509_115252.wav,normal,normal
/media/feliciano/Aux/AI_AFS_DATASET/AFS_BEHAVIOUR_DATASET/normal/20260509_115254.wav,normal,normal
/media/feliciano/Aux/AI_AFS_DATASET/AFS_BEHAVIOUR_DATASET/normal/20260509_115256.wav,normal,normal
/media/feliciano/Aux/AI_AFS_DATASET/AFS_BEHAVIOUR_DATASET/normal/20260509_115258.wav,normal,normal
/media/feliciano/Aux/AI_AFS_DATASET/AFS_BEHAVIOUR_DATASET/normal/20260509_115300.wav,normal,normal
/media/feliciano/Aux/AI_AFS_DATASET/AFS_BEHAVIOUR_DATASET/normal/20260509_115302.wav,normal,normal
/media/feliciano/Aux/AI_AFS_DATASET/AFS_BEHAVIOUR_DATASET/normal/20260509_115304.wav,normal,normal
/media/feliciano/Aux/AI_AFS_DATASET/AFS_BEHAVIOUR_DATASET/normal/20260509_115306.wav,normal,normal
/media/feliciano/Aux/AI_AFS_DATASET/AFS_BEHAVIOUR_DATASET/normal/20260509_115308.wav,normal,normal
/media/feliciano/Aux/AI_AFS_DATASET/AFS_BEHAVIOUR_DATASET/normal/20260509_115310.wav,normal,normal
/media/feliciano/Aux/AI_AFS_DATASET/AFS_BEHAVIOUR_DATASET/normal/20260509_115312.wav,normal,normal
/media/feliciano/Aux/AI_AFS_DATASET/AFS_BEHAVIOUR_DATASET/normal/20260509_115314.wav,normal,normal
/media/feliciano/Aux/AI_AFS_DATASET/AFS_BEHAVIOUR_DATASET/normal/20260509_115316.wav,normal,normal
/media/feliciano/Aux/AI_AFS_DATASET/AFS_BEHAVIOUR_DATASET/normal/20260509_115318.wav,normal,normal
/media/feliciano/Aux/AI_AFS_DATASET/AFS_BEHAVIOUR_DATASET/normal/20260509_115320.wav,normal,normal
/media/feliciano/Aux/AI_AFS_DATASET/AFS_BEHAVIOUR_DATASET/normal/20260509_115322.wav,normal,normal
/media/feliciano/Aux/AI_AFS_DATASET/AFS_BEHAVIOUR_DATASET/normal/20260509_115324.wav,normal,normal
/media/feliciano/Aux/AI_AFS_DATASET/AFS_BEHAVIOUR_DATASET/normal/20260509_115326.wav,normal,normal
/media/feliciano/Aux/AI_AFS_DATASET/AFS_BEHAVIOUR_DATASET/normal/20260509_115328.wav,normal,normal
/media/feliciano/Aux/AI_AFS_DATASET/AFS_BEHAVIOUR_DATASET/normal/20260509_115330.wav,normal,normal
/media/feliciano/Aux/AI_AFS_DATASET/AFS_BEHAVIOUR_DATASET/normal/20260509_115332.wav,normal,normal
/media/feliciano/Aux/AI_AFS_DATASET/AFS_BEHAVIOUR_DATASET/normal/20260509_115334.wav,normal,normal
/media/feliciano/Aux/AI_AFS_DATASET/AFS_BEHAVIOUR_DATASET/normal/20260509_115336.wav,normal,normal
/media/feliciano/Aux/AI_AFS_DATASET/AFS_BEHAVIOUR_DATASET/normal/20260509_115338.wav,normal,normal
/media/feliciano/Aux/AI_AFS_DATASET/AFS_BEHAVIOUR_DATASET/normal/20260509_115340.wav,normal,normal
/media/feliciano/Aux/AI_AFS_DATASET/AFS_BEHAVIOUR_DATASET/normal/20260509_115342.wav,normal,normal
/media/feliciano/Aux/AI_AFS_DATASET/AFS_BEHAVIOUR_DATASET/normal/20260509_115344.wav,normal,normal
/media/feliciano/Aux/AI_AFS_DATASET/AFS_BEHAVIOUR_DATASET/normal/20260509_115346.wav,normal,normal
/media/feliciano/Aux/AI_AFS_DATASET/AFS_BEHAVIOUR_DATASET/normal/20260509_115348.wav,normal,normal
/media/feliciano/Aux/AI_AFS_DATASET/AFS_BEHAVIOUR_DATASET/normal/20260509_115350.wav,normal,normal
/media/feliciano/Aux/AI_AFS_DATASET/AFS_BEHAVIOUR_DATASET/normal/20260509_115352.wav,normal,normal
/media/feliciano/Aux/AI_AFS_DATASET/AFS_BEHAVIOUR_DATASET/normal/20260509_115354.wav,normal,normal
/media/feliciano/Aux/AI_AFS_DATASET/AFS_BEHAVIOUR_DATASET/normal/20260509_115356.wav,normal,normal
/media/feliciano/Aux/AI_AFS_DATASET/AFS_BEHAVIOUR_DATASET/normal/20260509_115358.wav,normal,normal
/media/feliciano/Aux/AI_AFS_DATASET/AFS_BEHAVIOUR_DATASET/normal/20260509_134000.wav,normal,normal
/media/feliciano/Aux/AI_AFS_DATASET/AFS_BEHAVIOUR_DATASET/normal/20260509_134002.wav,normal,normal
/media/feliciano/Aux/AI_AFS_DATASET/AFS_BEHAVIOUR_DATASET/normal/20260509_134004.wav,normal,normal
/media/feliciano/Aux/AI_AFS_DATASET/AFS_BEHAVIOUR_DATASET/normal/20260509_134006.wav,normal,normal
/media/feliciano/Aux/AI_AFS_DATASET/AFS_BEHAVIOUR_DATASET/normal/20260509_134008.wav,normal,normal
/media/feliciano/Aux/AI_AFS_DATASET/AFS_BEHAVIOUR_DATASET/normal/20260509_134010.wav,normal,normal
/media/feliciano/Aux/AI_AFS_DATASET/AFS_BEHAVIOUR_DATASET/normal/20260509_134012.wav,normal,normal
/media/feliciano/Aux/AI_AFS_DATASET/AFS_BEHAVIOUR_DATASET/normal/20260509_134014.wav,normal,normal
/media/feliciano/Aux/AI_AFS_DATASET/AFS_BEHAVIOUR_DATASET/normal/20260509_134016.wav,normal,normal
/media/feliciano/Aux/AI_AFS_DATASET/AFS_BEHAVIOUR_DATASET/normal/20260509_134018.wav,normal,normal
/media/feliciano/Aux/AI_AFS_DATASET/AFS_BEHAVIOUR_DATASET/normal/20260509_134020.wav,normal,normal
/media/feliciano/Aux/AI_AFS_DATASET/AFS_BEHAVIOUR_DATASET/normal/20260509_134022.wav,normal,clustering
/media/feliciano/Aux/AI_AFS_DATASET/AFS_BEHAVIOUR_DATASET/normal/20260509_134024.wav,normal,normal
/media/feliciano/Aux/AI_AFS_DATASET/AFS_BEHAVIOUR_DATASET/normal/20260509_134026.wav,normal,normal
/media/feliciano/Aux/AI_AFS_DATASET/AFS_BEHAVIOUR_DATASET/normal/20260509_134028.wav,normal,normal
/media/feliciano/Aux/AI_AFS_DATASET/AFS_BEHAVIOUR_DATASET/normal/20260509_134030.wav,normal,normal
/media/feliciano/Aux/AI_AFS_DATASET/AFS_BEHAVIOUR_DATASET/normal/20260509_134032.wav,normal,normal
/media/feliciano/Aux/AI_AFS_DATASET/AFS_BEHAVIOUR_DATASET/normal/20260509_134034.wav,normal,normal
/media/feliciano/Aux/AI_AFS_DATASET/AFS_BEHAVIOUR_DATASET/normal/20260509_134036.wav,normal,normal
/media/feliciano/Aux/AI_AFS_DATASET/AFS_BEHAVIOUR_DATASET/normal/20260509_134038.wav,normal,normal
/media/feliciano/Aux/AI_AFS_DATASET/AFS_BEHAVIOUR_DATASET/normal/20260509_134040.wav,normal,normal
/media/feliciano/Aux/AI_AFS_DATASET/AFS_BEHAVIOUR_DATASET/normal/20260509_134042.wav,normal,normal
/media/feliciano/Aux/AI_AFS_DATASET/AFS_BEHAVIOUR_DATASET/normal/20260509_134044.wav,normal,normal
/media/feliciano/Aux/AI_AFS_DATASET/AFS_BEHAVIOUR_DATASET/normal/20260509_134046.wav,normal,normal
/media/feliciano/Aux/AI_AFS_DATASET/AFS_BEHAVIOUR_DATASET/normal/20260509_134048.wav,normal,normal
/media/feliciano/Aux/AI_AFS_DATASET/AFS_BEHAVIOUR_DATASET/normal/20260509_134050.wav,normal,normal
/media/feliciano/Aux/AI_AFS_DATASET/AFS_BEHAVIOUR_DATASET/normal/20260509_134052.wav,normal,normal
/media/feliciano/Aux/AI_AFS_DATASET/AFS_BEHAVIOUR_DATASET/normal/20260509_134054.wav,normal,normal
/media/feliciano/Aux/AI_AFS_DATASET/AFS_BEHAVIOUR_DATASET/normal/20260509_134056.wav,normal,normal
/media/feliciano/Aux/AI_AFS_DATASET/AFS_BEHAVIOUR_DATASET/normal/20260509_134058.wav,normal,normal
/media/feliciano/Aux/AI_AFS_DATASET/AFS_BEHAVIOUR_DATASET/normal/20260509_134100.wav,normal,normal
/media/feliciano/Aux/AI_AFS_DATASET/AFS_BEHAVIOUR_DATASET/normal/20260509_134102.wav,normal,clustering
/media/feliciano/Aux/AI_AFS_DATASET/AFS_BEHAVIOUR_DATASET/normal/20260509_134104.wav,normal,normal
/media/feliciano/Aux/AI_AFS_DATASET/AFS_BEHAVIOUR_DATASET/normal/20260509_134106.wav,normal,normal
/media/feliciano/Aux/AI_AFS_DATASET/AFS_BEHAVIOUR_DATASET/normal/20260509_134108.wav,normal,normal
/media/feliciano/Aux/AI_AFS_DATASET/AFS_BEHAVIOUR_DATASET/normal/20260509_134110.wav,normal,normal
/media/feliciano/Aux/AI_AFS_DATASET/AFS_BEHAVIOUR_DATASET/normal/20260509_134112.wav,normal,clustering
/media/feliciano/Aux/AI_AFS_DATASET/AFS_BEHAVIOUR_DATASET/normal/20260509_134114.wav,normal,normal
/media/feliciano/Aux/AI_AFS_DATASET/AFS_BEHAVIOUR_DATASET/normal/20260509_134116.wav,normal,normal
/media/feliciano/Aux/AI_AFS_DATASET/AFS_BEHAVIOUR_DATASET/normal/20260509_134118.wav,normal,normal
/media/feliciano/Aux/AI_AFS_DATASET/AFS_BEHAVIOUR_DATASET/normal/20260509_134120.wav,normal,clustering
/media/feliciano/Aux/AI_AFS_DATASET/AFS_BEHAVIOUR_DATASET/normal/20260509_134122.wav,normal,clustering
/media/feliciano/Aux/AI_AFS_DATASET/AFS_BEHAVIOUR_DATASET/normal/20260509_134124.wav,normal,normal
/media/feliciano/Aux/AI_AFS_DATASET/AFS_BEHAVIOUR_DATASET/normal/20260509_134126.wav,normal,normal
/media/feliciano/Aux/AI_AFS_DATASET/AFS_BEHAVIOUR_DATASET/normal/20260509_134128.wav,normal,normal
/media/feliciano/Aux/AI_AFS_DATASET/AFS_BEHAVIOUR_DATASET/normal/20260509_134130.wav,normal,clustering
/media/feliciano/Aux/AI_AFS_DATASET/AFS_BEHAVIOUR_DATASET/normal/20260509_134132.wav,normal,clustering
/media/feliciano/Aux/AI_AFS_DATASET/AFS_BEHAVIOUR_DATASET/normal/20260509_134134.wav,normal,clustering
/media/feliciano/Aux/AI_AFS_DATASET/AFS_BEHAVIOUR_DATASET/normal/20260509_134136.wav,normal,normal
/media/feliciano/Aux/AI_AFS_DATASET/AFS_BEHAVIOUR_DATASET/normal/20260509_134138.wav,normal,clustering
/media/feliciano/Aux/AI_AFS_DATASET/AFS_BEHAVIOUR_DATASET/normal/20260509_134140.wav,normal,normal
/media/feliciano/Aux/AI_AFS_DATASET/AFS_BEHAVIOUR_DATASET/normal/20260509_134142.wav,normal,normal
/media/feliciano/Aux/AI_AFS_DATASET/AFS_BEHAVIOUR_DATASET/normal/20260509_134144.wav,normal,normal
/media/feliciano/Aux/AI_AFS_DATASET/AFS_BEHAVIOUR_DATASET/normal/20260509_134146.wav,normal,normal
/media/feliciano/Aux/AI_AFS_DATASET/AFS_BEHAVIOUR_DATASET/normal/20260509_134148.wav,normal,normal
/media/feliciano/Aux/AI_AFS_DATASET/AFS_BEHAVIOUR_DATASET/normal/20260509_134150.wav,normal,normal
/media/feliciano/Aux/AI_AFS_DATASET/AFS_BEHAVIOUR_DATASET/normal/20260509_134152.wav,normal,clustering
/media/feliciano/Aux/AI_AFS_DATASET/AFS_BEHAVIOUR_DATASET/normal/20260509_134154.wav,normal,normal
/media/feliciano/Aux/AI_AFS_DATASET/AFS_BEHAVIOUR_DATASET/normal/20260509_134156.wav,normal,clustering
/media/feliciano/Aux/AI_AFS_DATASET/AFS_BEHAVIOUR_DATASET/normal/20260509_134158.wav,normal,clustering
/media/feliciano/Aux/AI_AFS_DATASET/AFS_BEHAVIOUR_DATASET/normal/20260509_134200.wav,normal,normal
/media/feliciano/Aux/AI_AFS_DATASET/AFS_BEHAVIOUR_DATASET/normal/20260509_134202.wav,normal,normal
/media/feliciano/Aux/AI_AFS_DATASET/AFS_BEHAVIOUR_DATASET/normal/20260509_134204.wav,normal,clustering
/media/feliciano/Aux/AI_AFS_DATASET/AFS_BEHAVIOUR_DATASET/normal/20260509_134206.wav,normal,clustering
/media/feliciano/Aux/AI_AFS_DATASET/AFS_BEHAVIOUR_DATASET/normal/20260509_134208.wav,normal,clustering
/media/feliciano/Aux/AI_AFS_DATASET/AFS_BEHAVIOUR_DATASET/normal/20260509_134210.wav,normal,clustering
/media/feliciano/Aux/AI_AFS_DATASET/AFS_BEHAVIOUR_DATASET/normal/20260509_134212.wav,normal,normal
/media/feliciano/Aux/AI_AFS_DATASET/AFS_BEHAVIOUR_DATASET/normal/20260509_134214.wav,normal,clustering
/media/feliciano/Aux/AI_AFS_DATASET/AFS_BEHAVIOUR_DATASET/normal/20260509_134216.wav,normal,normal
/media/feliciano/Aux/AI_AFS_DATASET/AFS_BEHAVIOUR_DATASET/normal/20260509_134218.wav,normal,normal
/media/feliciano/Aux/AI_AFS_DATASET/AFS_BEHAVIOUR_DATASET/normal/20260509_134220.wav,normal,clustering
/media/feliciano/Aux/AI_AFS_DATASET/AFS_BEHAVIOUR_DATASET/normal/20260509_134222.wav,normal,clustering
/media/feliciano/Aux/AI_AFS_DATASET/AFS_BEHAVIOUR_DATASET/normal/20260509_134224.wav,normal,normal
/media/feliciano/Aux/AI_AFS_DATASET/AFS_BEHAVIOUR_DATASET/normal/20260509_134226.wav,normal,clustering
/media/feliciano/Aux/AI_AFS_DATASET/AFS_BEHAVIOUR_DATASET/normal/20260509_134228.wav,normal,normal
/media/feliciano/Aux/AI_AFS_DATASET/AFS_BEHAVIOUR_DATASET/normal/20260509_134230.wav,normal,clustering
/media/feliciano/Aux/AI_AFS_DATASET/AFS_BEHAVIOUR_DATASET/normal/20260509_134232.wav,normal,normal
/media/feliciano/Aux/AI_AFS_DATASET/AFS_BEHAVIOUR_DATASET/normal/20260509_134234.wav,normal,normal
/media/feliciano/Aux/AI_AFS_DATASET/AFS_BEHAVIOUR_DATASET/normal/20260509_134236.wav,normal,normal
/media/feliciano/Aux/AI_AFS_DATASET/AFS_BEHAVIOUR_DATASET/normal/20260509_134238.wav,normal,clustering
/media/feliciano/Aux/AI_AFS_DATASET/AFS_BEHAVIOUR_DATASET/normal/20260509_134240.wav,normal,normal
/media/feliciano/Aux/AI_AFS_DATASET/AFS_BEHAVIOUR_DATASET/normal/20260509_134242.wav,normal,clustering
/media/feliciano/Aux/AI_AFS_DATASET/AFS_BEHAVIOUR_DATASET/normal/20260509_134244.wav,normal,normal
/media/feliciano/Aux/AI_AFS_DATASET/AFS_BEHAVIOUR_DATASET/normal/20260509_134246.wav,normal,normal
/media/feliciano/Aux/AI_AFS_DATASET/AFS_BEHAVIOUR_DATASET/normal/20260509_134248.wav,normal,clustering
/media/feliciano/Aux/AI_AFS_DATASET/AFS_BEHAVIOUR_DATASET/normal/20260509_134250.wav,normal,clustering
/media/feliciano/Aux/AI_AFS_DATASET/AFS_BEHAVIOUR_DATASET/normal/20260509_134252.wav,normal,clustering
/media/feliciano/Aux/AI_AFS_DATASET/AFS_BEHAVIOUR_DATASET/normal/20260509_134254.wav,normal,clustering
/media/feliciano/Aux/AI_AFS_DATASET/AFS_BEHAVIOUR_DATASET/normal/20260509_134256.wav,normal,clustering
/media/feliciano/Aux/AI_AFS_DATASET/AFS_BEHAVIOUR_DATASET/normal/20260509_134258.wav,normal,clustering
/media/feliciano/Aux/AI_AFS_DATASET/AFS_BEHAVIOUR_DATASET/normal/20260509_134300.wav,normal,clustering
/media/feliciano/Aux/AI_AFS_DATASET/AFS_BEHAVIOUR_DATASET/normal/20260509_134302.wav,normal,normal
/media/feliciano/Aux/AI_AFS_DATASET/AFS_BEHAVIOUR_DATASET/normal/20260509_134304.wav,normal,normal
/media/feliciano/Aux/AI_AFS_DATASET/AFS_BEHAVIOUR_DATASET/normal/20260509_134306.wav,normal,clustering
/media/feliciano/Aux/AI_AFS_DATASET/AFS_BEHAVIOUR_DATASET/normal/20260509_134308.wav,normal,normal
/media/feliciano/Aux/AI_AFS_DATASET/AFS_BEHAVIOUR_DATASET/normal/20260509_134310.wav,normal,normal
/media/feliciano/Aux/AI_AFS_DATASET/AFS_BEHAVIOUR_DATASET/normal/20260509_134312.wav,normal,normal
/media/feliciano/Aux/AI_AFS_DATASET/AFS_BEHAVIOUR_DATASET/normal/20260509_134314.wav,normal,clustering
/media/feliciano/Aux/AI_AFS_DATASET/AFS_BEHAVIOUR_DATASET/normal/20260509_134316.wav,normal,clustering
/media/feliciano/Aux/AI_AFS_DATASET/AFS_BEHAVIOUR_DATASET/normal/20260509_134318.wav,normal,clustering
/media/feliciano/Aux/AI_AFS_DATASET/AFS_BEHAVIOUR_DATASET/normal/20260509_134320.wav,normal,normal
/media/feliciano/Aux/AI_AFS_DATASET/AFS_BEHAVIOUR_DATASET/normal/20260509_134322.wav,normal,clustering
/media/feliciano/Aux/AI_AFS_DATASET/AFS_BEHAVIOUR_DATASET/normal/20260509_134324.wav,normal,normal
/media/feliciano/Aux/AI_AFS_DATASET/AFS_BEHAVIOUR_DATASET/normal/20260509_134326.wav,normal,normal
/media/feliciano/Aux/AI_AFS_DATASET/AFS_BEHAVIOUR_DATASET/normal/20260509_134328.wav,normal,normal
/media/feliciano/Aux/AI_AFS_DATASET/AFS_BEHAVIOUR_DATASET/normal/20260509_134330.wav,normal,normal
/media/feliciano/Aux/AI_AFS_DATASET/AFS_BEHAVIOUR_DATASET/normal/20260509_134332.wav,normal,clustering
/media/feliciano/Aux/AI_AFS_DATASET/AFS_BEHAVIOUR_DATASET/normal/20260509_134334.wav,normal,normal
/media/feliciano/Aux/AI_AFS_DATASET/AFS_BEHAVIOUR_DATASET/normal/20260509_134336.wav,normal,normal
/media/feliciano/Aux/AI_AFS_DATASET/AFS_BEHAVIOUR_DATASET/normal/20260509_134338.wav,normal,clustering
/media/feliciano/Aux/AI_AFS_DATASET/AFS_BEHAVIOUR_DATASET/normal/20260509_134340.wav,normal,normal
/media/feliciano/Aux/AI_AFS_DATASET/AFS_BEHAVIOUR_DATASET/normal/20260509_134342.wav,normal,clustering
/media/feliciano/Aux/AI_AFS_DATASET/AFS_BEHAVIOUR_DATASET/normal/20260509_134344.wav,normal,normal
/media/feliciano/Aux/AI_AFS_DATASET/AFS_BEHAVIOUR_DATASET/normal/20260509_134346.wav,normal,normal
/media/feliciano/Aux/AI_AFS_DATASET/AFS_BEHAVIOUR_DATASET/normal/20260509_134348.wav,normal,normal
/media/feliciano/Aux/AI_AFS_DATASET/AFS_BEHAVIOUR_DATASET/normal/20260509_134350.wav,normal,normal
/media/feliciano/Aux/AI_AFS_DATASET/AFS_BEHAVIOUR_DATASET/normal/20260509_134352.wav,normal,normal
/media/feliciano/Aux/AI_AFS_DATASET/AFS_BEHAVIOUR_DATASET/normal/20260509_134354.wav,normal,normal
/media/feliciano/Aux/AI_AFS_DATASET/AFS_BEHAVIOUR_DATASET/normal/20260509_134356.wav,normal,clustering
/media/feliciano/Aux/AI_AFS_DATASET/AFS_BEHAVIOUR_DATASET/normal/20260509_134358.wav,normal,normal
/media/feliciano/Aux/AI_AFS_DATASET/AFS_BEHAVIOUR_DATASET/normal/20260509_134400.wav,normal,normal
/media/feliciano/Aux/AI_AFS_DATASET/AFS_BEHAVIOUR_DATASET/normal/20260509_134402.wav,normal,normal
/media/feliciano/Aux/AI_AFS_DATASET/AFS_BEHAVIOUR_DATASET/normal/20260509_134404.wav,normal,normal
/media/feliciano/Aux/AI_AFS_DATASET/AFS_BEHAVIOUR_DATASET/normal/20260509_134406.wav,normal,normal
/media/feliciano/Aux/AI_AFS_DATASET/AFS_BEHAVIOUR_DATASET/normal/20260509_134408.wav,normal,clustering
/media/feliciano/Aux/AI_AFS_DATASET/AFS_BEHAVIOUR_DATASET/normal/20260509_134410.wav,normal,normal
/media/feliciano/Aux/AI_AFS_DATASET/AFS_BEHAVIOUR_DATASET/normal/20260509_134412.wav,normal,normal
/media/feliciano/Aux/AI_AFS_DATASET/AFS_BEHAVIOUR_DATASET/normal/20260509_134414.wav,normal,normal
/media/feliciano/Aux/AI_AFS_DATASET/AFS_BEHAVIOUR_DATASET/normal/20260509_134416.wav,normal,normal
/media/feliciano/Aux/AI_AFS_DATASET/AFS_BEHAVIOUR_DATASET/normal/20260509_134418.wav,normal,clustering
/media/feliciano/Aux/AI_AFS_DATASET/AFS_BEHAVIOUR_DATASET/normal/20260509_134420.wav,normal,normal
/media/feliciano/Aux/AI_AFS_DATASET/AFS_BEHAVIOUR_DATASET/normal/20260509_134422.wav,normal,clustering
/media/feliciano/Aux/AI_AFS_DATASET/AFS_BEHAVIOUR_DATASET/normal/20260509_134424.wav,normal,clustering
/media/feliciano/Aux/AI_AFS_DATASET/AFS_BEHAVIOUR_DATASET/normal/20260509_134426.wav,normal,normal
/media/feliciano/Aux/AI_AFS_DATASET/AFS_BEHAVIOUR_DATASET/normal/20260509_134428.wav,normal,normal
/media/feliciano/Aux/AI_AFS_DATASET/AFS_BEHAVIOUR_DATASET/normal/20260509_134430.wav,normal,normal
/media/feliciano/Aux/AI_AFS_DATASET/AFS_BEHAVIOUR_DATASET/normal/20260509_134432.wav,normal,normal
/media/feliciano/Aux/AI_AFS_DATASET/AFS_BEHAVIOUR_DATASET/normal/20260509_134434.wav,normal,normal
/media/feliciano/Aux/AI_AFS_DATASET/AFS_BEHAVIOUR_DATASET/normal/20260509_134436.wav,normal,normal
/media/feliciano/Aux/AI_AFS_DATASET/AFS_BEHAVIOUR_DATASET/normal/20260509_134438.wav,normal,normal
/media/feliciano/Aux/AI_AFS_DATASET/AFS_BEHAVIOUR_DATASET/normal/20260509_134440.wav,normal,clustering
/media/feliciano/Aux/AI_AFS_DATASET/AFS_BEHAVIOUR_DATASET/normal/20260509_134442.wav,normal,clustering
/media/feliciano/Aux/AI_AFS_DATASET/AFS_BEHAVIOUR_DATASET/normal/20260509_134444.wav,normal,clustering
/media/feliciano/Aux/AI_AFS_DATASET/AFS_BEHAVIOUR_DATASET/normal/20260509_134446.wav,normal,clustering
/media/feliciano/Aux/AI_AFS_DATASET/AFS_BEHAVIOUR_DATASET/normal/20260509_134448.wav,normal,clustering
/media/feliciano/Aux/AI_AFS_DATASET/AFS_BEHAVIOUR_DATASET/normal/20260509_134450.wav,normal,clustering
/media/feliciano/Aux/AI_AFS_DATASET/AFS_BEHAVIOUR_DATASET/normal/20260509_134452.wav,normal,normal
/media/feliciano/Aux/AI_AFS_DATASET/AFS_BEHAVIOUR_DATASET/normal/20260509_134454.wav,normal,clustering
/media/feliciano/Aux/AI_AFS_DATASET/AFS_BEHAVIOUR_DATASET/normal/20260509_134456.wav,normal,clustering
/media/feliciano/Aux/AI_AFS_DATASET/AFS_BEHAVIOUR_DATASET/normal/20260509_134458.wav,normal,clustering
/media/feliciano/Aux/AI_AFS_DATASET/AFS_BEHAVIOUR_DATASET/normal/20260509_134500.wav,normal,clustering
/media/feliciano/Aux/AI_AFS_DATASET/AFS_BEHAVIOUR_DATASET/normal/20260509_134502.wav,normal,clustering
/media/feliciano/Aux/AI_AFS_DATASET/AFS_BEHAVIOUR_DATASET/normal/20260509_134504.wav,normal,clustering
/media/feliciano/Aux/AI_AFS_DATASET/AFS_BEHAVIOUR_DATASET/normal/20260509_134506.wav,normal,clustering
/media/feliciano/Aux/AI_AFS_DATASET/AFS_BEHAVIOUR_DATASET/normal/20260509_134508.wav,normal,clustering
/media/feliciano/Aux/AI_AFS_DATASET/AFS_BEHAVIOUR_DATASET/normal/20260509_134510.wav,normal,clustering
/media/feliciano/Aux/AI_AFS_DATASET/AFS_BEHAVIOUR_DATASET/normal/20260509_134512.wav,normal,normal
/media/feliciano/Aux/AI_AFS_DATASET/AFS_BEHAVIOUR_DATASET/normal/20260509_134514.wav,normal,clustering
/media/feliciano/Aux/AI_AFS_DATASET/AFS_BEHAVIOUR_DATASET/normal/20260509_134516.wav,normal,normal
/media/feliciano/Aux/AI_AFS_DATASET/AFS_BEHAVIOUR_DATASET/normal/20260509_134518.wav,normal,normal
/media/feliciano/Aux/AI_AFS_DATASET/AFS_BEHAVIOUR_DATASET/normal/20260509_134520.wav,normal,normal
/media/feliciano/Aux/AI_AFS_DATASET/AFS_BEHAVIOUR_DATASET/normal/20260509_134522.wav,normal,normal
/media/feliciano/Aux/AI_AFS_DATASET/AFS_BEHAVIOUR_DATASET/normal/20260509_134524.wav,normal,clustering
/media/feliciano/Aux/AI_AFS_DATASET/AFS_BEHAVIOUR_DATASET/normal/20260509_134526.wav,normal,clustering
/media/feliciano/Aux/AI_AFS_DATASET/AFS_BEHAVIOUR_DATASET/normal/20260509_134528.wav,normal,clustering
/media/feliciano/Aux/AI_AFS_DATASET/AFS_BEHAVIOUR_DATASET/normal/20260509_134530.wav,normal,clustering
/media/feliciano/Aux/AI_AFS_DATASET/AFS_BEHAVIOUR_DATASET/normal/20260509_134532.wav,normal,clustering
/media/feliciano/Aux/AI_AFS_DATASET/AFS_BEHAVIOUR_DATASET/normal/20260509_134534.wav,normal,normal
/media/feliciano/Aux/AI_AFS_DATASET/AFS_BEHAVIOUR_DATASET/normal/20260509_134536.wav,normal,clustering
/media/feliciano/Aux/AI_AFS_DATASET/AFS_BEHAVIOUR_DATASET/normal/20260509_134538.wav,normal,clustering
/media/feliciano/Aux/AI_AFS_DATASET/AFS_BEHAVIOUR_DATASET/normal/20260509_134540.wav,normal,clustering
/media/feliciano/Aux/AI_AFS_DATASET/AFS_BEHAVIOUR_DATASET/normal/20260509_134542.wav,normal,clustering
/media/feliciano/Aux/AI_AFS_DATASET/AFS_BEHAVIOUR_DATASET/normal/20260509_134544.wav,normal,clustering
/media/feliciano/Aux/AI_AFS_DATASET/AFS_BEHAVIOUR_DATASET/normal/20260509_134546.wav,normal,clustering
/media/feliciano/Aux/AI_AFS_DATASET/AFS_BEHAVIOUR_DATASET/normal/20260509_134548.wav,normal,normal
/media/feliciano/Aux/AI_AFS_DATASET/AFS_BEHAVIOUR_DATASET/normal/20260509_134550.wav,normal,normal
/media/feliciano/Aux/AI_AFS_DATASET/AFS_BEHAVIOUR_DATASET/normal/20260509_134552.wav,normal,normal
/media/feliciano/Aux/AI_AFS_DATASET/AFS_BEHAVIOUR_DATASET/normal/20260509_134554.wav,normal,clustering
/media/feliciano/Aux/AI_AFS_DATASET/AFS_BEHAVIOUR_DATASET/normal/20260509_134556.wav,normal,normal
/media/feliciano/Aux/AI_AFS_DATASET/AFS_BEHAVIOUR_DATASET/normal/20260509_134558.wav,normal,normal
/media/feliciano/Aux/AI_AFS_DATASET/AFS_BEHAVIOUR_DATASET/normal/20260509_134600.wav,normal,normal
/media/feliciano/Aux/AI_AFS_DATASET/AFS_BEHAVIOUR_DATASET/normal/20260509_134602.wav,normal,clustering
/media/feliciano/Aux/AI_AFS_DATASET/AFS_BEHAVIOUR_DATASET/normal/20260509_134604.wav,normal,clustering
/media/feliciano/Aux/AI_AFS_DATASET/AFS_BEHAVIOUR_DATASET/normal/20260509_134606.wav,normal,clustering
/media/feliciano/Aux/AI_AFS_DATASET/AFS_BEHAVIOUR_DATASET/normal/20260509_134608.wav,normal,clustering
/media/feliciano/Aux/AI_AFS_DATASET/AFS_BEHAVIOUR_DATASET/normal/20260509_134610.wav,normal,clustering
/media/feliciano/Aux/AI_AFS_DATASET/AFS_BEHAVIOUR_DATASET/normal/20260509_134612.wav,normal,clustering
/media/feliciano/Aux/AI_AFS_DATASET/AFS_BEHAVIOUR_DATASET/normal/20260509_134614.wav,normal,normal
/media/feliciano/Aux/AI_AFS_DATASET/AFS_BEHAVIOUR_DATASET/normal/20260509_134616.wav,normal,normal
/media/feliciano/Aux/AI_AFS_DATASET/AFS_BEHAVIOUR_DATASET/normal/20260509_134618.wav,normal,clustering
/media/feliciano/Aux/AI_AFS_DATASET/AFS_BEHAVIOUR_DATASET/normal/20260509_134620.wav,normal,clustering
/media/feliciano/Aux/AI_AFS_DATASET/AFS_BEHAVIOUR_DATASET/normal/20260509_134622.wav,normal,clustering
/media/feliciano/Aux/AI_AFS_DATASET/AFS_BEHAVIOUR_DATASET/normal/20260509_134624.wav,normal,clustering
/media/feliciano/Aux/AI_AFS_DATASET/AFS_BEHAVIOUR_DATASET/normal/20260509_134626.wav,normal,clustering
/media/feliciano/Aux/AI_AFS_DATASET/AFS_BEHAVIOUR_DATASET/normal/20260509_134628.wav,normal,normal
/media/feliciano/Aux/AI_AFS_DATASET/AFS_BEHAVIOUR_DATASET/normal/20260509_134630.wav,normal,normal
/media/feliciano/Aux/AI_AFS_DATASET/AFS_BEHAVIOUR_DATASET/normal/20260509_134632.wav,normal,clustering
/media/feliciano/Aux/AI_AFS_DATASET/AFS_BEHAVIOUR_DATASET/normal/20260509_134634.wav,normal,normal
/media/feliciano/Aux/AI_AFS_DATASET/AFS_BEHAVIOUR_DATASET/normal/20260509_134636.wav,normal,normal
/media/feliciano/Aux/AI_AFS_DATASET/AFS_BEHAVIOUR_DATASET/normal/20260509_134638.wav,normal,normal
/media/feliciano/Aux/AI_AFS_DATASET/AFS_BEHAVIOUR_DATASET/normal/20260509_134640.wav,normal,normal
/media/feliciano/Aux/AI_AFS_DATASET/AFS_BEHAVIOUR_DATASET/normal/20260509_134642.wav,normal,clustering
/media/feliciano/Aux/AI_AFS_DATASET/AFS_BEHAVIOUR_DATASET/normal/20260509_134644.wav,normal,normal
/media/feliciano/Aux/AI_AFS_DATASET/AFS_BEHAVIOUR_DATASET/normal/20260509_134646.wav,normal,clustering
/media/feliciano/Aux/AI_AFS_DATASET/AFS_BEHAVIOUR_DATASET/normal/20260509_134648.wav,normal,normal
/media/feliciano/Aux/AI_AFS_DATASET/AFS_BEHAVIOUR_DATASET/normal/20260509_134650.wav,normal,normal
/media/feliciano/Aux/AI_AFS_DATASET/AFS_BEHAVIOUR_DATASET/normal/20260509_134652.wav,normal,clustering
/media/feliciano/Aux/AI_AFS_DATASET/AFS_BEHAVIOUR_DATASET/normal/20260509_134654.wav,normal,clustering
/media/feliciano/Aux/AI_AFS_DATASET/AFS_BEHAVIOUR_DATASET/normal/20260509_134656.wav,normal,normal
/media/feliciano/Aux/AI_AFS_DATASET/AFS_BEHAVIOUR_DATASET/normal/20260509_134658.wav,normal,normal
/media/feliciano/Aux/AI_AFS_DATASET/AFS_BEHAVIOUR_DATASET/normal/20260516_085000.wav,normal,agitation
/media/feliciano/Aux/AI_AFS_DATASET/AFS_BEHAVIOUR_DATASET/normal/20260516_085002.wav,normal,agitation
/media/feliciano/Aux/AI_AFS_DATASET/AFS_BEHAVIOUR_DATASET/normal/20260516_085004.wav,normal,agitation
/media/feliciano/Aux/AI_AFS_DATASET/AFS_BEHAVIOUR_DATASET/normal/20260516_085006.wav,normal,agitation
/media/feliciano/Aux/AI_AFS_DATASET/AFS_BEHAVIOUR_DATASET/normal/20260516_085008.wav,normal,agitation
/media/feliciano/Aux/AI_AFS_DATASET/AFS_BEHAVIOUR_DATASET/normal/20260516_085010.wav,normal,normal
/media/feliciano/Aux/AI_AFS_DATASET/AFS_BEHAVIOUR_DATASET/normal/20260516_085012.wav,normal,agitation
/media/feliciano/Aux/AI_AFS_DATASET/AFS_BEHAVIOUR_DATASET/normal/20260516_085014.wav,normal,agitation
/media/feliciano/Aux/AI_AFS_DATASET/AFS_BEHAVIOUR_DATASET/normal/20260516_085016.wav,normal,agitation
/media/feliciano/Aux/AI_AFS_DATASET/AFS_BEHAVIOUR_DATASET/normal/20260516_085018.wav,normal,normal
/media/feliciano/Aux/AI_AFS_DATASET/AFS_BEHAVIOUR_DATASET/normal/20260516_085020.wav,normal,agitation
/media/feliciano/Aux/AI_AFS_DATASET/AFS_BEHAVIOUR_DATASET/normal/20260516_085022.wav,normal,agitation
/media/feliciano/Aux/AI_AFS_DATASET/AFS_BEHAVIOUR_DATASET/normal/20260516_085024.wav,normal,agitation
/media/feliciano/Aux/AI_AFS_DATASET/AFS_BEHAVIOUR_DATASET/normal/20260516_085026.wav,normal,agitation
/media/feliciano/Aux/AI_AFS_DATASET/AFS_BEHAVIOUR_DATASET/normal/20260516_085028.wav,normal,agitation
/media/feliciano/Aux/AI_AFS_DATASET/AFS_BEHAVIOUR_DATASET/normal/20260516_085030.wav,normal,agitation
/media/feliciano/Aux/AI_AFS_DATASET/AFS_BEHAVIOUR_DATASET/normal/20260516_085032.wav,normal,agitation
/media/feliciano/Aux/AI_AFS_DATASET/AFS_BEHAVIOUR_DATASET/normal/20260516_085034.wav,normal,agitation
/media/feliciano/Aux/AI_AFS_DATASET/AFS_BEHAVIOUR_DATASET/normal/20260516_085036.wav,normal,agitation
/media/feliciano/Aux/AI_AFS_DATASET/AFS_BEHAVIOUR_DATASET/normal/20260516_085038.wav,normal,agitation
/media/feliciano/Aux/AI_AFS_DATASET/AFS_BEHAVIOUR_DATASET/normal/20260516_085040.wav,normal,normal
/media/feliciano/Aux/AI_AFS_DATASET/AFS_BEHAVIOUR_DATASET/normal/20260516_085042.wav,normal,normal
/media/feliciano/Aux/AI_AFS_DATASET/AFS_BEHAVIOUR_DATASET/normal/20260516_085044.wav,normal,agitation
/media/feliciano/Aux/AI_AFS_DATASET/AFS_BEHAVIOUR_DATASET/normal/20260516_085046.wav,normal,agitation
/media/feliciano/Aux/AI_AFS_DATASET/AFS_BEHAVIOUR_DATASET/normal/20260516_085048.wav,normal,normal
/media/feliciano/Aux/AI_AFS_DATASET/AFS_BEHAVIOUR_DATASET/normal/20260516_085050.wav,normal,normal
/media/feliciano/Aux/AI_AFS_DATASET/AFS_BEHAVIOUR_DATASET/normal/20260516_085052.wav,normal,normal
/media/feliciano/Aux/AI_AFS_DATASET/AFS_BEHAVIOUR_DATASET/normal/20260516_085054.wav,normal,agitation
/media/feliciano/Aux/AI_AFS_DATASET/AFS_BEHAVIOUR_DATASET/normal/20260516_085056.wav,normal,agitation
/media/feliciano/Aux/AI_AFS_DATASET/AFS_BEHAVIOUR_DATASET/normal/20260516_085058.wav,normal,agitation
/media/feliciano/Aux/AI_AFS_DATASET/AFS_BEHAVIOUR_DATASET/normal/20260516_085100.wav,normal,agitation
/media/feliciano/Aux/AI_AFS_DATASET/AFS_BEHAVIOUR_DATASET/normal/20260516_085102.wav,normal,agitation
/media/feliciano/Aux/AI_AFS_DATASET/AFS_BEHAVIOUR_DATASET/normal/20260516_085104.wav,normal,agitation
/media/feliciano/Aux/AI_AFS_DATASET/AFS_BEHAVIOUR_DATASET/normal/20260516_085106.wav,normal,agitation
/media/feliciano/Aux/AI_AFS_DATASET/AFS_BEHAVIOUR_DATASET/normal/20260516_085108.wav,normal,agitation
/media/feliciano/Aux/AI_AFS_DATASET/AFS_BEHAVIOUR_DATASET/normal/20260516_085110.wav,normal,agitation
/media/feliciano/Aux/AI_AFS_DATASET/AFS_BEHAVIOUR_DATASET/normal/20260516_085112.wav,normal,normal
/media/feliciano/Aux/AI_AFS_DATASET/AFS_BEHAVIOUR_DATASET/normal/20260516_085114.wav,normal,agitation
/media/feliciano/Aux/AI_AFS_DATASET/AFS_BEHAVIOUR_DATASET/normal/20260516_085116.wav,normal,agitation
/media/feliciano/Aux/AI_AFS_DATASET/AFS_BEHAVIOUR_DATASET/normal/20260516_085118.wav,normal,normal
/media/feliciano/Aux/AI_AFS_DATASET/AFS_BEHAVIOUR_DATASET/normal/20260516_085120.wav,normal,agitation
/media/feliciano/Aux/AI_AFS_DATASET/AFS_BEHAVIOUR_DATASET/normal/20260516_085122.wav,normal,agitation
/media/feliciano/Aux/AI_AFS_DATASET/AFS_BEHAVIOUR_DATASET/normal/20260516_085124.wav,normal,agitation
/media/feliciano/Aux/AI_AFS_DATASET/AFS_BEHAVIOUR_DATASET/normal/20260516_085126.wav,normal,normal
/media/feliciano/Aux/AI_AFS_DATASET/AFS_BEHAVIOUR_DATASET/normal/20260516_085128.wav,normal,agitation
/media/feliciano/Aux/AI_AFS_DATASET/AFS_BEHAVIOUR_DATASET/normal/20260516_085130.wav,normal,normal
/media/feliciano/Aux/AI_AFS_DATASET/AFS_BEHAVIOUR_DATASET/normal/20260516_085132.wav,normal,normal
/media/feliciano/Aux/AI_AFS_DATASET/AFS_BEHAVIOUR_DATASET/normal/20260516_085134.wav,normal,normal
/media/feliciano/Aux/AI_AFS_DATASET/AFS_BEHAVIOUR_DATASET/normal/20260516_085136.wav,normal,normal
/media/feliciano/Aux/AI_AFS_DATASET/AFS_BEHAVIOUR_DATASET/normal/20260516_085138.wav,normal,normal
/media/feliciano/Aux/AI_AFS_DATASET/AFS_BEHAVIOUR_DATASET/normal/20260516_085140.wav,normal,normal
/media/feliciano/Aux/AI_AFS_DATASET/AFS_BEHAVIOUR_DATASET/normal/20260516_085142.wav,normal,normal
/media/feliciano/Aux/AI_AFS_DATASET/AFS_BEHAVIOUR_DATASET/normal/20260516_085144.wav,normal,agitation
/media/feliciano/Aux/AI_AFS_DATASET/AFS_BEHAVIOUR_DATASET/normal/20260516_085146.wav,normal,normal
/media/feliciano/Aux/AI_AFS_DATASET/AFS_BEHAVIOUR_DATASET/normal/20260516_085148.wav,normal,agitation
/media/feliciano/Aux/AI_AFS_DATASET/AFS_BEHAVIOUR_DATASET/normal/20260516_085150.wav,normal,agitation
/media/feliciano/Aux/AI_AFS_DATASET/AFS_BEHAVIOUR_DATASET/normal/20260516_085152.wav,normal,agitation
/media/feliciano/Aux/AI_AFS_DATASET/AFS_BEHAVIOUR_DATASET/normal/20260516_085154.wav,normal,agitation
/media/feliciano/Aux/AI_AFS_DATASET/AFS_BEHAVIOUR_DATASET/normal/20260516_085156.wav,normal,agitation
/media/feliciano/Aux/AI_AFS_DATASET/AFS_BEHAVIOUR_DATASET/normal/20260516_085158.wav,normal,agitation
/media/feliciano/Aux/AI_AFS_DATASET/AFS_BEHAVIOUR_DATASET/normal/20260516_085200.wav,normal,agitation
/media/feliciano/Aux/AI_AFS_DATASET/AFS_BEHAVIOUR_DATASET/normal/20260516_085202.wav,normal,normal
/media/feliciano/Aux/AI_AFS_DATASET/AFS_BEHAVIOUR_DATASET/normal/20260516_085204.wav,normal,normal
/media/feliciano/Aux/AI_AFS_DATASET/AFS_BEHAVIOUR_DATASET/normal/20260516_085206.wav,normal,normal
/media/feliciano/Aux/AI_AFS_DATASET/AFS_BEHAVIOUR_DATASET/normal/20260516_085208.wav,normal,agitation
/media/feliciano/Aux/AI_AFS_DATASET/AFS_BEHAVIOUR_DATASET/normal/20260516_085210.wav,normal,agitation
/media/feliciano/Aux/AI_AFS_DATASET/AFS_BEHAVIOUR_DATASET/normal/20260516_085212.wav,normal,agitation
/media/feliciano/Aux/AI_AFS_DATASET/AFS_BEHAVIOUR_DATASET/normal/20260516_085214.wav,normal,agitation
/media/feliciano/Aux/AI_AFS_DATASET/AFS_BEHAVIOUR_DATASET/normal/20260516_085216.wav,normal,agitation
/media/feliciano/Aux/AI_AFS_DATASET/AFS_BEHAVIOUR_DATASET/normal/20260516_085218.wav,normal,agitation
/media/feliciano/Aux/AI_AFS_DATASET/AFS_BEHAVIOUR_DATASET/normal/20260516_085220.wav,normal,agitation
/media/feliciano/Aux/AI_AFS_DATASET/AFS_BEHAVIOUR_DATASET/normal/20260516_085222.wav,normal,agitation
/media/feliciano/Aux/AI_AFS_DATASET/AFS_BEHAVIOUR_DATASET/normal/20260516_085224.wav,normal,normal
/media/feliciano/Aux/AI_AFS_DATASET/AFS_BEHAVIOUR_DATASET/normal/20260516_085226.wav,normal,normal
/media/feliciano/Aux/AI_AFS_DATASET/AFS_BEHAVIOUR_DATASET/normal/20260516_085228.wav,normal,agitation
/media/feliciano/Aux/AI_AFS_DATASET/AFS_BEHAVIOUR_DATASET/normal/20260516_085230.wav,normal,agitation
/media/feliciano/Aux/AI_AFS_DATASET/AFS_BEHAVIOUR_DATASET/normal/20260516_085232.wav,normal,agitation
/media/feliciano/Aux/AI_AFS_DATASET/AFS_BEHAVIOUR_DATASET/normal/20260516_085234.wav,normal,agitation
/media/feliciano/Aux/AI_AFS_DATASET/AFS_BEHAVIOUR_DATASET/normal/20260516_085236.wav,normal,normal
/media/feliciano/Aux/AI_AFS_DATASET/AFS_BEHAVIOUR_DATASET/normal/20260516_085238.wav,normal,agitation
/media/feliciano/Aux/AI_AFS_DATASET/AFS_BEHAVIOUR_DATASET/normal/20260516_085240.wav,normal,agitation
/media/feliciano/Aux/AI_AFS_DATASET/AFS_BEHAVIOUR_DATASET/normal/20260516_085242.wav,normal,agitation
/media/feliciano/Aux/AI_AFS_DATASET/AFS_BEHAVIOUR_DATASET/normal/20260516_085244.wav,normal,agitation
/media/feliciano/Aux/AI_AFS_DATASET/AFS_BEHAVIOUR_DATASET/normal/20260516_085246.wav,normal,agitation
/media/feliciano/Aux/AI_AFS_DATASET/AFS_BEHAVIOUR_DATASET/normal/20260516_085248.wav,normal,normal
/media/feliciano/Aux/AI_AFS_DATASET/AFS_BEHAVIOUR_DATASET/normal/20260516_085250.wav,normal,normal
/media/feliciano/Aux/AI_AFS_DATASET/AFS_BEHAVIOUR_DATASET/normal/20260516_085252.wav,normal,agitation
/media/feliciano/Aux/AI_AFS_DATASET/AFS_BEHAVIOUR_DATASET/normal/20260516_085254.wav,normal,agitation
/media/feliciano/Aux/AI_AFS_DATASET/AFS_BEHAVIOUR_DATASET/normal/20260516_085256.wav,normal,agitation
/media/feliciano/Aux/AI_AFS_DATASET/AFS_BEHAVIOUR_DATASET/normal/20260516_085258.wav,normal,agitation
/media/feliciano/Aux/AI_AFS_DATASET/AFS_BEHAVIOUR_DATASET/normal/20260516_085300.wav,normal,agitation
/media/feliciano/Aux/AI_AFS_DATASET/AFS_BEHAVIOUR_DATASET/normal/20260516_085302.wav,normal,agitation
/media/feliciano/Aux/AI_AFS_DATASET/AFS_BEHAVIOUR_DATASET/normal/20260516_085304.wav,normal,agitation
/media/feliciano/Aux/AI_AFS_DATASET/AFS_BEHAVIOUR_DATASET/normal/20260516_085306.wav,normal,agitation
/media/feliciano/Aux/AI_AFS_DATASET/AFS_BEHAVIOUR_DATASET/normal/20260516_085308.wav,normal,agitation
/media/feliciano/Aux/AI_AFS_DATASET/AFS_BEHAVIOUR_DATASET/normal/20260516_085310.wav,normal,agitation
/media/feliciano/Aux/AI_AFS_DATASET/AFS_BEHAVIOUR_DATASET/normal/20260516_085312.wav,normal,agitation
/media/feliciano/Aux/AI_AFS_DATASET/AFS_BEHAVIOUR_DATASET/normal/20260516_085314.wav,normal,normal
/media/feliciano/Aux/AI_AFS_DATASET/AFS_BEHAVIOUR_DATASET/normal/20260516_085316.wav,normal,agitation
/media/feliciano/Aux/AI_AFS_DATASET/AFS_BEHAVIOUR_DATASET/normal/20260516_085318.wav,normal,agitation
/media/feliciano/Aux/AI_AFS_DATASET/AFS_BEHAVIOUR_DATASET/normal/20260516_085320.wav,normal,agitation
/media/feliciano/Aux/AI_AFS_DATASET/AFS_BEHAVIOUR_DATASET/normal/20260516_085322.wav,normal,agitation
/media/feliciano/Aux/AI_AFS_DATASET/AFS_BEHAVIOUR_DATASET/normal/20260516_085324.wav,normal,agitation
/media/feliciano/Aux/AI_AFS_DATASET/AFS_BEHAVIOUR_DATASET/normal/20260516_085326.wav,normal,agitation
/media/feliciano/Aux/AI_AFS_DATASET/AFS_BEHAVIOUR_DATASET/normal/20260516_085328.wav,normal,normal
/media/feliciano/Aux/AI_AFS_DATASET/AFS_BEHAVIOUR_DATASET/normal/20260516_085330.wav,normal,agitation
/media/feliciano/Aux/AI_AFS_DATASET/AFS_BEHAVIOUR_DATASET/normal/20260516_085332.wav,normal,agitation
/media/feliciano/Aux/AI_AFS_DATASET/AFS_BEHAVIOUR_DATASET/normal/20260516_085334.wav,normal,agitation
/media/feliciano/Aux/AI_AFS_DATASET/AFS_BEHAVIOUR_DATASET/normal/20260516_085336.wav,normal,agitation
/media/feliciano/Aux/AI_AFS_DATASET/AFS_BEHAVIOUR_DATASET/normal/20260516_085338.wav,normal,agitation
/media/feliciano/Aux/AI_AFS_DATASET/AFS_BEHAVIOUR_DATASET/normal/20260516_085340.wav,normal,agitation
/media/feliciano/Aux/AI_AFS_DATASET/AFS_BEHAVIOUR_DATASET/normal/20260516_085342.wav,normal,agitation
/media/feliciano/Aux/AI_AFS_DATASET/AFS_BEHAVIOUR_DATASET/normal/20260516_085344.wav,normal,agitation
/media/feliciano/Aux/AI_AFS_DATASET/AFS_BEHAVIOUR_DATASET/normal/20260516_085346.wav,normal,agitation
/media/feliciano/Aux/AI_AFS_DATASET/AFS_BEHAVIOUR_DATASET/normal/20260516_085348.wav,normal,agitation
/media/feliciano/Aux/AI_AFS_DATASET/AFS_BEHAVIOUR_DATASET/normal/20260516_085350.wav,normal,agitation
/media/feliciano/Aux/AI_AFS_DATASET/AFS_BEHAVIOUR_DATASET/normal/20260516_085352.wav,normal,normal
/media/feliciano/Aux/AI_AFS_DATASET/AFS_BEHAVIOUR_DATASET/normal/20260516_085354.wav,normal,normal
/media/feliciano/Aux/AI_AFS_DATASET/AFS_BEHAVIOUR_DATASET/normal/20260516_085356.wav,normal,normal
/media/feliciano/Aux/AI_AFS_DATASET/AFS_BEHAVIOUR_DATASET/normal/20260516_085358.wav,normal,normal
/media/feliciano/Aux/AI_AFS_DATASET/AFS_BEHAVIOUR_DATASET/normal/20260516_085400.wav,normal,normal
/media/feliciano/Aux/AI_AFS_DATASET/AFS_BEHAVIOUR_DATASET/normal/20260516_085402.wav,normal,agitation
/media/feliciano/Aux/AI_AFS_DATASET/AFS_BEHAVIOUR_DATASET/normal/20260516_085404.wav,normal,agitation
/media/feliciano/Aux/AI_AFS_DATASET/AFS_BEHAVIOUR_DATASET/normal/20260516_085406.wav,normal,agitation
/media/feliciano/Aux/AI_AFS_DATASET/AFS_BEHAVIOUR_DATASET/normal/20260516_085408.wav,normal,normal
/media/feliciano/Aux/AI_AFS_DATASET/AFS_BEHAVIOUR_DATASET/normal/20260516_085410.wav,normal,normal
/media/feliciano/Aux/AI_AFS_DATASET/AFS_BEHAVIOUR_DATASET/normal/20260516_085412.wav,normal,agitation
/media/feliciano/Aux/AI_AFS_DATASET/AFS_BEHAVIOUR_DATASET/normal/20260516_085414.wav,normal,normal
/media/feliciano/Aux/AI_AFS_DATASET/AFS_BEHAVIOUR_DATASET/normal/20260516_085416.wav,normal,normal
/media/feliciano/Aux/AI_AFS_DATASET/AFS_BEHAVIOUR_DATASET/normal/20260516_085418.wav,normal,normal
/media/feliciano/Aux/AI_AFS_DATASET/AFS_BEHAVIOUR_DATASET/normal/20260516_085420.wav,normal,agitation
/media/feliciano/Aux/AI_AFS_DATASET/AFS_BEHAVIOUR_DATASET/normal/20260516_085422.wav,normal,normal
/media/feliciano/Aux/AI_AFS_DATASET/AFS_BEHAVIOUR_DATASET/normal/20260516_085424.wav,normal,normal
/media/feliciano/Aux/AI_AFS_DATASET/AFS_BEHAVIOUR_DATASET/normal/20260516_085426.wav,normal,agitation
/media/feliciano/Aux/AI_AFS_DATASET/AFS_BEHAVIOUR_DATASET/normal/20260516_085428.wav,normal,normal
/media/feliciano/Aux/AI_AFS_DATASET/AFS_BEHAVIOUR_DATASET/normal/20260516_085430.wav,normal,agitation
/media/feliciano/Aux/AI_AFS_DATASET/AFS_BEHAVIOUR_DATASET/normal/20260516_085432.wav,normal,normal
/media/feliciano/Aux/AI_AFS_DATASET/AFS_BEHAVIOUR_DATASET/normal/20260516_085434.wav,normal,agitation
/media/feliciano/Aux/AI_AFS_DATASET/AFS_BEHAVIOUR_DATASET/normal/20260516_085436.wav,normal,normal
/media/feliciano/Aux/AI_AFS_DATASET/AFS_BEHAVIOUR_DATASET/normal/20260516_085438.wav,normal,agitation
/media/feliciano/Aux/AI_AFS_DATASET/AFS_BEHAVIOUR_DATASET/normal/20260516_085440.wav,normal,agitation
/media/feliciano/Aux/AI_AFS_DATASET/AFS_BEHAVIOUR_DATASET/normal/20260516_085442.wav,normal,agitation
/media/feliciano/Aux/AI_AFS_DATASET/AFS_BEHAVIOUR_DATASET/normal/20260516_085444.wav,normal,normal
/media/feliciano/Aux/AI_AFS_DATASET/AFS_BEHAVIOUR_DATASET/normal/20260516_085446.wav,normal,normal
/media/feliciano/Aux/AI_AFS_DATASET/AFS_BEHAVIOUR_DATASET/normal/20260516_085448.wav,normal,agitation
/media/feliciano/Aux/AI_AFS_DATASET/AFS_BEHAVIOUR_DATASET/normal/20260516_085450.wav,normal,normal
/media/feliciano/Aux/AI_AFS_DATASET/AFS_BEHAVIOUR_DATASET/normal/20260516_085452.wav,normal,agitation
/media/feliciano/Aux/AI_AFS_DATASET/AFS_BEHAVIOUR_DATASET/normal/20260516_085454.wav,normal,normal
/media/feliciano/Aux/AI_AFS_DATASET/AFS_BEHAVIOUR_DATASET/normal/20260516_085456.wav,normal,agitation
/media/feliciano/Aux/AI_AFS_DATASET/AFS_BEHAVIOUR_DATASET/normal/20260516_085458.wav,normal,normal
/media/feliciano/Aux/AI_AFS_DATASET/AFS_BEHAVIOUR_DATASET/normal/20260516_085500.wav,normal,agitation
/media/feliciano/Aux/AI_AFS_DATASET/AFS_BEHAVIOUR_DATASET/normal/20260516_085502.wav,normal,agitation
/media/feliciano/Aux/AI_AFS_DATASET/AFS_BEHAVIOUR_DATASET/normal/20260516_085504.wav,normal,agitation
/media/feliciano/Aux/AI_AFS_DATASET/AFS_BEHAVIOUR_DATASET/normal/20260516_085506.wav,normal,normal
/media/feliciano/Aux/AI_AFS_DATASET/AFS_BEHAVIOUR_DATASET/normal/20260516_085508.wav,normal,agitation
/media/feliciano/Aux/AI_AFS_DATASET/AFS_BEHAVIOUR_DATASET/normal/20260516_085510.wav,normal,agitation
/media/feliciano/Aux/AI_AFS_DATASET/AFS_BEHAVIOUR_DATASET/normal/20260516_085512.wav,normal,normal
/media/feliciano/Aux/AI_AFS_DATASET/AFS_BEHAVIOUR_DATASET/normal/20260516_085514.wav,normal,agitation
/media/feliciano/Aux/AI_AFS_DATASET/AFS_BEHAVIOUR_DATASET/normal/20260516_085516.wav,normal,agitation
/media/feliciano/Aux/AI_AFS_DATASET/AFS_BEHAVIOUR_DATASET/normal/20260516_085518.wav,normal,agitation
/media/feliciano/Aux/AI_AFS_DATASET/AFS_BEHAVIOUR_DATASET/normal/20260516_085520.wav,normal,agitation
/media/feliciano/Aux/AI_AFS_DATASET/AFS_BEHAVIOUR_DATASET/normal/20260516_085522.wav,normal,agitation
/media/feliciano/Aux/AI_AFS_DATASET/AFS_BEHAVIOUR_DATASET/normal/20260516_085524.wav,normal,agitation
/media/feliciano/Aux/AI_AFS_DATASET/AFS_BEHAVIOUR_DATASET/normal/20260516_085526.wav,normal,agitation
/media/feliciano/Aux/AI_AFS_DATASET/AFS_BEHAVIOUR_DATASET/normal/20260516_085528.wav,normal,agitation
/media/feliciano/Aux/AI_AFS_DATASET/AFS_BEHAVIOUR_DATASET/normal/20260516_085530.wav,normal,agitation
/media/feliciano/Aux/AI_AFS_DATASET/AFS_BEHAVIOUR_DATASET/normal/20260516_085532.wav,normal,agitation
/media/feliciano/Aux/AI_AFS_DATASET/AFS_BEHAVIOUR_DATASET/normal/20260516_085534.wav,normal,normal
/media/feliciano/Aux/AI_AFS_DATASET/AFS_BEHAVIOUR_DATASET/normal/20260516_085536.wav,normal,normal
/media/feliciano/Aux/AI_AFS_DATASET/AFS_BEHAVIOUR_DATASET/normal/20260516_085538.wav,normal,agitation
/media/feliciano/Aux/AI_AFS_DATASET/AFS_BEHAVIOUR_DATASET/normal/20260516_085540.wav,normal,normal
/media/feliciano/Aux/AI_AFS_DATASET/AFS_BEHAVIOUR_DATASET/normal/20260516_085542.wav,normal,normal
/media/feliciano/Aux/AI_AFS_DATASET/AFS_BEHAVIOUR_DATASET/normal/20260516_085544.wav,normal,normal
/media/feliciano/Aux/AI_AFS_DATASET/AFS_BEHAVIOUR_DATASET/normal/20260516_085546.wav,normal,normal
/media/feliciano/Aux/AI_AFS_DATASET/AFS_BEHAVIOUR_DATASET/normal/20260516_085548.wav,normal,agitation
/media/feliciano/Aux/AI_AFS_DATASET/AFS_BEHAVIOUR_DATASET/normal/20260516_085550.wav,normal,normal
/media/feliciano/Aux/AI_AFS_DATASET/AFS_BEHAVIOUR_DATASET/normal/20260516_085552.wav,normal,agitation
/media/feliciano/Aux/AI_AFS_DATASET/AFS_BEHAVIOUR_DATASET/normal/20260516_085554.wav,normal,agitation
/media/feliciano/Aux/AI_AFS_DATASET/AFS_BEHAVIOUR_DATASET/normal/20260516_085556.wav,normal,agitation
/media/feliciano/Aux/AI_AFS_DATASET/AFS_BEHAVIOUR_DATASET/normal/20260516_085558.wav,normal,agitation
/media/feliciano/Aux/AI_AFS_DATASET/AFS_BEHAVIOUR_DATASET/normal/20260516_085600.wav,normal,agitation
/media/feliciano/Aux/AI_AFS_DATASET/AFS_BEHAVIOUR_DATASET/normal/20260516_085602.wav,normal,agitation
/media/feliciano/Aux/AI_AFS_DATASET/AFS_BEHAVIOUR_DATASET/normal/20260516_085604.wav,normal,agitation
/media/feliciano/Aux/AI_AFS_DATASET/AFS_BEHAVIOUR_DATASET/normal/20260516_085606.wav,normal,agitation
/media/feliciano/Aux/AI_AFS_DATASET/AFS_BEHAVIOUR_DATASET/normal/20260516_085608.wav,normal,agitation
/media/feliciano/Aux/AI_AFS_DATASET/AFS_BEHAVIOUR_DATASET/normal/20260516_085610.wav,normal,agitation
/media/feliciano/Aux/AI_AFS_DATASET/AFS_BEHAVIOUR_DATASET/normal/20260516_085612.wav,normal,normal
/media/feliciano/Aux/AI_AFS_DATASET/AFS_BEHAVIOUR_DATASET/normal/20260516_085614.wav,normal,normal
/media/feliciano/Aux/AI_AFS_DATASET/AFS_BEHAVIOUR_DATASET/normal/20260516_085616.wav,normal,normal
/media/feliciano/Aux/AI_AFS_DATASET/AFS_BEHAVIOUR_DATASET/normal/20260516_085618.wav,normal,normal
/media/feliciano/Aux/AI_AFS_DATASET/AFS_BEHAVIOUR_DATASET/normal/20260516_085620.wav,normal,agitation
/media/feliciano/Aux/AI_AFS_DATASET/AFS_BEHAVIOUR_DATASET/normal/20260516_085622.wav,normal,agitation
/media/feliciano/Aux/AI_AFS_DATASET/AFS_BEHAVIOUR_DATASET/normal/20260516_085624.wav,normal,agitation
/media/feliciano/Aux/AI_AFS_DATASET/AFS_BEHAVIOUR_DATASET/normal/20260516_085626.wav,normal,agitation
/media/feliciano/Aux/AI_AFS_DATASET/AFS_BEHAVIOUR_DATASET/normal/20260516_085628.wav,normal,agitation
/media/feliciano/Aux/AI_AFS_DATASET/AFS_BEHAVIOUR_DATASET/normal/20260516_085630.wav,normal,agitation
/media/feliciano/Aux/AI_AFS_DATASET/AFS_BEHAVIOUR_DATASET/normal/20260516_085632.wav,normal,agitation
/media/feliciano/Aux/AI_AFS_DATASET/AFS_BEHAVIOUR_DATASET/normal/20260516_085634.wav,normal,agitation
/media/feliciano/Aux/AI_AFS_DATASET/AFS_BEHAVIOUR_DATASET/normal/20260516_085636.wav,normal,agitation
/media/feliciano/Aux/AI_AFS_DATASET/AFS_BEHAVIOUR_DATASET/normal/20260516_085638.wav,normal,agitation
/media/feliciano/Aux/AI_AFS_DATASET/AFS_BEHAVIOUR_DATASET/normal/20260516_085640.wav,normal,agitation
/media/feliciano/Aux/AI_AFS_DATASET/AFS_BEHAVIOUR_DATASET/normal/20260516_085642.wav,normal,agitation
/media/feliciano/Aux/AI_AFS_DATASET/AFS_BEHAVIOUR_DATASET/normal/20260516_085644.wav,normal,agitation
/media/feliciano/Aux/AI_AFS_DATASET/AFS_BEHAVIOUR_DATASET/normal/20260516_085646.wav,normal,agitation
/media/feliciano/Aux/AI_AFS_DATASET/AFS_BEHAVIOUR_DATASET/normal/20260516_085648.wav,normal,agitation
/media/feliciano/Aux/AI_AFS_DATASET/AFS_BEHAVIOUR_DATASET/normal/20260516_085650.wav,normal,agitation
/media/feliciano/Aux/AI_AFS_DATASET/AFS_BEHAVIOUR_DATASET/normal/20260516_085652.wav,normal,agitation
/media/feliciano/Aux/AI_AFS_DATASET/AFS_BEHAVIOUR_DATASET/normal/20260516_085654.wav,normal,normal
/media/feliciano/Aux/AI_AFS_DATASET/AFS_BEHAVIOUR_DATASET/normal/20260516_085656.wav,normal,normal
/media/feliciano/Aux/AI_AFS_DATASET/AFS_BEHAVIOUR_DATASET/normal/20260516_085658.wav,normal,agitation
/media/feliciano/Aux/AI_AFS_DATASET/AFS_BEHAVIOUR_DATASET/normal/20260516_085700.wav,normal,agitation
/media/feliciano/Aux/AI_AFS_DATASET/AFS_BEHAVIOUR_DATASET/normal/20260516_085702.wav,normal,agitation
/media/feliciano/Aux/AI_AFS_DATASET/AFS_BEHAVIOUR_DATASET/normal/20260516_085704.wav,normal,agitation
/media/feliciano/Aux/AI_AFS_DATASET/AFS_BEHAVIOUR_DATASET/normal/20260516_085706.wav,normal,agitation
/media/feliciano/Aux/AI_AFS_DATASET/AFS_BEHAVIOUR_DATASET/normal/20260516_085708.wav,normal,agitation
/media/feliciano/Aux/AI_AFS_DATASET/AFS_BEHAVIOUR_DATASET/normal/20260516_085710.wav,normal,agitation
/media/feliciano/Aux/AI_AFS_DATASET/AFS_BEHAVIOUR_DATASET/normal/20260516_085712.wav,normal,agitation
/media/feliciano/Aux/AI_AFS_DATASET/AFS_BEHAVIOUR_DATASET/normal/20260516_085714.wav,normal,normal
/media/feliciano/Aux/AI_AFS_DATASET/AFS_BEHAVIOUR_DATASET/normal/20260516_085716.wav,normal,agitation
/media/feliciano/Aux/AI_AFS_DATASET/AFS_BEHAVIOUR_DATASET/normal/20260516_085718.wav,normal,normal
/media/feliciano/Aux/AI_AFS_DATASET/AFS_BEHAVIOUR_DATASET/normal/20260516_085720.wav,normal,agitation
/media/feliciano/Aux/AI_AFS_DATASET/AFS_BEHAVIOUR_DATASET/normal/20260516_085722.wav,normal,agitation
/media/feliciano/Aux/AI_AFS_DATASET/AFS_BEHAVIOUR_DATASET/normal/20260516_085724.wav,normal,agitation
/media/feliciano/Aux/AI_AFS_DATASET/AFS_BEHAVIOUR_DATASET/normal/20260516_085726.wav,normal,agitation
/media/feliciano/Aux/AI_AFS_DATASET/AFS_BEHAVIOUR_DATASET/normal/20260516_085728.wav,normal,agitation
/media/feliciano/Aux/AI_AFS_DATASET/AFS_BEHAVIOUR_DATASET/normal/20260516_085730.wav,normal,agitation
/media/feliciano/Aux/AI_AFS_DATASET/AFS_BEHAVIOUR_DATASET/normal/20260516_085732.wav,normal,agitation
/media/feliciano/Aux/AI_AFS_DATASET/AFS_BEHAVIOUR_DATASET/normal/20260516_085734.wav,normal,agitation
/media/feliciano/Aux/AI_AFS_DATASET/AFS_BEHAVIOUR_DATASET/normal/20260516_085736.wav,normal,agitation
/media/feliciano/Aux/AI_AFS_DATASET/AFS_BEHAVIOUR_DATASET/normal/20260516_085738.wav,normal,agitation
/media/feliciano/Aux/AI_AFS_DATASET/AFS_BEHAVIOUR_DATASET/normal/20260516_085740.wav,normal,agitation
/media/feliciano/Aux/AI_AFS_DATASET/AFS_BEHAVIOUR_DATASET/normal/20260516_085742.wav,normal,agitation
/media/feliciano/Aux/AI_AFS_DATASET/AFS_BEHAVIOUR_DATASET/normal/20260516_085744.wav,normal,normal
/media/feliciano/Aux/AI_AFS_DATASET/AFS_BEHAVIOUR_DATASET/normal/20260516_085746.wav,normal,normal
/media/feliciano/Aux/AI_AFS_DATASET/AFS_BEHAVIOUR_DATASET/normal/20260516_085748.wav,normal,agitation
/media/feliciano/Aux/AI_AFS_DATASET/AFS_BEHAVIOUR_DATASET/normal/20260516_085750.wav,normal,agitation
/media/feliciano/Aux/AI_AFS_DATASET/AFS_BEHAVIOUR_DATASET/normal/20260516_085752.wav,normal,agitation
/media/feliciano/Aux/AI_AFS_DATASET/AFS_BEHAVIOUR_DATASET/normal/20260516_085754.wav,normal,normal
/media/feliciano/Aux/AI_AFS_DATASET/AFS_BEHAVIOUR_DATASET/normal/20260516_085756.wav,normal,agitation
/media/feliciano/Aux/AI_AFS_DATASET/AFS_BEHAVIOUR_DATASET/normal/20260516_085758.wav,normal,normal
/media/feliciano/Aux/AI_AFS_DATASET/AFS_BEHAVIOUR_DATASET/normal/20260516_085800.wav,normal,normal
/media/feliciano/Aux/AI_AFS_DATASET/AFS_BEHAVIOUR_DATASET/normal/20260516_085802.wav,normal,agitation
/media/feliciano/Aux/AI_AFS_DATASET/AFS_BEHAVIOUR_DATASET/normal/20260516_085804.wav,normal,agitation
/media/feliciano/Aux/AI_AFS_DATASET/AFS_BEHAVIOUR_DATASET/normal/20260516_085806.wav,normal,normal
/media/feliciano/Aux/AI_AFS_DATASET/AFS_BEHAVIOUR_DATASET/normal/20260516_085808.wav,normal,agitation
/media/feliciano/Aux/AI_AFS_DATASET/AFS_BEHAVIOUR_DATASET/normal/20260516_085810.wav,normal,agitation
/media/feliciano/Aux/AI_AFS_DATASET/AFS_BEHAVIOUR_DATASET/normal/20260516_085812.wav,normal,agitation
/media/feliciano/Aux/AI_AFS_DATASET/AFS_BEHAVIOUR_DATASET/normal/20260516_085814.wav,normal,normal
/media/feliciano/Aux/AI_AFS_DATASET/AFS_BEHAVIOUR_DATASET/normal/20260516_085816.wav,normal,normal
/media/feliciano/Aux/AI_AFS_DATASET/AFS_BEHAVIOUR_DATASET/normal/20260516_085818.wav,normal,agitation
/media/feliciano/Aux/AI_AFS_DATASET/AFS_BEHAVIOUR_DATASET/normal/20260516_085820.wav,normal,agitation
/media/feliciano/Aux/AI_AFS_DATASET/AFS_BEHAVIOUR_DATASET/normal/20260516_085822.wav,normal,normal
/media/feliciano/Aux/AI_AFS_DATASET/AFS_BEHAVIOUR_DATASET/normal/20260516_085824.wav,normal,agitation
/media/feliciano/Aux/AI_AFS_DATASET/AFS_BEHAVIOUR_DATASET/normal/20260516_085826.wav,normal,agitation
/media/feliciano/Aux/AI_AFS_DATASET/AFS_BEHAVIOUR_DATASET/normal/20260516_085828.wav,normal,agitation
/media/feliciano/Aux/AI_AFS_DATASET/AFS_BEHAVIOUR_DATASET/normal/20260516_085830.wav,normal,agitation
/media/feliciano/Aux/AI_AFS_DATASET/AFS_BEHAVIOUR_DATASET/normal/20260516_085832.wav,normal,agitation
/media/feliciano/Aux/AI_AFS_DATASET/AFS_BEHAVIOUR_DATASET/normal/20260516_085834.wav,normal,agitation
/media/feliciano/Aux/AI_AFS_DATASET/AFS_BEHAVIOUR_DATASET/normal/20260516_085836.wav,normal,agitation
/media/feliciano/Aux/AI_AFS_DATASET/AFS_BEHAVIOUR_DATASET/normal/20260516_085838.wav,normal,agitation
/media/feliciano/Aux/AI_AFS_DATASET/AFS_BEHAVIOUR_DATASET/normal/20260516_085840.wav,normal,normal
/media/feliciano/Aux/AI_AFS_DATASET/AFS_BEHAVIOUR_DATASET/normal/20260516_085842.wav,normal,normal
/media/feliciano/Aux/AI_AFS_DATASET/AFS_BEHAVIOUR_DATASET/normal/20260516_085844.wav,normal,normal
/media/feliciano/Aux/AI_AFS_DATASET/AFS_BEHAVIOUR_DATASET/normal/20260516_085846.wav,normal,agitation
/media/feliciano/Aux/AI_AFS_DATASET/AFS_BEHAVIOUR_DATASET/normal/20260516_085848.wav,normal,agitation
/media/feliciano/Aux/AI_AFS_DATASET/AFS_BEHAVIOUR_DATASET/normal/20260516_085850.wav,normal,agitation
/media/feliciano/Aux/AI_AFS_DATASET/AFS_BEHAVIOUR_DATASET/normal/20260516_085852.wav,normal,agitation
/media/feliciano/Aux/AI_AFS_DATASET/AFS_BEHAVIOUR_DATASET/normal/20260516_085854.wav,normal,agitation
/media/feliciano/Aux/AI_AFS_DATASET/AFS_BEHAVIOUR_DATASET/normal/20260516_085856.wav,normal,agitation
/media/feliciano/Aux/AI_AFS_DATASET/AFS_BEHAVIOUR_DATASET/normal/20260516_085858.wav,normal,agitation
/media/feliciano/Aux/AI_AFS_DATASET/AFS_BEHAVIOUR_DATASET/normal/20260516_085900.wav,normal,agitation
/media/feliciano/Aux/AI_AFS_DATASET/AFS_BEHAVIOUR_DATASET/normal/20260516_085902.wav,normal,agitation
/media/feliciano/Aux/AI_AFS_DATASET/AFS_BEHAVIOUR_DATASET/normal/20260516_085904.wav,normal,agitation
/media/feliciano/Aux/AI_AFS_DATASET/AFS_BEHAVIOUR_DATASET/normal/20260516_085906.wav,normal,normal
/media/feliciano/Aux/AI_AFS_DATASET/AFS_BEHAVIOUR_DATASET/normal/20260516_085908.wav,normal,normal
/media/feliciano/Aux/AI_AFS_DATASET/AFS_BEHAVIOUR_DATASET/normal/20260516_085910.wav,normal,agitation
/media/feliciano/Aux/AI_AFS_DATASET/AFS_BEHAVIOUR_DATASET/normal/20260516_085912.wav,normal,agitation
/media/feliciano/Aux/AI_AFS_DATASET/AFS_BEHAVIOUR_DATASET/normal/20260516_085914.wav,normal,agitation
/media/feliciano/Aux/AI_AFS_DATASET/AFS_BEHAVIOUR_DATASET/normal/20260516_085916.wav,normal,agitation
/media/feliciano/Aux/AI_AFS_DATASET/AFS_BEHAVIOUR_DATASET/normal/20260516_085918.wav,normal,agitation
/media/feliciano/Aux/AI_AFS_DATASET/AFS_BEHAVIOUR_DATASET/normal/20260516_085920.wav,normal,normal
/media/feliciano/Aux/AI_AFS_DATASET/AFS_BEHAVIOUR_DATASET/normal/20260516_085922.wav,normal,agitation
/media/feliciano/Aux/AI_AFS_DATASET/AFS_BEHAVIOUR_DATASET/normal/20260516_085924.wav,normal,normal
/media/feliciano/Aux/AI_AFS_DATASET/AFS_BEHAVIOUR_DATASET/normal/20260516_085926.wav,normal,agitation
/media/feliciano/Aux/AI_AFS_DATASET/AFS_BEHAVIOUR_DATASET/normal/20260516_085928.wav,normal,agitation
/media/feliciano/Aux/AI_AFS_DATASET/AFS_BEHAVIOUR_DATASET/normal/20260516_085930.wav,normal,normal
/media/feliciano/Aux/AI_AFS_DATASET/AFS_BEHAVIOUR_DATASET/normal/20260516_085932.wav,normal,agitation
/media/feliciano/Aux/AI_AFS_DATASET/AFS_BEHAVIOUR_DATASET/normal/20260516_085934.wav,normal,agitation
/media/feliciano/Aux/AI_AFS_DATASET/AFS_BEHAVIOUR_DATASET/normal/20260516_085936.wav,normal,agitation
/media/feliciano/Aux/AI_AFS_DATASET/AFS_BEHAVIOUR_DATASET/normal/20260516_085938.wav,normal,agitation
/media/feliciano/Aux/AI_AFS_DATASET/AFS_BEHAVIOUR_DATASET/normal/20260516_085940.wav,normal,agitation
/media/feliciano/Aux/AI_AFS_DATASET/AFS_BEHAVIOUR_DATASET/normal/20260516_085942.wav,normal,agitation
/media/feliciano/Aux/AI_AFS_DATASET/AFS_BEHAVIOUR_DATASET/normal/20260516_085944.wav,normal,agitation
/media/feliciano/Aux/AI_AFS_DATASET/AFS_BEHAVIOUR_DATASET/normal/20260516_085946.wav,normal,agitation
/media/feliciano/Aux/AI_AFS_DATASET/AFS_BEHAVIOUR_DATASET/normal/20260516_085948.wav,normal,agitation
/media/feliciano/Aux/AI_AFS_DATASET/AFS_BEHAVIOUR_DATASET/normal/20260516_085950.wav,normal,agitation
/media/feliciano/Aux/AI_AFS_DATASET/AFS_BEHAVIOUR_DATASET/normal/20260516_085952.wav,normal,agitation
/media/feliciano/Aux/AI_AFS_DATASET/AFS_BEHAVIOUR_DATASET/normal/20260516_085954.wav,normal,agitation
/media/feliciano/Aux/AI_AFS_DATASET/AFS_BEHAVIOUR_DATASET/normal/20260516_085956.wav,normal,agitation
/media/feliciano/Aux/AI_AFS_DATASET/AFS_BEHAVIOUR_DATASET/normal/20260516_085958.wav,normal,agitation
/media/feliciano/Aux/AI_AFS_DATASET/AFS_BEHAVIOUR_DATASET/normal/20260516_102900.wav,normal,agitation
/media/feliciano/Aux/AI_AFS_DATASET/AFS_BEHAVIOUR_DATASET/normal/20260516_102902.wav,normal,normal
/media/feliciano/Aux/AI_AFS_DATASET/AFS_BEHAVIOUR_DATASET/normal/20260516_102904.wav,normal,normal
/media/feliciano/Aux/AI_AFS_DATASET/AFS_BEHAVIOUR_DATASET/normal/20260516_102906.wav,normal,normal
/media/feliciano/Aux/AI_AFS_DATASET/AFS_BEHAVIOUR_DATASET/normal/20260516_102908.wav,normal,normal
/media/feliciano/Aux/AI_AFS_DATASET/AFS_BEHAVIOUR_DATASET/normal/20260516_102910.wav,normal,normal
/media/feliciano/Aux/AI_AFS_DATASET/AFS_BEHAVIOUR_DATASET/normal/20260516_102912.wav,normal,normal
/media/feliciano/Aux/AI_AFS_DATASET/AFS_BEHAVIOUR_DATASET/normal/20260516_102914.wav,normal,agitation
/media/feliciano/Aux/AI_AFS_DATASET/AFS_BEHAVIOUR_DATASET/normal/20260516_102916.wav,normal,normal
/media/feliciano/Aux/AI_AFS_DATASET/AFS_BEHAVIOUR_DATASET/normal/20260516_102918.wav,normal,normal
/media/feliciano/Aux/AI_AFS_DATASET/AFS_BEHAVIOUR_DATASET/normal/20260516_102920.wav,normal,normal
/media/feliciano/Aux/AI_AFS_DATASET/AFS_BEHAVIOUR_DATASET/normal/20260516_102922.wav,normal,normal
/media/feliciano/Aux/AI_AFS_DATASET/AFS_BEHAVIOUR_DATASET/normal/20260516_102924.wav,normal,normal
/media/feliciano/Aux/AI_AFS_DATASET/AFS_BEHAVIOUR_DATASET/normal/20260516_102926.wav,normal,normal
/media/feliciano/Aux/AI_AFS_DATASET/AFS_BEHAVIOUR_DATASET/normal/20260516_102928.wav,normal,normal
/media/feliciano/Aux/AI_AFS_DATASET/AFS_BEHAVIOUR_DATASET/normal/20260516_102930.wav,normal,agitation
/media/feliciano/Aux/AI_AFS_DATASET/AFS_BEHAVIOUR_DATASET/normal/20260516_102932.wav,normal,normal
/media/feliciano/Aux/AI_AFS_DATASET/AFS_BEHAVIOUR_DATASET/normal/20260516_102934.wav,normal,normal
/media/feliciano/Aux/AI_AFS_DATASET/AFS_BEHAVIOUR_DATASET/normal/20260516_102936.wav,normal,normal
/media/feliciano/Aux/AI_AFS_DATASET/AFS_BEHAVIOUR_DATASET/normal/20260516_102938.wav,normal,normal
/media/feliciano/Aux/AI_AFS_DATASET/AFS_BEHAVIOUR_DATASET/normal/20260516_102940.wav,normal,normal
/media/feliciano/Aux/AI_AFS_DATASET/AFS_BEHAVIOUR_DATASET/normal/20260516_102942.wav,normal,normal
/media/feliciano/Aux/AI_AFS_DATASET/AFS_BEHAVIOUR_DATASET/normal/20260516_102944.wav,normal,normal
/media/feliciano/Aux/AI_AFS_DATASET/AFS_BEHAVIOUR_DATASET/normal/20260516_102946.wav,normal,normal
/media/feliciano/Aux/AI_AFS_DATASET/AFS_BEHAVIOUR_DATASET/normal/20260516_102948.wav,normal,normal
/media/feliciano/Aux/AI_AFS_DATASET/AFS_BEHAVIOUR_DATASET/normal/20260516_102950.wav,normal,normal
/media/feliciano/Aux/AI_AFS_DATASET/AFS_BEHAVIOUR_DATASET/normal/20260516_102952.wav,normal,normal
/media/feliciano/Aux/AI_AFS_DATASET/AFS_BEHAVIOUR_DATASET/normal/20260516_102954.wav,normal,normal
/media/feliciano/Aux/AI_AFS_DATASET/AFS_BEHAVIOUR_DATASET/normal/20260516_102956.wav,normal,normal
/media/feliciano/Aux/AI_AFS_DATASET/AFS_BEHAVIOUR_DATASET/normal/20260516_102958.wav,normal,normal
/media/feliciano/Aux/AI_AFS_DATASET/AFS_BEHAVIOUR_DATASET/normal/20260516_103000.wav,normal,normal
/media/feliciano/Aux/AI_AFS_DATASET/AFS_BEHAVIOUR_DATASET/normal/20260516_103002.wav,normal,normal
/media/feliciano/Aux/AI_AFS_DATASET/AFS_BEHAVIOUR_DATASET/normal/20260516_103004.wav,normal,agitation
/media/feliciano/Aux/AI_AFS_DATASET/AFS_BEHAVIOUR_DATASET/normal/20260516_103006.wav,normal,normal
/media/feliciano/Aux/AI_AFS_DATASET/AFS_BEHAVIOUR_DATASET/normal/20260516_103008.wav,normal,normal
/media/feliciano/Aux/AI_AFS_DATASET/AFS_BEHAVIOUR_DATASET/normal/20260516_103010.wav,normal,normal
/media/feliciano/Aux/AI_AFS_DATASET/AFS_BEHAVIOUR_DATASET/normal/20260516_103012.wav,normal,normal
/media/feliciano/Aux/AI_AFS_DATASET/AFS_BEHAVIOUR_DATASET/normal/20260516_103014.wav,normal,normal
/media/feliciano/Aux/AI_AFS_DATASET/AFS_BEHAVIOUR_DATASET/normal/20260516_103016.wav,normal,normal
/media/feliciano/Aux/AI_AFS_DATASET/AFS_BEHAVIOUR_DATASET/normal/20260516_103018.wav,normal,normal
/media/feliciano/Aux/AI_AFS_DATASET/AFS_BEHAVIOUR_DATASET/normal/20260516_103020.wav,normal,normal
/media/feliciano/Aux/AI_AFS_DATASET/AFS_BEHAVIOUR_DATASET/normal/20260516_103022.wav,normal,normal
/media/feliciano/Aux/AI_AFS_DATASET/AFS_BEHAVIOUR_DATASET/normal/20260516_103024.wav,normal,normal
/media/feliciano/Aux/AI_AFS_DATASET/AFS_BEHAVIOUR_DATASET/normal/20260516_103026.wav,normal,normal
/media/feliciano/Aux/AI_AFS_DATASET/AFS_BEHAVIOUR_DATASET/normal/20260516_103028.wav,normal,normal
/media/feliciano/Aux/AI_AFS_DATASET/AFS_BEHAVIOUR_DATASET/normal/20260516_103030.wav,normal,normal
/media/feliciano/Aux/AI_AFS_DATASET/AFS_BEHAVIOUR_DATASET/normal/20260516_103032.wav,normal,normal
/media/feliciano/Aux/AI_AFS_DATASET/AFS_BEHAVIOUR_DATASET/normal/20260516_103034.wav,normal,normal
/media/feliciano/Aux/AI_AFS_DATASET/AFS_BEHAVIOUR_DATASET/normal/20260516_103036.wav,normal,normal
/media/feliciano/Aux/AI_AFS_DATASET/AFS_BEHAVIOUR_DATASET/normal/20260516_103038.wav,normal,normal
/media/feliciano/Aux/AI_AFS_DATASET/AFS_BEHAVIOUR_DATASET/normal/20260516_103040.wav,normal,agitation
/media/feliciano/Aux/AI_AFS_DATASET/AFS_BEHAVIOUR_DATASET/normal/20260516_103042.wav,normal,normal
/media/feliciano/Aux/AI_AFS_DATASET/AFS_BEHAVIOUR_DATASET/normal/20260516_103044.wav,normal,normal
/media/feliciano/Aux/AI_AFS_DATASET/AFS_BEHAVIOUR_DATASET/normal/20260516_103046.wav,normal,normal
/media/feliciano/Aux/AI_AFS_DATASET/AFS_BEHAVIOUR_DATASET/normal/20260516_103048.wav,normal,normal
/media/feliciano/Aux/AI_AFS_DATASET/AFS_BEHAVIOUR_DATASET/normal/20260516_103050.wav,normal,normal
/media/feliciano/Aux/AI_AFS_DATASET/AFS_BEHAVIOUR_DATASET/normal/20260516_103052.wav,normal,normal
/media/feliciano/Aux/AI_AFS_DATASET/AFS_BEHAVIOUR_DATASET/normal/20260516_103054.wav,normal,normal
/media/feliciano/Aux/AI_AFS_DATASET/AFS_BEHAVIOUR_DATASET/normal/20260516_103056.wav,normal,normal
/media/feliciano/Aux/AI_AFS_DATASET/AFS_BEHAVIOUR_DATASET/normal/20260516_103058.wav,normal,normal
/media/feliciano/Aux/AI_AFS_DATASET/AFS_BEHAVIOUR_DATASET/normal/20260516_103100.wav,normal,normal
/media/feliciano/Aux/AI_AFS_DATASET/AFS_BEHAVIOUR_DATASET/normal/20260516_103102.wav,normal,normal
/media/feliciano/Aux/AI_AFS_DATASET/AFS_BEHAVIOUR_DATASET/normal/20260516_103104.wav,normal,normal
/media/feliciano/Aux/AI_AFS_DATASET/AFS_BEHAVIOUR_DATASET/normal/20260516_103106.wav,normal,normal
/media/feliciano/Aux/AI_AFS_DATASET/AFS_BEHAVIOUR_DATASET/normal/20260516_103108.wav,normal,normal
/media/feliciano/Aux/AI_AFS_DATASET/AFS_BEHAVIOUR_DATASET/normal/20260516_103110.wav,normal,normal
/media/feliciano/Aux/AI_AFS_DATASET/AFS_BEHAVIOUR_DATASET/normal/20260516_103112.wav,normal,normal
/media/feliciano/Aux/AI_AFS_DATASET/AFS_BEHAVIOUR_DATASET/normal/20260516_103114.wav,normal,normal
/media/feliciano/Aux/AI_AFS_DATASET/AFS_BEHAVIOUR_DATASET/normal/20260516_103116.wav,normal,normal
/media/feliciano/Aux/AI_AFS_DATASET/AFS_BEHAVIOUR_DATASET/normal/20260516_103118.wav,normal,normal
/media/feliciano/Aux/AI_AFS_DATASET/AFS_BEHAVIOUR_DATASET/normal/20260516_103120.wav,normal,normal
/media/feliciano/Aux/AI_AFS_DATASET/AFS_BEHAVIOUR_DATASET/normal/20260516_103122.wav,normal,normal
/media/feliciano/Aux/AI_AFS_DATASET/AFS_BEHAVIOUR_DATASET/normal/20260516_103124.wav,normal,normal
/media/feliciano/Aux/AI_AFS_DATASET/AFS_BEHAVIOUR_DATASET/normal/20260516_103126.wav,normal,normal
/media/feliciano/Aux/AI_AFS_DATASET/AFS_BEHAVIOUR_DATASET/normal/20260516_103128.wav,normal,normal
/media/feliciano/Aux/AI_AFS_DATASET/AFS_BEHAVIOUR_DATASET/normal/20260516_103130.wav,normal,normal
/media/feliciano/Aux/AI_AFS_DATASET/AFS_BEHAVIOUR_DATASET/normal/20260516_103132.wav,normal,normal
/media/feliciano/Aux/AI_AFS_DATASET/AFS_BEHAVIOUR_DATASET/normal/20260516_103134.wav,normal,normal
/media/feliciano/Aux/AI_AFS_DATASET/AFS_BEHAVIOUR_DATASET/normal/20260516_103136.wav,normal,normal
/media/feliciano/Aux/AI_AFS_DATASET/AFS_BEHAVIOUR_DATASET/normal/20260516_103138.wav,normal,normal
/media/feliciano/Aux/AI_AFS_DATASET/AFS_BEHAVIOUR_DATASET/normal/20260516_103140.wav,normal,normal
/media/feliciano/Aux/AI_AFS_DATASET/AFS_BEHAVIOUR_DATASET/normal/20260516_103142.wav,normal,normal
/media/feliciano/Aux/AI_AFS_DATASET/AFS_BEHAVIOUR_DATASET/normal/20260516_103144.wav,normal,normal
/media/feliciano/Aux/AI_AFS_DATASET/AFS_BEHAVIOUR_DATASET/normal/20260516_103146.wav,normal,normal
/media/feliciano/Aux/AI_AFS_DATASET/AFS_BEHAVIOUR_DATASET/normal/20260516_103148.wav,normal,normal
/media/feliciano/Aux/AI_AFS_DATASET/AFS_BEHAVIOUR_DATASET/normal/20260516_103150.wav,normal,normal
/media/feliciano/Aux/AI_AFS_DATASET/AFS_BEHAVIOUR_DATASET/normal/20260516_103152.wav,normal,normal
/media/feliciano/Aux/AI_AFS_DATASET/AFS_BEHAVIOUR_DATASET/normal/20260516_103154.wav,normal,normal
/media/feliciano/Aux/AI_AFS_DATASET/AFS_BEHAVIOUR_DATASET/normal/20260516_103156.wav,normal,normal
/media/feliciano/Aux/AI_AFS_DATASET/AFS_BEHAVIOUR_DATASET/normal/20260516_103158.wav,normal,normal
/media/feliciano/Aux/AI_AFS_DATASET/AFS_BEHAVIOUR_DATASET/normal/20260516_103200.wav,normal,normal
/media/feliciano/Aux/AI_AFS_DATASET/AFS_BEHAVIOUR_DATASET/normal/20260516_103202.wav,normal,normal
/media/feliciano/Aux/AI_AFS_DATASET/AFS_BEHAVIOUR_DATASET/normal/20260516_103204.wav,normal,normal
/media/feliciano/Aux/AI_AFS_DATASET/AFS_BEHAVIOUR_DATASET/normal/20260516_103206.wav,normal,normal
/media/feliciano/Aux/AI_AFS_DATASET/AFS_BEHAVIOUR_DATASET/normal/20260516_103208.wav,normal,normal
/media/feliciano/Aux/AI_AFS_DATASET/AFS_BEHAVIOUR_DATASET/normal/20260516_103210.wav,normal,normal
/media/feliciano/Aux/AI_AFS_DATASET/AFS_BEHAVIOUR_DATASET/normal/20260516_103212.wav,normal,normal
/media/feliciano/Aux/AI_AFS_DATASET/AFS_BEHAVIOUR_DATASET/normal/20260516_103214.wav,normal,normal
/media/feliciano/Aux/AI_AFS_DATASET/AFS_BEHAVIOUR_DATASET/normal/20260516_103216.wav,normal,normal
/media/feliciano/Aux/AI_AFS_DATASET/AFS_BEHAVIOUR_DATASET/normal/20260516_103218.wav,normal,normal
/media/feliciano/Aux/AI_AFS_DATASET/AFS_BEHAVIOUR_DATASET/normal/20260516_103220.wav,normal,normal
/media/feliciano/Aux/AI_AFS_DATASET/AFS_BEHAVIOUR_DATASET/normal/20260516_103222.wav,normal,normal
/media/feliciano/Aux/AI_AFS_DATASET/AFS_BEHAVIOUR_DATASET/normal/20260516_103224.wav,normal,normal
/media/feliciano/Aux/AI_AFS_DATASET/AFS_BEHAVIOUR_DATASET/normal/20260516_103226.wav,normal,normal
/media/feliciano/Aux/AI_AFS_DATASET/AFS_BEHAVIOUR_DATASET/normal/20260516_103228.wav,normal,normal
/media/feliciano/Aux/AI_AFS_DATASET/AFS_BEHAVIOUR_DATASET/normal/20260516_103230.wav,normal,normal
/media/feliciano/Aux/AI_AFS_DATASET/AFS_BEHAVIOUR_DATASET/normal/20260516_103232.wav,normal,normal
/media/feliciano/Aux/AI_AFS_DATASET/AFS_BEHAVIOUR_DATASET/normal/20260516_103234.wav,normal,normal
/media/feliciano/Aux/AI_AFS_DATASET/AFS_BEHAVIOUR_DATASET/normal/20260516_103236.wav,normal,normal
/media/feliciano/Aux/AI_AFS_DATASET/AFS_BEHAVIOUR_DATASET/normal/20260516_103238.wav,normal,normal
/media/feliciano/Aux/AI_AFS_DATASET/AFS_BEHAVIOUR_DATASET/normal/20260516_103240.wav,normal,normal
/media/feliciano/Aux/AI_AFS_DATASET/AFS_BEHAVIOUR_DATASET/normal/20260516_103242.wav,normal,normal
/media/feliciano/Aux/AI_AFS_DATASET/AFS_BEHAVIOUR_DATASET/normal/20260516_103244.wav,normal,normal
/media/feliciano/Aux/AI_AFS_DATASET/AFS_BEHAVIOUR_DATASET/normal/20260516_103246.wav,normal,normal
/media/feliciano/Aux/AI_AFS_DATASET/AFS_BEHAVIOUR_DATASET/normal/20260516_103248.wav,normal,agitation
/media/feliciano/Aux/AI_AFS_DATASET/AFS_BEHAVIOUR_DATASET/normal/20260516_103250.wav,normal,agitation
/media/feliciano/Aux/AI_AFS_DATASET/AFS_BEHAVIOUR_DATASET/normal/20260516_103252.wav,normal,agitation
/media/feliciano/Aux/AI_AFS_DATASET/AFS_BEHAVIOUR_DATASET/normal/20260516_103254.wav,normal,agitation
/media/feliciano/Aux/AI_AFS_DATASET/AFS_BEHAVIOUR_DATASET/normal/20260516_103256.wav,normal,agitation
/media/feliciano/Aux/AI_AFS_DATASET/AFS_BEHAVIOUR_DATASET/normal/20260516_103258.wav,normal,normal
/media/feliciano/Aux/AI_AFS_DATASET/AFS_BEHAVIOUR_DATASET/normal/20260516_103300.wav,normal,normal
/media/feliciano/Aux/AI_AFS_DATASET/AFS_BEHAVIOUR_DATASET/normal/20260516_103302.wav,normal,normal
/media/feliciano/Aux/AI_AFS_DATASET/AFS_BEHAVIOUR_DATASET/normal/20260516_103304.wav,normal,normal
/media/feliciano/Aux/AI_AFS_DATASET/AFS_BEHAVIOUR_DATASET/normal/20260516_103306.wav,normal,normal
/media/feliciano/Aux/AI_AFS_DATASET/AFS_BEHAVIOUR_DATASET/normal/20260516_103308.wav,normal,normal
/media/feliciano/Aux/AI_AFS_DATASET/AFS_BEHAVIOUR_DATASET/normal/20260516_103310.wav,normal,normal
/media/feliciano/Aux/AI_AFS_DATASET/AFS_BEHAVIOUR_DATASET/normal/20260516_103312.wav,normal,normal
/media/feliciano/Aux/AI_AFS_DATASET/AFS_BEHAVIOUR_DATASET/normal/20260516_103314.wav,normal,agitation
/media/feliciano/Aux/AI_AFS_DATASET/AFS_BEHAVIOUR_DATASET/normal/20260516_103316.wav,normal,normal
/media/feliciano/Aux/AI_AFS_DATASET/AFS_BEHAVIOUR_DATASET/normal/20260516_103318.wav,normal,normal
/media/feliciano/Aux/AI_AFS_DATASET/AFS_BEHAVIOUR_DATASET/normal/20260516_103320.wav,normal,agitation
/media/feliciano/Aux/AI_AFS_DATASET/AFS_BEHAVIOUR_DATASET/normal/20260516_103322.wav,normal,agitation
/media/feliciano/Aux/AI_AFS_DATASET/AFS_BEHAVIOUR_DATASET/normal/20260516_103324.wav,normal,normal
/media/feliciano/Aux/AI_AFS_DATASET/AFS_BEHAVIOUR_DATASET/normal/20260516_103326.wav,normal,normal
/media/feliciano/Aux/AI_AFS_DATASET/AFS_BEHAVIOUR_DATASET/normal/20260516_103328.wav,normal,normal
/media/feliciano/Aux/AI_AFS_DATASET/AFS_BEHAVIOUR_DATASET/normal/20260516_103330.wav,normal,normal
/media/feliciano/Aux/AI_AFS_DATASET/AFS_BEHAVIOUR_DATASET/normal/20260516_103332.wav,normal,normal
/media/feliciano/Aux/AI_AFS_DATASET/AFS_BEHAVIOUR_DATASET/normal/20260516_103334.wav,normal,agitation
/media/feliciano/Aux/AI_AFS_DATASET/AFS_BEHAVIOUR_DATASET/normal/20260516_103336.wav,normal,normal
/media/feliciano/Aux/AI_AFS_DATASET/AFS_BEHAVIOUR_DATASET/normal/20260516_103338.wav,normal,normal
/media/feliciano/Aux/AI_AFS_DATASET/AFS_BEHAVIOUR_DATASET/normal/20260516_103340.wav,normal,normal
/media/feliciano/Aux/AI_AFS_DATASET/AFS_BEHAVIOUR_DATASET/normal/20260516_103342.wav,normal,agitation
/media/feliciano/Aux/AI_AFS_DATASET/AFS_BEHAVIOUR_DATASET/normal/20260516_103344.wav,normal,agitation
/media/feliciano/Aux/AI_AFS_DATASET/AFS_BEHAVIOUR_DATASET/normal/20260516_103346.wav,normal,agitation
/media/feliciano/Aux/AI_AFS_DATASET/AFS_BEHAVIOUR_DATASET/normal/20260516_103348.wav,normal,normal
/media/feliciano/Aux/AI_AFS_DATASET/AFS_BEHAVIOUR_DATASET/normal/20260516_103350.wav,normal,normal
/media/feliciano/Aux/AI_AFS_DATASET/AFS_BEHAVIOUR_DATASET/normal/20260516_103352.wav,normal,agitation
/media/feliciano/Aux/AI_AFS_DATASET/AFS_BEHAVIOUR_DATASET/normal/20260516_103354.wav,normal,agitation
/media/feliciano/Aux/AI_AFS_DATASET/AFS_BEHAVIOUR_DATASET/normal/20260516_103356.wav,normal,agitation
/media/feliciano/Aux/AI_AFS_DATASET/AFS_BEHAVIOUR_DATASET/normal/20260516_103358.wav,normal,agitation
/media/feliciano/Aux/AI_AFS_DATASET/AFS_BEHAVIOUR_DATASET/normal/20260516_103400.wav,normal,agitation
/media/feliciano/Aux/AI_AFS_DATASET/AFS_BEHAVIOUR_DATASET/normal/20260516_103402.wav,normal,agitation
/media/feliciano/Aux/AI_AFS_DATASET/AFS_BEHAVIOUR_DATASET/normal/20260516_103404.wav,normal,normal
/media/feliciano/Aux/AI_AFS_DATASET/AFS_BEHAVIOUR_DATASET/normal/20260516_103406.wav,normal,agitation
/media/feliciano/Aux/AI_AFS_DATASET/AFS_BEHAVIOUR_DATASET/normal/20260516_103408.wav,normal,agitation
/media/feliciano/Aux/AI_AFS_DATASET/AFS_BEHAVIOUR_DATASET/normal/20260516_103410.wav,normal,agitation
/media/feliciano/Aux/AI_AFS_DATASET/AFS_BEHAVIOUR_DATASET/normal/20260516_103412.wav,normal,agitation
/media/feliciano/Aux/AI_AFS_DATASET/AFS_BEHAVIOUR_DATASET/normal/20260516_103414.wav,normal,agitation
/media/feliciano/Aux/AI_AFS_DATASET/AFS_BEHAVIOUR_DATASET/normal/20260516_103416.wav,normal,normal
/media/feliciano/Aux/AI_AFS_DATASET/AFS_BEHAVIOUR_DATASET/normal/20260516_103418.wav,normal,normal
/media/feliciano/Aux/AI_AFS_DATASET/AFS_BEHAVIOUR_DATASET/normal/20260516_103420.wav,normal,normal
/media/feliciano/Aux/AI_AFS_DATASET/AFS_BEHAVIOUR_DATASET/normal/20260516_103422.wav,normal,normal
/media/feliciano/Aux/AI_AFS_DATASET/AFS_BEHAVIOUR_DATASET/normal/20260516_103424.wav,normal,normal
/media/feliciano/Aux/AI_AFS_DATASET/AFS_BEHAVIOUR_DATASET/normal/20260516_103426.wav,normal,agitation
/media/feliciano/Aux/AI_AFS_DATASET/AFS_BEHAVIOUR_DATASET/normal/20260516_103428.wav,normal,agitation
/media/feliciano/Aux/AI_AFS_DATASET/AFS_BEHAVIOUR_DATASET/normal/20260516_103430.wav,normal,agitation
/media/feliciano/Aux/AI_AFS_DATASET/AFS_BEHAVIOUR_DATASET/normal/20260516_103432.wav,normal,agitation
/media/feliciano/Aux/AI_AFS_DATASET/AFS_BEHAVIOUR_DATASET/normal/20260516_103434.wav,normal,agitation
/media/feliciano/Aux/AI_AFS_DATASET/AFS_BEHAVIOUR_DATASET/normal/20260516_103436.wav,normal,agitation
/media/feliciano/Aux/AI_AFS_DATASET/AFS_BEHAVIOUR_DATASET/normal/20260516_103438.wav,normal,agitation
/media/feliciano/Aux/AI_AFS_DATASET/AFS_BEHAVIOUR_DATASET/normal/20260516_103440.wav,normal,agitation
/media/feliciano/Aux/AI_AFS_DATASET/AFS_BEHAVIOUR_DATASET/normal/20260516_103442.wav,normal,normal
/media/feliciano/Aux/AI_AFS_DATASET/AFS_BEHAVIOUR_DATASET/normal/20260516_103444.wav,normal,agitation
/media/feliciano/Aux/AI_AFS_DATASET/AFS_BEHAVIOUR_DATASET/normal/20260516_103446.wav,normal,agitation
/media/feliciano/Aux/AI_AFS_DATASET/AFS_BEHAVIOUR_DATASET/normal/20260516_103448.wav,normal,normal
/media/feliciano/Aux/AI_AFS_DATASET/AFS_BEHAVIOUR_DATASET/normal/20260516_103450.wav,normal,agitation
/media/feliciano/Aux/AI_AFS_DATASET/AFS_BEHAVIOUR_DATASET/normal/20260516_103452.wav,normal,agitation
/media/feliciano/Aux/AI_AFS_DATASET/AFS_BEHAVIOUR_DATASET/normal/20260516_103454.wav,normal,normal
/media/feliciano/Aux/AI_AFS_DATASET/AFS_BEHAVIOUR_DATASET/normal/20260516_103456.wav,normal,agitation
/media/feliciano/Aux/AI_AFS_DATASET/AFS_BEHAVIOUR_DATASET/normal/20260516_103458.wav,normal,agitation
/media/feliciano/Aux/AI_AFS_DATASET/AFS_BEHAVIOUR_DATASET/normal/20260516_103500.wav,normal,agitation
/media/feliciano/Aux/AI_AFS_DATASET/AFS_BEHAVIOUR_DATASET/normal/20260516_103502.wav,normal,agitation
/media/feliciano/Aux/AI_AFS_DATASET/AFS_BEHAVIOUR_DATASET/normal/20260516_103504.wav,normal,normal
/media/feliciano/Aux/AI_AFS_DATASET/AFS_BEHAVIOUR_DATASET/normal/20260516_103506.wav,normal,agitation
/media/feliciano/Aux/AI_AFS_DATASET/AFS_BEHAVIOUR_DATASET/normal/20260516_103508.wav,normal,agitation
/media/feliciano/Aux/AI_AFS_DATASET/AFS_BEHAVIOUR_DATASET/normal/20260516_103510.wav,normal,agitation
/media/feliciano/Aux/AI_AFS_DATASET/AFS_BEHAVIOUR_DATASET/normal/20260516_103512.wav,normal,agitation
/media/feliciano/Aux/AI_AFS_DATASET/AFS_BEHAVIOUR_DATASET/normal/20260516_103514.wav,normal,agitation
/media/feliciano/Aux/AI_AFS_DATASET/AFS_BEHAVIOUR_DATASET/normal/20260516_103516.wav,normal,agitation
/media/feliciano/Aux/AI_AFS_DATASET/AFS_BEHAVIOUR_DATASET/normal/20260516_103518.wav,normal,agitation
/media/feliciano/Aux/AI_AFS_DATASET/AFS_BEHAVIOUR_DATASET/normal/20260516_103520.wav,normal,agitation
/media/feliciano/Aux/AI_AFS_DATASET/AFS_BEHAVIOUR_DATASET/normal/20260516_103522.wav,normal,agitation
/media/feliciano/Aux/AI_AFS_DATASET/AFS_BEHAVIOUR_DATASET/normal/20260516_103524.wav,normal,agitation
/media/feliciano/Aux/AI_AFS_DATASET/AFS_BEHAVIOUR_DATASET/normal/20260516_103526.wav,normal,agitation
/media/feliciano/Aux/AI_AFS_DATASET/AFS_BEHAVIOUR_DATASET/normal/20260516_103528.wav,normal,agitation
/media/feliciano/Aux/AI_AFS_DATASET/AFS_BEHAVIOUR_DATASET/normal/20260516_103530.wav,normal,agitation
/media/feliciano/Aux/AI_AFS_DATASET/AFS_BEHAVIOUR_DATASET/normal/20260516_103532.wav,normal,agitation
/media/feliciano/Aux/AI_AFS_DATASET/AFS_BEHAVIOUR_DATASET/normal/20260516_103534.wav,normal,agitation
/media/feliciano/Aux/AI_AFS_DATASET/AFS_BEHAVIOUR_DATASET/normal/20260516_103536.wav,normal,agitation
/media/feliciano/Aux/AI_AFS_DATASET/AFS_BEHAVIOUR_DATASET/normal/20260516_103538.wav,normal,agitation
/media/feliciano/Aux/AI_AFS_DATASET/AFS_BEHAVIOUR_DATASET/normal/20260516_103540.wav,normal,agitation
/media/feliciano/Aux/AI_AFS_DATASET/AFS_BEHAVIOUR_DATASET/normal/20260516_103542.wav,normal,agitation
/media/feliciano/Aux/AI_AFS_DATASET/AFS_BEHAVIOUR_DATASET/normal/20260516_103544.wav,normal,agitation
/media/feliciano/Aux/AI_AFS_DATASET/AFS_BEHAVIOUR_DATASET/normal/20260516_103546.wav,normal,agitation
/media/feliciano/Aux/AI_AFS_DATASET/AFS_BEHAVIOUR_DATASET/normal/20260516_103548.wav,normal,agitation
/media/feliciano/Aux/AI_AFS_DATASET/AFS_BEHAVIOUR_DATASET/normal/20260516_103550.wav,normal,agitation
/media/feliciano/Aux/AI_AFS_DATASET/AFS_BEHAVIOUR_DATASET/normal/20260516_103552.wav,normal,normal
/media/feliciano/Aux/AI_AFS_DATASET/AFS_BEHAVIOUR_DATASET/normal/20260516_103554.wav,normal,agitation
/media/feliciano/Aux/AI_AFS_DATASET/AFS_BEHAVIOUR_DATASET/normal/20260516_103556.wav,normal,agitation
/media/feliciano/Aux/AI_AFS_DATASET/AFS_BEHAVIOUR_DATASET/normal/20260516_103558.wav,normal,agitation
/media/feliciano/Aux/AI_AFS_DATASET/AFS_BEHAVIOUR_DATASET/normal/20260516_103600.wav,normal,agitation
/media/feliciano/Aux/AI_AFS_DATASET/AFS_BEHAVIOUR_DATASET/normal/20260516_103602.wav,normal,agitation
/media/feliciano/Aux/AI_AFS_DATASET/AFS_BEHAVIOUR_DATASET/normal/20260516_103604.wav,normal,agitation
/media/feliciano/Aux/AI_AFS_DATASET/AFS_BEHAVIOUR_DATASET/normal/20260516_103606.wav,normal,agitation
/media/feliciano/Aux/AI_AFS_DATASET/AFS_BEHAVIOUR_DATASET/normal/20260516_103608.wav,normal,agitation
/media/feliciano/Aux/AI_AFS_DATASET/AFS_BEHAVIOUR_DATASET/normal/20260516_103610.wav,normal,agitation
/media/feliciano/Aux/AI_AFS_DATASET/AFS_BEHAVIOUR_DATASET/normal/20260516_103612.wav,normal,agitation
/media/feliciano/Aux/AI_AFS_DATASET/AFS_BEHAVIOUR_DATASET/normal/20260516_103614.wav,normal,agitation
/media/feliciano/Aux/AI_AFS_DATASET/AFS_BEHAVIOUR_DATASET/normal/20260516_103616.wav,normal,agitation
/media/feliciano/Aux/AI_AFS_DATASET/AFS_BEHAVIOUR_DATASET/normal/20260516_103618.wav,normal,agitation
/media/feliciano/Aux/AI_AFS_DATASET/AFS_BEHAVIOUR_DATASET/normal/20260516_103620.wav,normal,agitation
/media/feliciano/Aux/AI_AFS_DATASET/AFS_BEHAVIOUR_DATASET/normal/20260516_103622.wav,normal,normal
/media/feliciano/Aux/AI_AFS_DATASET/AFS_BEHAVIOUR_DATASET/normal/20260516_103624.wav,normal,normal
/media/feliciano/Aux/AI_AFS_DATASET/AFS_BEHAVIOUR_DATASET/normal/20260516_103626.wav,normal,normal
/media/feliciano/Aux/AI_AFS_DATASET/AFS_BEHAVIOUR_DATASET/normal/20260516_103628.wav,normal,agitation
/media/feliciano/Aux/AI_AFS_DATASET/AFS_BEHAVIOUR_DATASET/normal/20260516_103630.wav,normal,agitation
/media/feliciano/Aux/AI_AFS_DATASET/AFS_BEHAVIOUR_DATASET/normal/20260516_103632.wav,normal,agitation
/media/feliciano/Aux/AI_AFS_DATASET/AFS_BEHAVIOUR_DATASET/normal/20260516_103634.wav,normal,agitation
/media/feliciano/Aux/AI_AFS_DATASET/AFS_BEHAVIOUR_DATASET/normal/20260516_103636.wav,normal,agitation
/media/feliciano/Aux/AI_AFS_DATASET/AFS_BEHAVIOUR_DATASET/normal/20260516_103638.wav,normal,agitation
/media/feliciano/Aux/AI_AFS_DATASET/AFS_BEHAVIOUR_DATASET/normal/20260516_103640.wav,normal,normal
/media/feliciano/Aux/AI_AFS_DATASET/AFS_BEHAVIOUR_DATASET/normal/20260516_103642.wav,normal,agitation
/media/feliciano/Aux/AI_AFS_DATASET/AFS_BEHAVIOUR_DATASET/normal/20260516_103644.wav,normal,agitation
/media/feliciano/Aux/AI_AFS_DATASET/AFS_BEHAVIOUR_DATASET/normal/20260516_103646.wav,normal,agitation
/media/feliciano/Aux/AI_AFS_DATASET/AFS_BEHAVIOUR_DATASET/normal/20260516_103648.wav,normal,agitation
/media/feliciano/Aux/AI_AFS_DATASET/AFS_BEHAVIOUR_DATASET/normal/20260516_103650.wav,normal,agitation
/media/feliciano/Aux/AI_AFS_DATASET/AFS_BEHAVIOUR_DATASET/normal/20260516_103652.wav,normal,agitation
/media/feliciano/Aux/AI_AFS_DATASET/AFS_BEHAVIOUR_DATASET/normal/20260516_103654.wav,normal,agitation
/media/feliciano/Aux/AI_AFS_DATASET/AFS_BEHAVIOUR_DATASET/normal/20260516_103656.wav,normal,agitation
/media/feliciano/Aux/AI_AFS_DATASET/AFS_BEHAVIOUR_DATASET/normal/20260516_103658.wav,normal,normal
/media/feliciano/Aux/AI_AFS_DATASET/AFS_BEHAVIOUR_DATASET/normal/20260516_103700.wav,normal,agitation
/media/feliciano/Aux/AI_AFS_DATASET/AFS_BEHAVIOUR_DATASET/normal/20260516_103702.wav,normal,agitation
/media/feliciano/Aux/AI_AFS_DATASET/AFS_BEHAVIOUR_DATASET/normal/20260516_103704.wav,normal,normal
/media/feliciano/Aux/AI_AFS_DATASET/AFS_BEHAVIOUR_DATASET/normal/20260516_103706.wav,normal,agitation
/media/feliciano/Aux/AI_AFS_DATASET/AFS_BEHAVIOUR_DATASET/normal/20260516_103708.wav,normal,agitation
/media/feliciano/Aux/AI_AFS_DATASET/AFS_BEHAVIOUR_DATASET/normal/20260516_103710.wav,normal,agitation
/media/feliciano/Aux/AI_AFS_DATASET/AFS_BEHAVIOUR_DATASET/normal/20260516_103712.wav,normal,agitation
/media/feliciano/Aux/AI_AFS_DATASET/AFS_BEHAVIOUR_DATASET/normal/20260516_103714.wav,normal,agitation
/media/feliciano/Aux/AI_AFS_DATASET/AFS_BEHAVIOUR_DATASET/normal/20260516_103716.wav,normal,normal
/media/feliciano/Aux/AI_AFS_DATASET/AFS_BEHAVIOUR_DATASET/normal/20260516_103718.wav,normal,normal
/media/feliciano/Aux/AI_AFS_DATASET/AFS_BEHAVIOUR_DATASET/normal/20260516_103720.wav,normal,normal
/media/feliciano/Aux/AI_AFS_DATASET/AFS_BEHAVIOUR_DATASET/normal/20260516_103722.wav,normal,normal
/media/feliciano/Aux/AI_AFS_DATASET/AFS_BEHAVIOUR_DATASET/normal/20260516_103724.wav,normal,normal
/media/feliciano/Aux/AI_AFS_DATASET/AFS_BEHAVIOUR_DATASET/normal/20260516_103726.wav,normal,normal
/media/feliciano/Aux/AI_AFS_DATASET/AFS_BEHAVIOUR_DATASET/normal/20260516_103728.wav,normal,agitation
/media/feliciano/Aux/AI_AFS_DATASET/AFS_BEHAVIOUR_DATASET/normal/20260516_103730.wav,normal,normal
/media/feliciano/Aux/AI_AFS_DATASET/AFS_BEHAVIOUR_DATASET/normal/20260516_103732.wav,normal,normal
/media/feliciano/Aux/AI_AFS_DATASET/AFS_BEHAVIOUR_DATASET/normal/20260516_103734.wav,normal,normal
/media/feliciano/Aux/AI_AFS_DATASET/AFS_BEHAVIOUR_DATASET/normal/20260516_103736.wav,normal,agitation
/media/feliciano/Aux/AI_AFS_DATASET/AFS_BEHAVIOUR_DATASET/normal/20260516_103738.wav,normal,normal
/media/feliciano/Aux/AI_AFS_DATASET/AFS_BEHAVIOUR_DATASET/normal/20260516_103740.wav,normal,agitation
/media/feliciano/Aux/AI_AFS_DATASET/AFS_BEHAVIOUR_DATASET/normal/20260516_103742.wav,normal,agitation
/media/feliciano/Aux/AI_AFS_DATASET/AFS_BEHAVIOUR_DATASET/normal/20260516_103744.wav,normal,agitation
/media/feliciano/Aux/AI_AFS_DATASET/AFS_BEHAVIOUR_DATASET/normal/20260516_103746.wav,normal,agitation
/media/feliciano/Aux/AI_AFS_DATASET/AFS_BEHAVIOUR_DATASET/normal/20260516_103748.wav,normal,agitation
/media/feliciano/Aux/AI_AFS_DATASET/AFS_BEHAVIOUR_DATASET/normal/20260516_103750.wav,normal,agitation
/media/feliciano/Aux/AI_AFS_DATASET/AFS_BEHAVIOUR_DATASET/normal/20260516_103752.wav,normal,normal
/media/feliciano/Aux/AI_AFS_DATASET/AFS_BEHAVIOUR_DATASET/normal/20260516_103754.wav,normal,agitation
/media/feliciano/Aux/AI_AFS_DATASET/AFS_BEHAVIOUR_DATASET/normal/20260516_103756.wav,normal,normal
/media/feliciano/Aux/AI_AFS_DATASET/AFS_BEHAVIOUR_DATASET/normal/20260516_103758.wav,normal,agitation
/media/feliciano/Aux/AI_AFS_DATASET/AFS_BEHAVIOUR_DATASET/normal/20260516_103800.wav,normal,agitation
/media/feliciano/Aux/AI_AFS_DATASET/AFS_BEHAVIOUR_DATASET/normal/20260516_103802.wav,normal,agitation
/media/feliciano/Aux/AI_AFS_DATASET/AFS_BEHAVIOUR_DATASET/normal/20260516_103804.wav,normal,normal
/media/feliciano/Aux/AI_AFS_DATASET/AFS_BEHAVIOUR_DATASET/normal/20260516_103806.wav,normal,normal
/media/feliciano/Aux/AI_AFS_DATASET/AFS_BEHAVIOUR_DATASET/normal/20260516_103808.wav,normal,agitation
/media/feliciano/Aux/AI_AFS_DATASET/AFS_BEHAVIOUR_DATASET/normal/20260516_103810.wav,normal,agitation
/media/feliciano/Aux/AI_AFS_DATASET/AFS_BEHAVIOUR_DATASET/normal/20260516_103812.wav,normal,agitation
/media/feliciano/Aux/AI_AFS_DATASET/AFS_BEHAVIOUR_DATASET/normal/20260516_103814.wav,normal,agitation
/media/feliciano/Aux/AI_AFS_DATASET/AFS_BEHAVIOUR_DATASET/normal/20260516_103816.wav,normal,agitation
/media/feliciano/Aux/AI_AFS_DATASET/AFS_BEHAVIOUR_DATASET/normal/20260516_103818.wav,normal,agitation
/media/feliciano/Aux/AI_AFS_DATASET/AFS_BEHAVIOUR_DATASET/normal/20260516_103820.wav,normal,agitation
/media/feliciano/Aux/AI_AFS_DATASET/AFS_BEHAVIOUR_DATASET/normal/20260516_103822.wav,normal,agitation
/media/feliciano/Aux/AI_AFS_DATASET/AFS_BEHAVIOUR_DATASET/normal/20260516_103824.wav,normal,agitation
/media/feliciano/Aux/AI_AFS_DATASET/AFS_BEHAVIOUR_DATASET/normal/20260516_103826.wav,normal,agitation
/media/feliciano/Aux/AI_AFS_DATASET/AFS_BEHAVIOUR_DATASET/normal/20260516_103828.wav,normal,agitation
/media/feliciano/Aux/AI_AFS_DATASET/AFS_BEHAVIOUR_DATASET/normal/20260516_103830.wav,normal,agitation
/media/feliciano/Aux/AI_AFS_DATASET/AFS_BEHAVIOUR_DATASET/normal/20260516_103832.wav,normal,agitation
/media/feliciano/Aux/AI_AFS_DATASET/AFS_BEHAVIOUR_DATASET/normal/20260516_103834.wav,normal,normal
/media/feliciano/Aux/AI_AFS_DATASET/AFS_BEHAVIOUR_DATASET/normal/20260516_103836.wav,normal,normal
/media/feliciano/Aux/AI_AFS_DATASET/AFS_BEHAVIOUR_DATASET/normal/20260516_103838.wav,normal,agitation
/media/feliciano/Aux/AI_AFS_DATASET/AFS_BEHAVIOUR_DATASET/normal/20260516_103840.wav,normal,normal
/media/feliciano/Aux/AI_AFS_DATASET/AFS_BEHAVIOUR_DATASET/normal/20260516_103842.wav,normal,agitation
/media/feliciano/Aux/AI_AFS_DATASET/AFS_BEHAVIOUR_DATASET/normal/20260516_103844.wav,normal,agitation
/media/feliciano/Aux/AI_AFS_DATASET/AFS_BEHAVIOUR_DATASET/normal/20260516_103846.wav,normal,normal
/media/feliciano/Aux/AI_AFS_DATASET/AFS_BEHAVIOUR_DATASET/normal/20260516_103848.wav,normal,normal
/media/feliciano/Aux/AI_AFS_DATASET/AFS_BEHAVIOUR_DATASET/normal/20260516_103850.wav,normal,normal
/media/feliciano/Aux/AI_AFS_DATASET/AFS_BEHAVIOUR_DATASET/normal/20260516_103852.wav,normal,agitation
/media/feliciano/Aux/AI_AFS_DATASET/AFS_BEHAVIOUR_DATASET/normal/20260516_103854.wav,normal,normal
/media/feliciano/Aux/AI_AFS_DATASET/AFS_BEHAVIOUR_DATASET/normal/20260516_103856.wav,normal,agitation
/media/feliciano/Aux/AI_AFS_DATASET/AFS_BEHAVIOUR_DATASET/normal/20260516_103858.wav,normal,agitation
/media/feliciano/Aux/AI_AFS_DATASET/AFS_BEHAVIOUR_DATASET/normal/20260529_091000.wav,normal,clustering
/media/feliciano/Aux/AI_AFS_DATASET/AFS_BEHAVIOUR_DATASET/normal/20260529_091002.wav,normal,normal
/media/feliciano/Aux/AI_AFS_DATASET/AFS_BEHAVIOUR_DATASET/normal/20260529_091004.wav,normal,normal
/media/feliciano/Aux/AI_AFS_DATASET/AFS_BEHAVIOUR_DATASET/normal/20260529_091006.wav,normal,normal
/media/feliciano/Aux/AI_AFS_DATASET/AFS_BEHAVIOUR_DATASET/normal/20260529_091008.wav,normal,normal
/media/feliciano/Aux/AI_AFS_DATASET/AFS_BEHAVIOUR_DATASET/normal/20260529_091010.wav,normal,normal
/media/feliciano/Aux/AI_AFS_DATASET/AFS_BEHAVIOUR_DATASET/normal/20260529_091012.wav,normal,clustering
/media/feliciano/Aux/AI_AFS_DATASET/AFS_BEHAVIOUR_DATASET/normal/20260529_091014.wav,normal,normal
/media/feliciano/Aux/AI_AFS_DATASET/AFS_BEHAVIOUR_DATASET/normal/20260529_091016.wav,normal,clustering
/media/feliciano/Aux/AI_AFS_DATASET/AFS_BEHAVIOUR_DATASET/normal/20260529_091018.wav,normal,clustering
/media/feliciano/Aux/AI_AFS_DATASET/AFS_BEHAVIOUR_DATASET/normal/20260529_091020.wav,normal,normal
/media/feliciano/Aux/AI_AFS_DATASET/AFS_BEHAVIOUR_DATASET/normal/20260529_091022.wav,normal,normal
/media/feliciano/Aux/AI_AFS_DATASET/AFS_BEHAVIOUR_DATASET/normal/20260529_091024.wav,normal,normal
/media/feliciano/Aux/AI_AFS_DATASET/AFS_BEHAVIOUR_DATASET/normal/20260529_091026.wav,normal,normal
/media/feliciano/Aux/AI_AFS_DATASET/AFS_BEHAVIOUR_DATASET/normal/20260529_091028.wav,normal,clustering
/media/feliciano/Aux/AI_AFS_DATASET/AFS_BEHAVIOUR_DATASET/normal/20260529_091030.wav,normal,clustering
/media/feliciano/Aux/AI_AFS_DATASET/AFS_BEHAVIOUR_DATASET/normal/20260529_091032.wav,normal,clustering
/media/feliciano/Aux/AI_AFS_DATASET/AFS_BEHAVIOUR_DATASET/normal/20260529_091034.wav,normal,normal
/media/feliciano/Aux/AI_AFS_DATASET/AFS_BEHAVIOUR_DATASET/normal/20260529_091036.wav,normal,normal
/media/feliciano/Aux/AI_AFS_DATASET/AFS_BEHAVIOUR_DATASET/normal/20260529_091038.wav,normal,normal
/media/feliciano/Aux/AI_AFS_DATASET/AFS_BEHAVIOUR_DATASET/normal/20260529_091040.wav,normal,clustering
/media/feliciano/Aux/AI_AFS_DATASET/AFS_BEHAVIOUR_DATASET/normal/20260529_091042.wav,normal,normal
/media/feliciano/Aux/AI_AFS_DATASET/AFS_BEHAVIOUR_DATASET/normal/20260529_091044.wav,normal,clustering
/media/feliciano/Aux/AI_AFS_DATASET/AFS_BEHAVIOUR_DATASET/normal/20260529_091046.wav,normal,normal
/media/feliciano/Aux/AI_AFS_DATASET/AFS_BEHAVIOUR_DATASET/normal/20260529_091048.wav,normal,clustering
/media/feliciano/Aux/AI_AFS_DATASET/AFS_BEHAVIOUR_DATASET/normal/20260529_091050.wav,normal,clustering
/media/feliciano/Aux/AI_AFS_DATASET/AFS_BEHAVIOUR_DATASET/normal/20260529_091052.wav,normal,clustering
/media/feliciano/Aux/AI_AFS_DATASET/AFS_BEHAVIOUR_DATASET/normal/20260529_091054.wav,normal,normal
/media/feliciano/Aux/AI_AFS_DATASET/AFS_BEHAVIOUR_DATASET/normal/20260529_091056.wav,normal,clustering
/media/feliciano/Aux/AI_AFS_DATASET/AFS_BEHAVIOUR_DATASET/normal/20260529_091058.wav,normal,normal
/media/feliciano/Aux/AI_AFS_DATASET/AFS_BEHAVIOUR_DATASET/normal/20260529_091100.wav,normal,clustering
/media/feliciano/Aux/AI_AFS_DATASET/AFS_BEHAVIOUR_DATASET/normal/20260529_091102.wav,normal,normal
/media/feliciano/Aux/AI_AFS_DATASET/AFS_BEHAVIOUR_DATASET/normal/20260529_091104.wav,normal,normal
/media/feliciano/Aux/AI_AFS_DATASET/AFS_BEHAVIOUR_DATASET/normal/20260529_091106.wav,normal,normal
/media/feliciano/Aux/AI_AFS_DATASET/AFS_BEHAVIOUR_DATASET/normal/20260529_091108.wav,normal,clustering
/media/feliciano/Aux/AI_AFS_DATASET/AFS_BEHAVIOUR_DATASET/normal/20260529_091110.wav,normal,normal
/media/feliciano/Aux/AI_AFS_DATASET/AFS_BEHAVIOUR_DATASET/normal/20260529_091112.wav,normal,normal
/media/feliciano/Aux/AI_AFS_DATASET/AFS_BEHAVIOUR_DATASET/normal/20260529_091114.wav,normal,normal
/media/feliciano/Aux/AI_AFS_DATASET/AFS_BEHAVIOUR_DATASET/normal/20260529_091116.wav,normal,normal
/media/feliciano/Aux/AI_AFS_DATASET/AFS_BEHAVIOUR_DATASET/normal/20260529_091118.wav,normal,normal
/media/feliciano/Aux/AI_AFS_DATASET/AFS_BEHAVIOUR_DATASET/normal/20260529_091120.wav,normal,normal
/media/feliciano/Aux/AI_AFS_DATASET/AFS_BEHAVIOUR_DATASET/normal/20260529_091122.wav,normal,normal
/media/feliciano/Aux/AI_AFS_DATASET/AFS_BEHAVIOUR_DATASET/normal/20260529_091124.wav,normal,normal
/media/feliciano/Aux/AI_AFS_DATASET/AFS_BEHAVIOUR_DATASET/normal/20260529_091126.wav,normal,normal
/media/feliciano/Aux/AI_AFS_DATASET/AFS_BEHAVIOUR_DATASET/normal/20260529_091128.wav,normal,clustering
/media/feliciano/Aux/AI_AFS_DATASET/AFS_BEHAVIOUR_DATASET/normal/20260529_091130.wav,normal,clustering
/media/feliciano/Aux/AI_AFS_DATASET/AFS_BEHAVIOUR_DATASET/normal/20260529_091132.wav,normal,clustering
/media/feliciano/Aux/AI_AFS_DATASET/AFS_BEHAVIOUR_DATASET/normal/20260529_091134.wav,normal,normal
/media/feliciano/Aux/AI_AFS_DATASET/AFS_BEHAVIOUR_DATASET/normal/20260529_091136.wav,normal,normal
/media/feliciano/Aux/AI_AFS_DATASET/AFS_BEHAVIOUR_DATASET/normal/20260529_091138.wav,normal,normal
/media/feliciano/Aux/AI_AFS_DATASET/AFS_BEHAVIOUR_DATASET/normal/20260529_091140.wav,normal,normal
/media/feliciano/Aux/AI_AFS_DATASET/AFS_BEHAVIOUR_DATASET/normal/20260529_091142.wav,normal,normal
/media/feliciano/Aux/AI_AFS_DATASET/AFS_BEHAVIOUR_DATASET/normal/20260529_091144.wav,normal,clustering
/media/feliciano/Aux/AI_AFS_DATASET/AFS_BEHAVIOUR_DATASET/normal/20260529_091146.wav,normal,normal
/media/feliciano/Aux/AI_AFS_DATASET/AFS_BEHAVIOUR_DATASET/normal/20260529_091148.wav,normal,clustering
/media/feliciano/Aux/AI_AFS_DATASET/AFS_BEHAVIOUR_DATASET/normal/20260529_091150.wav,normal,clustering
/media/feliciano/Aux/AI_AFS_DATASET/AFS_BEHAVIOUR_DATASET/normal/20260529_091152.wav,normal,normal
/media/feliciano/Aux/AI_AFS_DATASET/AFS_BEHAVIOUR_DATASET/normal/20260529_091154.wav,normal,normal
/media/feliciano/Aux/AI_AFS_DATASET/AFS_BEHAVIOUR_DATASET/normal/20260529_091156.wav,normal,normal
/media/feliciano/Aux/AI_AFS_DATASET/AFS_BEHAVIOUR_DATASET/normal/20260529_091158.wav,normal,normal
/media/feliciano/Aux/AI_AFS_DATASET/AFS_BEHAVIOUR_DATASET/normal/20260529_091200.wav,normal,normal
/media/feliciano/Aux/AI_AFS_DATASET/AFS_BEHAVIOUR_DATASET/normal/20260529_091202.wav,normal,normal
/media/feliciano/Aux/AI_AFS_DATASET/AFS_BEHAVIOUR_DATASET/normal/20260529_091204.wav,normal,clustering
/media/feliciano/Aux/AI_AFS_DATASET/AFS_BEHAVIOUR_DATASET/normal/20260529_091206.wav,normal,clustering
/media/feliciano/Aux/AI_AFS_DATASET/AFS_BEHAVIOUR_DATASET/normal/20260529_091208.wav,normal,clustering
/media/feliciano/Aux/AI_AFS_DATASET/AFS_BEHAVIOUR_DATASET/normal/20260529_091210.wav,normal,clustering
/media/feliciano/Aux/AI_AFS_DATASET/AFS_BEHAVIOUR_DATASET/normal/20260529_091212.wav,normal,normal
/media/feliciano/Aux/AI_AFS_DATASET/AFS_BEHAVIOUR_DATASET/normal/20260529_091214.wav,normal,normal
/media/feliciano/Aux/AI_AFS_DATASET/AFS_BEHAVIOUR_DATASET/normal/20260529_091216.wav,normal,clustering
/media/feliciano/Aux/AI_AFS_DATASET/AFS_BEHAVIOUR_DATASET/normal/20260529_091218.wav,normal,normal
/media/feliciano/Aux/AI_AFS_DATASET/AFS_BEHAVIOUR_DATASET/normal/20260529_091220.wav,normal,clustering
/media/feliciano/Aux/AI_AFS_DATASET/AFS_BEHAVIOUR_DATASET/normal/20260529_091222.wav,normal,clustering
/media/feliciano/Aux/AI_AFS_DATASET/AFS_BEHAVIOUR_DATASET/normal/20260529_091224.wav,normal,agitation
/media/feliciano/Aux/AI_AFS_DATASET/AFS_BEHAVIOUR_DATASET/normal/20260529_091226.wav,normal,normal
/media/feliciano/Aux/AI_AFS_DATASET/AFS_BEHAVIOUR_DATASET/normal/20260529_091228.wav,normal,clustering
/media/feliciano/Aux/AI_AFS_DATASET/AFS_BEHAVIOUR_DATASET/normal/20260529_091230.wav,normal,clustering
/media/feliciano/Aux/AI_AFS_DATASET/AFS_BEHAVIOUR_DATASET/normal/20260529_091232.wav,normal,normal
/media/feliciano/Aux/AI_AFS_DATASET/AFS_BEHAVIOUR_DATASET/normal/20260529_091234.wav,normal,clustering
/media/feliciano/Aux/AI_AFS_DATASET/AFS_BEHAVIOUR_DATASET/normal/20260529_091236.wav,normal,normal
/media/feliciano/Aux/AI_AFS_DATASET/AFS_BEHAVIOUR_DATASET/normal/20260529_091238.wav,normal,normal
/media/feliciano/Aux/AI_AFS_DATASET/AFS_BEHAVIOUR_DATASET/normal/20260529_091240.wav,normal,normal
/media/feliciano/Aux/AI_AFS_DATASET/AFS_BEHAVIOUR_DATASET/normal/20260529_091242.wav,normal,normal
/media/feliciano/Aux/AI_AFS_DATASET/AFS_BEHAVIOUR_DATASET/normal/20260529_091244.wav,normal,normal
/media/feliciano/Aux/AI_AFS_DATASET/AFS_BEHAVIOUR_DATASET/normal/20260529_091246.wav,normal,normal
/media/feliciano/Aux/AI_AFS_DATASET/AFS_BEHAVIOUR_DATASET/normal/20260529_091248.wav,normal,normal
/media/feliciano/Aux/AI_AFS_DATASET/AFS_BEHAVIOUR_DATASET/normal/20260529_091250.wav,normal,clustering
/media/feliciano/Aux/AI_AFS_DATASET/AFS_BEHAVIOUR_DATASET/normal/20260529_091252.wav,normal,clustering
/media/feliciano/Aux/AI_AFS_DATASET/AFS_BEHAVIOUR_DATASET/normal/20260529_091254.wav,normal,clustering
/media/feliciano/Aux/AI_AFS_DATASET/AFS_BEHAVIOUR_DATASET/normal/20260529_091256.wav,normal,normal
/media/feliciano/Aux/AI_AFS_DATASET/AFS_BEHAVIOUR_DATASET/normal/20260529_091258.wav,normal,normal
/media/feliciano/Aux/AI_AFS_DATASET/AFS_BEHAVIOUR_DATASET/normal/20260529_104000.wav,normal,normal
/media/feliciano/Aux/AI_AFS_DATASET/AFS_BEHAVIOUR_DATASET/normal/20260529_104002.wav,normal,normal
/media/feliciano/Aux/AI_AFS_DATASET/AFS_BEHAVIOUR_DATASET/normal/20260529_104004.wav,normal,normal
/media/feliciano/Aux/AI_AFS_DATASET/AFS_BEHAVIOUR_DATASET/normal/20260529_104006.wav,normal,normal
/media/feliciano/Aux/AI_AFS_DATASET/AFS_BEHAVIOUR_DATASET/normal/20260529_104008.wav,normal,normal
/media/feliciano/Aux/AI_AFS_DATASET/AFS_BEHAVIOUR_DATASET/normal/20260529_104010.wav,normal,normal
/media/feliciano/Aux/AI_AFS_DATASET/AFS_BEHAVIOUR_DATASET/normal/20260529_104012.wav,normal,normal
/media/feliciano/Aux/AI_AFS_DATASET/AFS_BEHAVIOUR_DATASET/normal/20260529_104014.wav,normal,normal
/media/feliciano/Aux/AI_AFS_DATASET/AFS_BEHAVIOUR_DATASET/normal/20260529_104016.wav,normal,clustering
/media/feliciano/Aux/AI_AFS_DATASET/AFS_BEHAVIOUR_DATASET/normal/20260529_104018.wav,normal,normal
/media/feliciano/Aux/AI_AFS_DATASET/AFS_BEHAVIOUR_DATASET/normal/20260529_104020.wav,normal,normal
/media/feliciano/Aux/AI_AFS_DATASET/AFS_BEHAVIOUR_DATASET/normal/20260529_104022.wav,normal,normal
/media/feliciano/Aux/AI_AFS_DATASET/AFS_BEHAVIOUR_DATASET/normal/20260529_104024.wav,normal,normal
/media/feliciano/Aux/AI_AFS_DATASET/AFS_BEHAVIOUR_DATASET/normal/20260529_104026.wav,normal,normal
/media/feliciano/Aux/AI_AFS_DATASET/AFS_BEHAVIOUR_DATASET/normal/20260529_104028.wav,normal,normal
/media/feliciano/Aux/AI_AFS_DATASET/AFS_BEHAVIOUR_DATASET/normal/20260529_104030.wav,normal,normal
/media/feliciano/Aux/AI_AFS_DATASET/AFS_BEHAVIOUR_DATASET/normal/20260529_104032.wav,normal,normal
/media/feliciano/Aux/AI_AFS_DATASET/AFS_BEHAVIOUR_DATASET/normal/20260529_104034.wav,normal,normal
/media/feliciano/Aux/AI_AFS_DATASET/AFS_BEHAVIOUR_DATASET/normal/20260529_104036.wav,normal,normal
/media/feliciano/Aux/AI_AFS_DATASET/AFS_BEHAVIOUR_DATASET/normal/20260529_104038.wav,normal,normal
/media/feliciano/Aux/AI_AFS_DATASET/AFS_BEHAVIOUR_DATASET/normal/20260529_104040.wav,normal,normal
/media/feliciano/Aux/AI_AFS_DATASET/AFS_BEHAVIOUR_DATASET/normal/20260529_104042.wav,normal,normal
/media/feliciano/Aux/AI_AFS_DATASET/AFS_BEHAVIOUR_DATASET/normal/20260529_104044.wav,normal,normal
/media/feliciano/Aux/AI_AFS_DATASET/AFS_BEHAVIOUR_DATASET/normal/20260529_104046.wav,normal,normal
/media/feliciano/Aux/AI_AFS_DATASET/AFS_BEHAVIOUR_DATASET/normal/20260529_104048.wav,normal,normal
/media/feliciano/Aux/AI_AFS_DATASET/AFS_BEHAVIOUR_DATASET/normal/20260529_104050.wav,normal,clustering
/media/feliciano/Aux/AI_AFS_DATASET/AFS_BEHAVIOUR_DATASET/normal/20260529_104052.wav,normal,clustering
/media/feliciano/Aux/AI_AFS_DATASET/AFS_BEHAVIOUR_DATASET/normal/20260529_104054.wav,normal,normal
/media/feliciano/Aux/AI_AFS_DATASET/AFS_BEHAVIOUR_DATASET/normal/20260529_104056.wav,normal,normal
/media/feliciano/Aux/AI_AFS_DATASET/AFS_BEHAVIOUR_DATASET/normal/20260529_104058.wav,normal,normal
/media/feliciano/Aux/AI_AFS_DATASET/AFS_BEHAVIOUR_DATASET/normal/20260529_104100.wav,normal,normal
/media/feliciano/Aux/AI_AFS_DATASET/AFS_BEHAVIOUR_DATASET/normal/20260529_104102.wav,normal,normal
/media/feliciano/Aux/AI_AFS_DATASET/AFS_BEHAVIOUR_DATASET/normal/20260529_104104.wav,normal,normal
/media/feliciano/Aux/AI_AFS_DATASET/AFS_BEHAVIOUR_DATASET/normal/20260529_104106.wav,normal,normal
/media/feliciano/Aux/AI_AFS_DATASET/AFS_BEHAVIOUR_DATASET/normal/20260529_104108.wav,normal,normal
/media/feliciano/Aux/AI_AFS_DATASET/AFS_BEHAVIOUR_DATASET/normal/20260529_104110.wav,normal,normal
/media/feliciano/Aux/AI_AFS_DATASET/AFS_BEHAVIOUR_DATASET/normal/20260529_104112.wav,normal,normal
/media/feliciano/Aux/AI_AFS_DATASET/AFS_BEHAVIOUR_DATASET/normal/20260529_104114.wav,normal,normal
/media/feliciano/Aux/AI_AFS_DATASET/AFS_BEHAVIOUR_DATASET/normal/20260529_104116.wav,normal,clustering
/media/feliciano/Aux/AI_AFS_DATASET/AFS_BEHAVIOUR_DATASET/normal/20260529_104118.wav,normal,normal
/media/feliciano/Aux/AI_AFS_DATASET/AFS_BEHAVIOUR_DATASET/normal/20260529_104120.wav,normal,clustering
/media/feliciano/Aux/AI_AFS_DATASET/AFS_BEHAVIOUR_DATASET/normal/20260529_104122.wav,normal,normal
/media/feliciano/Aux/AI_AFS_DATASET/AFS_BEHAVIOUR_DATASET/normal/20260529_104124.wav,normal,normal
/media/feliciano/Aux/AI_AFS_DATASET/AFS_BEHAVIOUR_DATASET/normal/20260529_104126.wav,normal,normal
/media/feliciano/Aux/AI_AFS_DATASET/AFS_BEHAVIOUR_DATASET/normal/20260529_104128.wav,normal,normal
/media/feliciano/Aux/AI_AFS_DATASET/AFS_BEHAVIOUR_DATASET/normal/20260529_104130.wav,normal,normal
/media/feliciano/Aux/AI_AFS_DATASET/AFS_BEHAVIOUR_DATASET/normal/20260529_104132.wav,normal,normal
/media/feliciano/Aux/AI_AFS_DATASET/AFS_BEHAVIOUR_DATASET/normal/20260529_104134.wav,normal,normal
/media/feliciano/Aux/AI_AFS_DATASET/AFS_BEHAVIOUR_DATASET/normal/20260529_104136.wav,normal,normal
/media/feliciano/Aux/AI_AFS_DATASET/AFS_BEHAVIOUR_DATASET/normal/20260529_104138.wav,normal,normal
/media/feliciano/Aux/AI_AFS_DATASET/AFS_BEHAVIOUR_DATASET/normal/20260529_104140.wav,normal,normal
/media/feliciano/Aux/AI_AFS_DATASET/AFS_BEHAVIOUR_DATASET/normal/20260529_104142.wav,normal,normal
/media/feliciano/Aux/AI_AFS_DATASET/AFS_BEHAVIOUR_DATASET/normal/20260529_104144.wav,normal,clustering
/media/feliciano/Aux/AI_AFS_DATASET/AFS_BEHAVIOUR_DATASET/normal/20260529_104146.wav,normal,normal
/media/feliciano/Aux/AI_AFS_DATASET/AFS_BEHAVIOUR_DATASET/normal/20260529_104148.wav,normal,normal
/media/feliciano/Aux/AI_AFS_DATASET/AFS_BEHAVIOUR_DATASET/normal/20260529_104150.wav,normal,normal
/media/feliciano/Aux/AI_AFS_DATASET/AFS_BEHAVIOUR_DATASET/normal/20260529_104152.wav,normal,clustering
/media/feliciano/Aux/AI_AFS_DATASET/AFS_BEHAVIOUR_DATASET/normal/20260529_104154.wav,normal,normal
/media/feliciano/Aux/AI_AFS_DATASET/AFS_BEHAVIOUR_DATASET/normal/20260529_104156.wav,normal,normal
/media/feliciano/Aux/AI_AFS_DATASET/AFS_BEHAVIOUR_DATASET/normal/20260529_104158.wav,normal,clustering
/media/feliciano/Aux/AI_AFS_DATASET/AFS_BEHAVIOUR_DATASET/normal/20260529_104200.wav,normal,normal
/media/feliciano/Aux/AI_AFS_DATASET/AFS_BEHAVIOUR_DATASET/normal/20260529_104202.wav,normal,normal
/media/feliciano/Aux/AI_AFS_DATASET/AFS_BEHAVIOUR_DATASET/normal/20260529_104204.wav,normal,normal
/media/feliciano/Aux/AI_AFS_DATASET/AFS_BEHAVIOUR_DATASET/normal/20260529_104206.wav,normal,normal
/media/feliciano/Aux/AI_AFS_DATASET/AFS_BEHAVIOUR_DATASET/normal/20260529_104208.wav,normal,clustering
/media/feliciano/Aux/AI_AFS_DATASET/AFS_BEHAVIOUR_DATASET/normal/20260529_104210.wav,normal,normal
/media/feliciano/Aux/AI_AFS_DATASET/AFS_BEHAVIOUR_DATASET/normal/20260529_104212.wav,normal,normal
/media/feliciano/Aux/AI_AFS_DATASET/AFS_BEHAVIOUR_DATASET/normal/20260529_104214.wav,normal,normal
/media/feliciano/Aux/AI_AFS_DATASET/AFS_BEHAVIOUR_DATASET/normal/20260529_104216.wav,normal,normal
/media/feliciano/Aux/AI_AFS_DATASET/AFS_BEHAVIOUR_DATASET/normal/20260529_104218.wav,normal,normal
/media/feliciano/Aux/AI_AFS_DATASET/AFS_BEHAVIOUR_DATASET/normal/20260529_104220.wav,normal,normal
/media/feliciano/Aux/AI_AFS_DATASET/AFS_BEHAVIOUR_DATASET/normal/20260529_104222.wav,normal,normal
/media/feliciano/Aux/AI_AFS_DATASET/AFS_BEHAVIOUR_DATASET/normal/20260529_104224.wav,normal,clustering
/media/feliciano/Aux/AI_AFS_DATASET/AFS_BEHAVIOUR_DATASET/normal/20260529_104226.wav,normal,normal
/media/feliciano/Aux/AI_AFS_DATASET/AFS_BEHAVIOUR_DATASET/normal/20260529_104228.wav,normal,normal
/media/feliciano/Aux/AI_AFS_DATASET/AFS_BEHAVIOUR_DATASET/normal/20260529_104230.wav,normal,normal
/media/feliciano/Aux/AI_AFS_DATASET/AFS_BEHAVIOUR_DATASET/normal/20260529_104232.wav,normal,normal
/media/feliciano/Aux/AI_AFS_DATASET/AFS_BEHAVIOUR_DATASET/normal/20260529_104234.wav,normal,clustering
/media/feliciano/Aux/AI_AFS_DATASET/AFS_BEHAVIOUR_DATASET/normal/20260529_104236.wav,normal,clustering
/media/feliciano/Aux/AI_AFS_DATASET/AFS_BEHAVIOUR_DATASET/normal/20260529_104238.wav,normal,clustering
/media/feliciano/Aux/AI_AFS_DATASET/AFS_BEHAVIOUR_DATASET/normal/20260529_104240.wav,normal,normal
/media/feliciano/Aux/AI_AFS_DATASET/AFS_BEHAVIOUR_DATASET/normal/20260529_104242.wav,normal,normal
/media/feliciano/Aux/AI_AFS_DATASET/AFS_BEHAVIOUR_DATASET/normal/20260529_104244.wav,normal,normal
/media/feliciano/Aux/AI_AFS_DATASET/AFS_BEHAVIOUR_DATASET/normal/20260529_104246.wav,normal,normal
/media/feliciano/Aux/AI_AFS_DATASET/AFS_BEHAVIOUR_DATASET/normal/20260529_104248.wav,normal,normal
/media/feliciano/Aux/AI_AFS_DATASET/AFS_BEHAVIOUR_DATASET/normal/20260529_104250.wav,normal,clustering
/media/feliciano/Aux/AI_AFS_DATASET/AFS_BEHAVIOUR_DATASET/normal/20260529_104252.wav,normal,clustering
/media/feliciano/Aux/AI_AFS_DATASET/AFS_BEHAVIOUR_DATASET/normal/20260529_104254.wav,normal,clustering
/media/feliciano/Aux/AI_AFS_DATASET/AFS_BEHAVIOUR_DATASET/normal/20260529_104256.wav,normal,normal
/media/feliciano/Aux/AI_AFS_DATASET/AFS_BEHAVIOUR_DATASET/normal/20260529_104258.wav,normal,clustering
/media/feliciano/Aux/AI_AFS_DATASET/AFS_BEHAVIOUR_DATASET/normal/20260529_120500.wav,normal,agitation
/media/feliciano/Aux/AI_AFS_DATASET/AFS_BEHAVIOUR_DATASET/normal/20260529_120502.wav,normal,normal
/media/feliciano/Aux/AI_AFS_DATASET/AFS_BEHAVIOUR_DATASET/normal/20260529_120504.wav,normal,agitation
/media/feliciano/Aux/AI_AFS_DATASET/AFS_BEHAVIOUR_DATASET/normal/20260529_120506.wav,normal,agitation
/media/feliciano/Aux/AI_AFS_DATASET/AFS_BEHAVIOUR_DATASET/normal/20260529_120508.wav,normal,agitation
/media/feliciano/Aux/AI_AFS_DATASET/AFS_BEHAVIOUR_DATASET/normal/20260529_120510.wav,normal,agitation
/media/feliciano/Aux/AI_AFS_DATASET/AFS_BEHAVIOUR_DATASET/normal/20260529_120512.wav,normal,agitation
/media/feliciano/Aux/AI_AFS_DATASET/AFS_BEHAVIOUR_DATASET/normal/20260529_120514.wav,normal,agitation
/media/feliciano/Aux/AI_AFS_DATASET/AFS_BEHAVIOUR_DATASET/normal/20260529_120516.wav,normal,agitation
/media/feliciano/Aux/AI_AFS_DATASET/AFS_BEHAVIOUR_DATASET/normal/20260529_120518.wav,normal,agitation
/media/feliciano/Aux/AI_AFS_DATASET/AFS_BEHAVIOUR_DATASET/normal/20260529_120520.wav,normal,agitation
/media/feliciano/Aux/AI_AFS_DATASET/AFS_BEHAVIOUR_DATASET/normal/20260529_120522.wav,normal,agitation
/media/feliciano/Aux/AI_AFS_DATASET/AFS_BEHAVIOUR_DATASET/normal/20260529_120524.wav,normal,agitation
/media/feliciano/Aux/AI_AFS_DATASET/AFS_BEHAVIOUR_DATASET/normal/20260529_120526.wav,normal,agitation
/media/feliciano/Aux/AI_AFS_DATASET/AFS_BEHAVIOUR_DATASET/normal/20260529_120528.wav,normal,agitation
/media/feliciano/Aux/AI_AFS_DATASET/AFS_BEHAVIOUR_DATASET/normal/20260529_120530.wav,normal,agitation
/media/feliciano/Aux/AI_AFS_DATASET/AFS_BEHAVIOUR_DATASET/normal/20260529_120532.wav,normal,agitation
/media/feliciano/Aux/AI_AFS_DATASET/AFS_BEHAVIOUR_DATASET/normal/20260529_120534.wav,normal,agitation
/media/feliciano/Aux/AI_AFS_DATASET/AFS_BEHAVIOUR_DATASET/normal/20260529_120536.wav,normal,agitation
/media/feliciano/Aux/AI_AFS_DATASET/AFS_BEHAVIOUR_DATASET/normal/20260529_120538.wav,normal,agitation
/media/feliciano/Aux/AI_AFS_DATASET/AFS_BEHAVIOUR_DATASET/normal/20260529_120540.wav,normal,agitation
/media/feliciano/Aux/AI_AFS_DATASET/AFS_BEHAVIOUR_DATASET/normal/20260529_120542.wav,normal,agitation
/media/feliciano/Aux/AI_AFS_DATASET/AFS_BEHAVIOUR_DATASET/normal/20260529_120544.wav,normal,agitation
/media/feliciano/Aux/AI_AFS_DATASET/AFS_BEHAVIOUR_DATASET/normal/20260529_120546.wav,normal,agitation
/media/feliciano/Aux/AI_AFS_DATASET/AFS_BEHAVIOUR_DATASET/normal/20260529_120548.wav,normal,agitation
/media/feliciano/Aux/AI_AFS_DATASET/AFS_BEHAVIOUR_DATASET/normal/20260529_120550.wav,normal,agitation
/media/feliciano/Aux/AI_AFS_DATASET/AFS_BEHAVIOUR_DATASET/normal/20260529_120552.wav,normal,agitation
/media/feliciano/Aux/AI_AFS_DATASET/AFS_BEHAVIOUR_DATASET/normal/20260529_120554.wav,normal,agitation
/media/feliciano/Aux/AI_AFS_DATASET/AFS_BEHAVIOUR_DATASET/normal/20260529_120556.wav,normal,agitation
/media/feliciano/Aux/AI_AFS_DATASET/AFS_BEHAVIOUR_DATASET/normal/20260529_120558.wav,normal,agitation
/media/feliciano/Aux/AI_AFS_DATASET/AFS_BEHAVIOUR_DATASET/normal/20260529_120600.wav,normal,agitation
/media/feliciano/Aux/AI_AFS_DATASET/AFS_BEHAVIOUR_DATASET/normal/20260529_120602.wav,normal,agitation
/media/feliciano/Aux/AI_AFS_DATASET/AFS_BEHAVIOUR_DATASET/normal/20260529_120604.wav,normal,agitation
/media/feliciano/Aux/AI_AFS_DATASET/AFS_BEHAVIOUR_DATASET/normal/20260529_120606.wav,normal,agitation
/media/feliciano/Aux/AI_AFS_DATASET/AFS_BEHAVIOUR_DATASET/normal/20260529_120608.wav,normal,agitation
/media/feliciano/Aux/AI_AFS_DATASET/AFS_BEHAVIOUR_DATASET/normal/20260529_120610.wav,normal,agitation
/media/feliciano/Aux/AI_AFS_DATASET/AFS_BEHAVIOUR_DATASET/normal/20260529_120612.wav,normal,agitation
/media/feliciano/Aux/AI_AFS_DATASET/AFS_BEHAVIOUR_DATASET/normal/20260529_120614.wav,normal,agitation
/media/feliciano/Aux/AI_AFS_DATASET/AFS_BEHAVIOUR_DATASET/normal/20260529_120616.wav,normal,normal
/media/feliciano/Aux/AI_AFS_DATASET/AFS_BEHAVIOUR_DATASET/normal/20260529_120618.wav,normal,agitation
/media/feliciano/Aux/AI_AFS_DATASET/AFS_BEHAVIOUR_DATASET/normal/20260529_120620.wav,normal,clustering
/media/feliciano/Aux/AI_AFS_DATASET/AFS_BEHAVIOUR_DATASET/normal/20260529_120622.wav,normal,agitation
/media/feliciano/Aux/AI_AFS_DATASET/AFS_BEHAVIOUR_DATASET/normal/20260529_120624.wav,normal,normal
/media/feliciano/Aux/AI_AFS_DATASET/AFS_BEHAVIOUR_DATASET/normal/20260529_120626.wav,normal,agitation
/media/feliciano/Aux/AI_AFS_DATASET/AFS_BEHAVIOUR_DATASET/normal/20260529_120628.wav,normal,agitation
/media/feliciano/Aux/AI_AFS_DATASET/AFS_BEHAVIOUR_DATASET/normal/20260529_120630.wav,normal,agitation
/media/feliciano/Aux/AI_AFS_DATASET/AFS_BEHAVIOUR_DATASET/normal/20260529_120632.wav,normal,agitation
/media/feliciano/Aux/AI_AFS_DATASET/AFS_BEHAVIOUR_DATASET/normal/20260529_120634.wav,normal,normal
/media/feliciano/Aux/AI_AFS_DATASET/AFS_BEHAVIOUR_DATASET/normal/20260529_120636.wav,normal,agitation
/media/feliciano/Aux/AI_AFS_DATASET/AFS_BEHAVIOUR_DATASET/normal/20260529_120638.wav,normal,agitation
/media/feliciano/Aux/AI_AFS_DATASET/AFS_BEHAVIOUR_DATASET/normal/20260529_120640.wav,normal,agitation
/media/feliciano/Aux/AI_AFS_DATASET/AFS_BEHAVIOUR_DATASET/normal/20260529_120642.wav,normal,agitation
/media/feliciano/Aux/AI_AFS_DATASET/AFS_BEHAVIOUR_DATASET/normal/20260529_120644.wav,normal,normal
/media/feliciano/Aux/AI_AFS_DATASET/AFS_BEHAVIOUR_DATASET/normal/20260529_120646.wav,normal,agitation
/media/feliciano/Aux/AI_AFS_DATASET/AFS_BEHAVIOUR_DATASET/normal/20260529_120648.wav,normal,agitation
/media/feliciano/Aux/AI_AFS_DATASET/AFS_BEHAVIOUR_DATASET/normal/20260529_120650.wav,normal,agitation
/media/feliciano/Aux/AI_AFS_DATASET/AFS_BEHAVIOUR_DATASET/normal/20260529_120652.wav,normal,agitation
/media/feliciano/Aux/AI_AFS_DATASET/AFS_BEHAVIOUR_DATASET/normal/20260529_120654.wav,normal,agitation
/media/feliciano/Aux/AI_AFS_DATASET/AFS_BEHAVIOUR_DATASET/normal/20260529_120656.wav,normal,agitation
/media/feliciano/Aux/AI_AFS_DATASET/AFS_BEHAVIOUR_DATASET/normal/20260529_120658.wav,normal,agitation
/media/feliciano/Aux/AI_AFS_DATASET/AFS_BEHAVIOUR_DATASET/normal/20260529_120700.wav,normal,agitation
/media/feliciano/Aux/AI_AFS_DATASET/AFS_BEHAVIOUR_DATASET/normal/20260529_120702.wav,normal,agitation
/media/feliciano/Aux/AI_AFS_DATASET/AFS_BEHAVIOUR_DATASET/normal/20260529_120704.wav,normal,agitation
/media/feliciano/Aux/AI_AFS_DATASET/AFS_BEHAVIOUR_DATASET/normal/20260529_120706.wav,normal,agitation
/media/feliciano/Aux/AI_AFS_DATASET/AFS_BEHAVIOUR_DATASET/normal/20260529_120708.wav,normal,agitation
/media/feliciano/Aux/AI_AFS_DATASET/AFS_BEHAVIOUR_DATASET/normal/20260529_120710.wav,normal,agitation
/media/feliciano/Aux/AI_AFS_DATASET/AFS_BEHAVIOUR_DATASET/normal/20260529_120712.wav,normal,agitation
/media/feliciano/Aux/AI_AFS_DATASET/AFS_BEHAVIOUR_DATASET/normal/20260529_120714.wav,normal,agitation
/media/feliciano/Aux/AI_AFS_DATASET/AFS_BEHAVIOUR_DATASET/normal/20260529_120716.wav,normal,agitation
/media/feliciano/Aux/AI_AFS_DATASET/AFS_BEHAVIOUR_DATASET/normal/20260529_120718.wav,normal,agitation
/media/feliciano/Aux/AI_AFS_DATASET/AFS_BEHAVIOUR_DATASET/normal/20260529_120720.wav,normal,agitation
/media/feliciano/Aux/AI_AFS_DATASET/AFS_BEHAVIOUR_DATASET/normal/20260529_120722.wav,normal,agitation
/media/feliciano/Aux/AI_AFS_DATASET/AFS_BEHAVIOUR_DATASET/normal/20260529_120724.wav,normal,agitation
/media/feliciano/Aux/AI_AFS_DATASET/AFS_BEHAVIOUR_DATASET/normal/20260529_120726.wav,normal,agitation
/media/feliciano/Aux/AI_AFS_DATASET/AFS_BEHAVIOUR_DATASET/normal/20260529_120728.wav,normal,agitation
/media/feliciano/Aux/AI_AFS_DATASET/AFS_BEHAVIOUR_DATASET/normal/20260529_120730.wav,normal,agitation
/media/feliciano/Aux/AI_AFS_DATASET/AFS_BEHAVIOUR_DATASET/normal/20260529_120732.wav,normal,agitation
/media/feliciano/Aux/AI_AFS_DATASET/AFS_BEHAVIOUR_DATASET/normal/20260529_120734.wav,normal,agitation
/media/feliciano/Aux/AI_AFS_DATASET/AFS_BEHAVIOUR_DATASET/normal/20260529_120736.wav,normal,agitation
/media/feliciano/Aux/AI_AFS_DATASET/AFS_BEHAVIOUR_DATASET/normal/20260529_120738.wav,normal,agitation
/media/feliciano/Aux/AI_AFS_DATASET/AFS_BEHAVIOUR_DATASET/normal/20260529_120740.wav,normal,agitation
/media/feliciano/Aux/AI_AFS_DATASET/AFS_BEHAVIOUR_DATASET/normal/20260529_120742.wav,normal,agitation
/media/feliciano/Aux/AI_AFS_DATASET/AFS_BEHAVIOUR_DATASET/normal/20260529_120744.wav,normal,agitation
/media/feliciano/Aux/AI_AFS_DATASET/AFS_BEHAVIOUR_DATASET/normal/20260529_120746.wav,normal,agitation
/media/feliciano/Aux/AI_AFS_DATASET/AFS_BEHAVIOUR_DATASET/normal/20260529_120748.wav,normal,agitation
/media/feliciano/Aux/AI_AFS_DATASET/AFS_BEHAVIOUR_DATASET/normal/20260529_120750.wav,normal,agitation
/media/feliciano/Aux/AI_AFS_DATASET/AFS_BEHAVIOUR_DATASET/normal/20260529_120752.wav,normal,agitation
/media/feliciano/Aux/AI_AFS_DATASET/AFS_BEHAVIOUR_DATASET/normal/20260529_120754.wav,normal,agitation
/media/feliciano/Aux/AI_AFS_DATASET/AFS_BEHAVIOUR_DATASET/normal/20260529_120756.wav,normal,agitation
/media/feliciano/Aux/AI_AFS_DATASET/AFS_BEHAVIOUR_DATASET/normal/20260529_120758.wav,normal,agitation
/media/feliciano/Aux/AI_AFS_DATASET/AFS_BEHAVIOUR_DATASET/normal/20260529_120800.wav,normal,agitation
/media/feliciano/Aux/AI_AFS_DATASET/AFS_BEHAVIOUR_DATASET/normal/20260529_120802.wav,normal,agitation
/media/feliciano/Aux/AI_AFS_DATASET/AFS_BEHAVIOUR_DATASET/normal/20260529_120804.wav,normal,agitation
/media/feliciano/Aux/AI_AFS_DATASET/AFS_BEHAVIOUR_DATASET/normal/20260529_120806.wav,normal,agitation
/media/feliciano/Aux/AI_AFS_DATASET/AFS_BEHAVIOUR_DATASET/normal/20260529_120808.wav,normal,agitation
/media/feliciano/Aux/AI_AFS_DATASET/AFS_BEHAVIOUR_DATASET/normal/20260529_120810.wav,normal,agitation
/media/feliciano/Aux/AI_AFS_DATASET/AFS_BEHAVIOUR_DATASET/normal/20260529_120812.wav,normal,agitation
/media/feliciano/Aux/AI_AFS_DATASET/AFS_BEHAVIOUR_DATASET/normal/20260529_120814.wav,normal,agitation
/media/feliciano/Aux/AI_AFS_DATASET/AFS_BEHAVIOUR_DATASET/normal/20260529_120816.wav,normal,agitation
/media/feliciano/Aux/AI_AFS_DATASET/AFS_BEHAVIOUR_DATASET/normal/20260529_120818.wav,normal,agitation
/media/feliciano/Aux/AI_AFS_DATASET/AFS_BEHAVIOUR_DATASET/normal/20260529_120820.wav,normal,agitation
/media/feliciano/Aux/AI_AFS_DATASET/AFS_BEHAVIOUR_DATASET/normal/20260529_120822.wav,normal,agitation
/media/feliciano/Aux/AI_AFS_DATASET/AFS_BEHAVIOUR_DATASET/normal/20260529_120824.wav,normal,agitation
/media/feliciano/Aux/AI_AFS_DATASET/AFS_BEHAVIOUR_DATASET/normal/20260529_120826.wav,normal,agitation
/media/feliciano/Aux/AI_AFS_DATASET/AFS_BEHAVIOUR_DATASET/normal/20260529_120828.wav,normal,agitation
/media/feliciano/Aux/AI_AFS_DATASET/AFS_BEHAVIOUR_DATASET/normal/20260529_120830.wav,normal,agitation
/media/feliciano/Aux/AI_AFS_DATASET/AFS_BEHAVIOUR_DATASET/normal/20260529_120832.wav,normal,agitation
/media/feliciano/Aux/AI_AFS_DATASET/AFS_BEHAVIOUR_DATASET/normal/20260529_120834.wav,normal,agitation
/media/feliciano/Aux/AI_AFS_DATASET/AFS_BEHAVIOUR_DATASET/normal/20260529_120836.wav,normal,agitation
/media/feliciano/Aux/AI_AFS_DATASET/AFS_BEHAVIOUR_DATASET/normal/20260529_120838.wav,normal,agitation
/media/feliciano/Aux/AI_AFS_DATASET/AFS_BEHAVIOUR_DATASET/normal/20260529_120840.wav,normal,agitation
/media/feliciano/Aux/AI_AFS_DATASET/AFS_BEHAVIOUR_DATASET/normal/20260529_120842.wav,normal,agitation
/media/feliciano/Aux/AI_AFS_DATASET/AFS_BEHAVIOUR_DATASET/normal/20260529_120844.wav,normal,agitation
/media/feliciano/Aux/AI_AFS_DATASET/AFS_BEHAVIOUR_DATASET/normal/20260529_120846.wav,normal,agitation
/media/feliciano/Aux/AI_AFS_DATASET/AFS_BEHAVIOUR_DATASET/normal/20260529_120848.wav,normal,agitation
/media/feliciano/Aux/AI_AFS_DATASET/AFS_BEHAVIOUR_DATASET/normal/20260529_120850.wav,normal,agitation
/media/feliciano/Aux/AI_AFS_DATASET/AFS_BEHAVIOUR_DATASET/normal/20260529_120852.wav,normal,agitation
/media/feliciano/Aux/AI_AFS_DATASET/AFS_BEHAVIOUR_DATASET/normal/20260529_120854.wav,normal,agitation
/media/feliciano/Aux/AI_AFS_DATASET/AFS_BEHAVIOUR_DATASET/normal/20260529_120856.wav,normal,agitation
/media/feliciano/Aux/AI_AFS_DATASET/AFS_BEHAVIOUR_DATASET/normal/20260529_120858.wav,normal,agitation
/media/feliciano/Aux/AI_AFS_DATASET/AFS_BEHAVIOUR_DATASET/normal/20260529_120900.wav,normal,agitation
/media/feliciano/Aux/AI_AFS_DATASET/AFS_BEHAVIOUR_DATASET/normal/20260529_120902.wav,normal,agitation
/media/feliciano/Aux/AI_AFS_DATASET/AFS_BEHAVIOUR_DATASET/normal/20260529_120904.wav,normal,agitation
/media/feliciano/Aux/AI_AFS_DATASET/AFS_BEHAVIOUR_DATASET/normal/20260529_120906.wav,normal,agitation
/media/feliciano/Aux/AI_AFS_DATASET/AFS_BEHAVIOUR_DATASET/normal/20260529_120908.wav,normal,agitation
/media/feliciano/Aux/AI_AFS_DATASET/AFS_BEHAVIOUR_DATASET/normal/20260529_120910.wav,normal,agitation
/media/feliciano/Aux/AI_AFS_DATASET/AFS_BEHAVIOUR_DATASET/normal/20260529_120912.wav,normal,agitation
/media/feliciano/Aux/AI_AFS_DATASET/AFS_BEHAVIOUR_DATASET/normal/20260529_120914.wav,normal,normal
/media/feliciano/Aux/AI_AFS_DATASET/AFS_BEHAVIOUR_DATASET/normal/20260529_120916.wav,normal,agitation
/media/feliciano/Aux/AI_AFS_DATASET/AFS_BEHAVIOUR_DATASET/normal/20260529_120918.wav,normal,agitation
/media/feliciano/Aux/AI_AFS_DATASET/AFS_BEHAVIOUR_DATASET/normal/20260529_120920.wav,normal,agitation
/media/feliciano/Aux/AI_AFS_DATASET/AFS_BEHAVIOUR_DATASET/normal/20260529_120922.wav,normal,agitation
/media/feliciano/Aux/AI_AFS_DATASET/AFS_BEHAVIOUR_DATASET/normal/20260529_120924.wav,normal,agitation
/media/feliciano/Aux/AI_AFS_DATASET/AFS_BEHAVIOUR_DATASET/normal/20260529_120926.wav,normal,agitation
/media/feliciano/Aux/AI_AFS_DATASET/AFS_BEHAVIOUR_DATASET/normal/20260529_120928.wav,normal,agitation
/media/feliciano/Aux/AI_AFS_DATASET/AFS_BEHAVIOUR_DATASET/normal/20260529_120930.wav,normal,agitation
/media/feliciano/Aux/AI_AFS_DATASET/AFS_BEHAVIOUR_DATASET/normal/20260529_120932.wav,normal,agitation
/media/feliciano/Aux/AI_AFS_DATASET/AFS_BEHAVIOUR_DATASET/normal/20260529_120934.wav,normal,agitation
/media/feliciano/Aux/AI_AFS_DATASET/AFS_BEHAVIOUR_DATASET/normal/20260529_120936.wav,normal,agitation
/media/feliciano/Aux/AI_AFS_DATASET/AFS_BEHAVIOUR_DATASET/normal/20260529_120938.wav,normal,agitation
/media/feliciano/Aux/AI_AFS_DATASET/AFS_BEHAVIOUR_DATASET/normal/20260529_120940.wav,normal,agitation
/media/feliciano/Aux/AI_AFS_DATASET/AFS_BEHAVIOUR_DATASET/normal/20260529_120942.wav,normal,normal
/media/feliciano/Aux/AI_AFS_DATASET/AFS_BEHAVIOUR_DATASET/normal/20260529_120944.wav,normal,agitation
/media/feliciano/Aux/AI_AFS_DATASET/AFS_BEHAVIOUR_DATASET/normal/20260529_120946.wav,normal,agitation
/media/feliciano/Aux/AI_AFS_DATASET/AFS_BEHAVIOUR_DATASET/normal/20260529_120948.wav,normal,normal
/media/feliciano/Aux/AI_AFS_DATASET/AFS_BEHAVIOUR_DATASET/normal/20260529_120950.wav,normal,agitation
/media/feliciano/Aux/AI_AFS_DATASET/AFS_BEHAVIOUR_DATASET/normal/20260529_120952.wav,normal,agitation
/media/feliciano/Aux/AI_AFS_DATASET/AFS_BEHAVIOUR_DATASET/normal/20260529_120954.wav,normal,agitation
/media/feliciano/Aux/AI_AFS_DATASET/AFS_BEHAVIOUR_DATASET/normal/20260529_120956.wav,normal,agitation
/media/feliciano/Aux/AI_AFS_DATASET/AFS_BEHAVIOUR_DATASET/normal/20260529_120958.wav,normal,normal
/media/feliciano/Aux/AI_AFS_DATASET/AFS_BEHAVIOUR_DATASET/normal/20260529_121000.wav,normal,agitation
/media/feliciano/Aux/AI_AFS_DATASET/AFS_BEHAVIOUR_DATASET/normal/20260529_121002.wav,normal,agitation
/media/feliciano/Aux/AI_AFS_DATASET/AFS_BEHAVIOUR_DATASET/normal/20260529_121004.wav,normal,agitation
/media/feliciano/Aux/AI_AFS_DATASET/AFS_BEHAVIOUR_DATASET/normal/20260529_121006.wav,normal,agitation
/media/feliciano/Aux/AI_AFS_DATASET/AFS_BEHAVIOUR_DATASET/normal/20260529_121008.wav,normal,agitation
/media/feliciano/Aux/AI_AFS_DATASET/AFS_BEHAVIOUR_DATASET/normal/20260529_121010.wav,normal,agitation
/media/feliciano/Aux/AI_AFS_DATASET/AFS_BEHAVIOUR_DATASET/normal/20260529_121012.wav,normal,agitation
/media/feliciano/Aux/AI_AFS_DATASET/AFS_BEHAVIOUR_DATASET/normal/20260529_121014.wav,normal,normal
/media/feliciano/Aux/AI_AFS_DATASET/AFS_BEHAVIOUR_DATASET/normal/20260529_121016.wav,normal,agitation
/media/feliciano/Aux/AI_AFS_DATASET/AFS_BEHAVIOUR_DATASET/normal/20260529_121018.wav,normal,agitation
/media/feliciano/Aux/AI_AFS_DATASET/AFS_BEHAVIOUR_DATASET/normal/20260529_121020.wav,normal,agitation
/media/feliciano/Aux/AI_AFS_DATASET/AFS_BEHAVIOUR_DATASET/normal/20260529_121022.wav,normal,agitation
/media/feliciano/Aux/AI_AFS_DATASET/AFS_BEHAVIOUR_DATASET/normal/20260529_121024.wav,normal,agitation
/media/feliciano/Aux/AI_AFS_DATASET/AFS_BEHAVIOUR_DATASET/normal/20260529_121026.wav,normal,agitation
/media/feliciano/Aux/AI_AFS_DATASET/AFS_BEHAVIOUR_DATASET/normal/20260529_121028.wav,normal,agitation
/media/feliciano/Aux/AI_AFS_DATASET/AFS_BEHAVIOUR_DATASET/normal/20260529_121030.wav,normal,agitation
/media/feliciano/Aux/AI_AFS_DATASET/AFS_BEHAVIOUR_DATASET/normal/20260529_121032.wav,normal,agitation
/media/feliciano/Aux/AI_AFS_DATASET/AFS_BEHAVIOUR_DATASET/normal/20260529_121034.wav,normal,agitation
/media/feliciano/Aux/AI_AFS_DATASET/AFS_BEHAVIOUR_DATASET/normal/20260529_121036.wav,normal,agitation
/media/feliciano/Aux/AI_AFS_DATASET/AFS_BEHAVIOUR_DATASET/normal/20260529_121038.wav,normal,normal
/media/feliciano/Aux/AI_AFS_DATASET/AFS_BEHAVIOUR_DATASET/normal/20260529_121040.wav,normal,agitation
/media/feliciano/Aux/AI_AFS_DATASET/AFS_BEHAVIOUR_DATASET/normal/20260529_121042.wav,normal,agitation
/media/feliciano/Aux/AI_AFS_DATASET/AFS_BEHAVIOUR_DATASET/normal/20260529_121044.wav,normal,agitation
/media/feliciano/Aux/AI_AFS_DATASET/AFS_BEHAVIOUR_DATASET/normal/20260529_121046.wav,normal,agitation
/media/feliciano/Aux/AI_AFS_DATASET/AFS_BEHAVIOUR_DATASET/normal/20260529_121048.wav,normal,agitation
/media/feliciano/Aux/AI_AFS_DATASET/AFS_BEHAVIOUR_DATASET/normal/20260529_121050.wav,normal,agitation
/media/feliciano/Aux/AI_AFS_DATASET/AFS_BEHAVIOUR_DATASET/normal/20260529_121052.wav,normal,agitation
/media/feliciano/Aux/AI_AFS_DATASET/AFS_BEHAVIOUR_DATASET/normal/20260529_121054.wav,normal,agitation
/media/feliciano/Aux/AI_AFS_DATASET/AFS_BEHAVIOUR_DATASET/normal/20260529_121056.wav,normal,agitation
/media/feliciano/Aux/AI_AFS_DATASET/AFS_BEHAVIOUR_DATASET/normal/20260529_121058.wav,normal,agitation
/media/feliciano/Aux/AI_AFS_DATASET/AFS_BEHAVIOUR_DATASET/normal/20260529_132000.wav,normal,normal
/media/feliciano/Aux/AI_AFS_DATASET/AFS_BEHAVIOUR_DATASET/normal/20260529_132002.wav,normal,normal
/media/feliciano/Aux/AI_AFS_DATASET/AFS_BEHAVIOUR_DATASET/normal/20260529_132004.wav,normal,normal
/media/feliciano/Aux/AI_AFS_DATASET/AFS_BEHAVIOUR_DATASET/normal/20260529_132006.wav,normal,normal
/media/feliciano/Aux/AI_AFS_DATASET/AFS_BEHAVIOUR_DATASET/normal/20260529_132008.wav,normal,normal
/media/feliciano/Aux/AI_AFS_DATASET/AFS_BEHAVIOUR_DATASET/normal/20260529_132010.wav,normal,normal
/media/feliciano/Aux/AI_AFS_DATASET/AFS_BEHAVIOUR_DATASET/normal/20260529_132012.wav,normal,normal
/media/feliciano/Aux/AI_AFS_DATASET/AFS_BEHAVIOUR_DATASET/normal/20260529_132014.wav,normal,normal
/media/feliciano/Aux/AI_AFS_DATASET/AFS_BEHAVIOUR_DATASET/normal/20260529_132016.wav,normal,normal
/media/feliciano/Aux/AI_AFS_DATASET/AFS_BEHAVIOUR_DATASET/normal/20260529_132018.wav,normal,normal
/media/feliciano/Aux/AI_AFS_DATASET/AFS_BEHAVIOUR_DATASET/normal/20260529_132020.wav,normal,normal
/media/feliciano/Aux/AI_AFS_DATASET/AFS_BEHAVIOUR_DATASET/normal/20260529_132022.wav,normal,normal
/media/feliciano/Aux/AI_AFS_DATASET/AFS_BEHAVIOUR_DATASET/normal/20260529_132024.wav,normal,normal
/media/feliciano/Aux/AI_AFS_DATASET/AFS_BEHAVIOUR_DATASET/normal/20260529_132026.wav,normal,normal
/media/feliciano/Aux/AI_AFS_DATASET/AFS_BEHAVIOUR_DATASET/normal/20260529_132028.wav,normal,normal
/media/feliciano/Aux/AI_AFS_DATASET/AFS_BEHAVIOUR_DATASET/normal/20260529_132030.wav,normal,normal
/media/feliciano/Aux/AI_AFS_DATASET/AFS_BEHAVIOUR_DATASET/normal/20260529_132032.wav,normal,normal
/media/feliciano/Aux/AI_AFS_DATASET/AFS_BEHAVIOUR_DATASET/normal/20260529_132034.wav,normal,normal
/media/feliciano/Aux/AI_AFS_DATASET/AFS_BEHAVIOUR_DATASET/normal/20260529_132036.wav,normal,normal
/media/feliciano/Aux/AI_AFS_DATASET/AFS_BEHAVIOUR_DATASET/normal/20260529_132038.wav,normal,normal
/media/feliciano/Aux/AI_AFS_DATASET/AFS_BEHAVIOUR_DATASET/normal/20260529_132040.wav,normal,normal
/media/feliciano/Aux/AI_AFS_DATASET/AFS_BEHAVIOUR_DATASET/normal/20260529_132042.wav,normal,normal
/media/feliciano/Aux/AI_AFS_DATASET/AFS_BEHAVIOUR_DATASET/normal/20260529_132044.wav,normal,normal
/media/feliciano/Aux/AI_AFS_DATASET/AFS_BEHAVIOUR_DATASET/normal/20260529_132046.wav,normal,normal
/media/feliciano/Aux/AI_AFS_DATASET/AFS_BEHAVIOUR_DATASET/normal/20260529_132048.wav,normal,normal
/media/feliciano/Aux/AI_AFS_DATASET/AFS_BEHAVIOUR_DATASET/normal/20260529_132050.wav,normal,normal
/media/feliciano/Aux/AI_AFS_DATASET/AFS_BEHAVIOUR_DATASET/normal/20260529_132052.wav,normal,normal
/media/feliciano/Aux/AI_AFS_DATASET/AFS_BEHAVIOUR_DATASET/normal/20260529_132054.wav,normal,normal
/media/feliciano/Aux/AI_AFS_DATASET/AFS_BEHAVIOUR_DATASET/normal/20260529_132056.wav,normal,normal
/media/feliciano/Aux/AI_AFS_DATASET/AFS_BEHAVIOUR_DATASET/normal/20260529_132058.wav,normal,normal
/media/feliciano/Aux/AI_AFS_DATASET/AFS_BEHAVIOUR_DATASET/normal/20260529_132100.wav,normal,normal
/media/feliciano/Aux/AI_AFS_DATASET/AFS_BEHAVIOUR_DATASET/normal/20260529_132102.wav,normal,normal
/media/feliciano/Aux/AI_AFS_DATASET/AFS_BEHAVIOUR_DATASET/normal/20260529_132104.wav,normal,normal
/media/feliciano/Aux/AI_AFS_DATASET/AFS_BEHAVIOUR_DATASET/normal/20260529_132106.wav,normal,normal
/media/feliciano/Aux/AI_AFS_DATASET/AFS_BEHAVIOUR_DATASET/normal/20260529_132108.wav,normal,normal
/media/feliciano/Aux/AI_AFS_DATASET/AFS_BEHAVIOUR_DATASET/normal/20260529_132110.wav,normal,normal
/media/feliciano/Aux/AI_AFS_DATASET/AFS_BEHAVIOUR_DATASET/normal/20260529_132112.wav,normal,normal
/media/feliciano/Aux/AI_AFS_DATASET/AFS_BEHAVIOUR_DATASET/normal/20260529_132114.wav,normal,normal
/media/feliciano/Aux/AI_AFS_DATASET/AFS_BEHAVIOUR_DATASET/normal/20260529_132116.wav,normal,normal
/media/feliciano/Aux/AI_AFS_DATASET/AFS_BEHAVIOUR_DATASET/normal/20260529_132118.wav,normal,normal
/media/feliciano/Aux/AI_AFS_DATASET/AFS_BEHAVIOUR_DATASET/normal/20260529_132120.wav,normal,normal
/media/feliciano/Aux/AI_AFS_DATASET/AFS_BEHAVIOUR_DATASET/normal/20260529_132122.wav,normal,normal
/media/feliciano/Aux/AI_AFS_DATASET/AFS_BEHAVIOUR_DATASET/normal/20260529_132124.wav,normal,normal
/media/feliciano/Aux/AI_AFS_DATASET/AFS_BEHAVIOUR_DATASET/normal/20260529_132126.wav,normal,normal
/media/feliciano/Aux/AI_AFS_DATASET/AFS_BEHAVIOUR_DATASET/normal/20260529_132128.wav,normal,normal
/media/feliciano/Aux/AI_AFS_DATASET/AFS_BEHAVIOUR_DATASET/normal/20260529_132130.wav,normal,normal
/media/feliciano/Aux/AI_AFS_DATASET/AFS_BEHAVIOUR_DATASET/normal/20260529_132132.wav,normal,normal
/media/feliciano/Aux/AI_AFS_DATASET/AFS_BEHAVIOUR_DATASET/normal/20260529_132134.wav,normal,normal
/media/feliciano/Aux/AI_AFS_DATASET/AFS_BEHAVIOUR_DATASET/normal/20260529_132136.wav,normal,normal
/media/feliciano/Aux/AI_AFS_DATASET/AFS_BEHAVIOUR_DATASET/normal/20260529_132138.wav,normal,normal
/media/feliciano/Aux/AI_AFS_DATASET/AFS_BEHAVIOUR_DATASET/normal/20260529_132140.wav,normal,normal
/media/feliciano/Aux/AI_AFS_DATASET/AFS_BEHAVIOUR_DATASET/normal/20260529_132142.wav,normal,normal
/media/feliciano/Aux/AI_AFS_DATASET/AFS_BEHAVIOUR_DATASET/normal/20260529_132144.wav,normal,normal
/media/feliciano/Aux/AI_AFS_DATASET/AFS_BEHAVIOUR_DATASET/normal/20260529_132146.wav,normal,normal
/media/feliciano/Aux/AI_AFS_DATASET/AFS_BEHAVIOUR_DATASET/normal/20260529_132148.wav,normal,normal
/media/feliciano/Aux/AI_AFS_DATASET/AFS_BEHAVIOUR_DATASET/normal/20260529_132150.wav,normal,normal
/media/feliciano/Aux/AI_AFS_DATASET/AFS_BEHAVIOUR_DATASET/normal/20260529_132152.wav,normal,normal
/media/feliciano/Aux/AI_AFS_DATASET/AFS_BEHAVIOUR_DATASET/normal/20260529_132154.wav,normal,normal
/media/feliciano/Aux/AI_AFS_DATASET/AFS_BEHAVIOUR_DATASET/normal/20260529_132156.wav,normal,normal
/media/feliciano/Aux/AI_AFS_DATASET/AFS_BEHAVIOUR_DATASET/normal/20260529_132158.wav,normal,normal
/media/feliciano/Aux/AI_AFS_DATASET/AFS_BEHAVIOUR_DATASET/normal/20260529_132400.wav,normal,normal
/media/feliciano/Aux/AI_AFS_DATASET/AFS_BEHAVIOUR_DATASET/normal/20260529_132402.wav,normal,normal
/media/feliciano/Aux/AI_AFS_DATASET/AFS_BEHAVIOUR_DATASET/normal/20260529_132404.wav,normal,normal
/media/feliciano/Aux/AI_AFS_DATASET/AFS_BEHAVIOUR_DATASET/normal/20260529_132406.wav,normal,normal
/media/feliciano/Aux/AI_AFS_DATASET/AFS_BEHAVIOUR_DATASET/normal/20260529_132408.wav,normal,normal
/media/feliciano/Aux/AI_AFS_DATASET/AFS_BEHAVIOUR_DATASET/normal/20260529_132410.wav,normal,normal
/media/feliciano/Aux/AI_AFS_DATASET/AFS_BEHAVIOUR_DATASET/normal/20260529_132412.wav,normal,normal
/media/feliciano/Aux/AI_AFS_DATASET/AFS_BEHAVIOUR_DATASET/normal/20260529_132414.wav,normal,normal
/media/feliciano/Aux/AI_AFS_DATASET/AFS_BEHAVIOUR_DATASET/normal/20260529_132416.wav,normal,normal
/media/feliciano/Aux/AI_AFS_DATASET/AFS_BEHAVIOUR_DATASET/normal/20260529_132418.wav,normal,normal
/media/feliciano/Aux/AI_AFS_DATASET/AFS_BEHAVIOUR_DATASET/normal/20260529_132420.wav,normal,normal
/media/feliciano/Aux/AI_AFS_DATASET/AFS_BEHAVIOUR_DATASET/normal/20260529_132422.wav,normal,normal
/media/feliciano/Aux/AI_AFS_DATASET/AFS_BEHAVIOUR_DATASET/normal/20260529_132424.wav,normal,normal
/media/feliciano/Aux/AI_AFS_DATASET/AFS_BEHAVIOUR_DATASET/normal/20260529_132426.wav,normal,normal
/media/feliciano/Aux/AI_AFS_DATASET/AFS_BEHAVIOUR_DATASET/normal/20260529_132428.wav,normal,normal
/media/feliciano/Aux/AI_AFS_DATASET/AFS_BEHAVIOUR_DATASET/normal/20260529_132430.wav,normal,normal
/media/feliciano/Aux/AI_AFS_DATASET/AFS_BEHAVIOUR_DATASET/normal/20260529_132432.wav,normal,normal
/media/feliciano/Aux/AI_AFS_DATASET/AFS_BEHAVIOUR_DATASET/normal/20260529_132434.wav,normal,normal
/media/feliciano/Aux/AI_AFS_DATASET/AFS_BEHAVIOUR_DATASET/normal/20260529_132436.wav,normal,normal
/media/feliciano/Aux/AI_AFS_DATASET/AFS_BEHAVIOUR_DATASET/normal/20260529_132438.wav,normal,normal
/media/feliciano/Aux/AI_AFS_DATASET/AFS_BEHAVIOUR_DATASET/normal/20260529_132440.wav,normal,normal
/media/feliciano/Aux/AI_AFS_DATASET/AFS_BEHAVIOUR_DATASET/normal/20260529_132442.wav,normal,normal
/media/feliciano/Aux/AI_AFS_DATASET/AFS_BEHAVIOUR_DATASET/normal/20260529_132444.wav,normal,normal
/media/feliciano/Aux/AI_AFS_DATASET/AFS_BEHAVIOUR_DATASET/normal/20260529_132446.wav,normal,normal
/media/feliciano/Aux/AI_AFS_DATASET/AFS_BEHAVIOUR_DATASET/normal/20260529_132448.wav,normal,normal
/media/feliciano/Aux/AI_AFS_DATASET/AFS_BEHAVIOUR_DATASET/normal/20260529_132450.wav,normal,normal
/media/feliciano/Aux/AI_AFS_DATASET/AFS_BEHAVIOUR_DATASET/normal/20260529_132452.wav,normal,normal
/media/feliciano/Aux/AI_AFS_DATASET/AFS_BEHAVIOUR_DATASET/normal/20260529_132454.wav,normal,normal
/media/feliciano/Aux/AI_AFS_DATASET/AFS_BEHAVIOUR_DATASET/normal/20260529_132456.wav,normal,normal
/media/feliciano/Aux/AI_AFS_DATASET/AFS_BEHAVIOUR_DATASET/normal/20260529_132458.wav,normal,normal
/media/feliciano/Aux/AI_AFS_DATASET/AFS_BEHAVIOUR_DATASET/normal/20260529_132500.wav,normal,normal
/media/feliciano/Aux/AI_AFS_DATASET/AFS_BEHAVIOUR_DATASET/normal/20260529_132502.wav,normal,normal
/media/feliciano/Aux/AI_AFS_DATASET/AFS_BEHAVIOUR_DATASET/normal/20260529_132504.wav,normal,normal
/media/feliciano/Aux/AI_AFS_DATASET/AFS_BEHAVIOUR_DATASET/normal/20260529_132506.wav,normal,normal
/media/feliciano/Aux/AI_AFS_DATASET/AFS_BEHAVIOUR_DATASET/normal/20260529_132508.wav,normal,normal
/media/feliciano/Aux/AI_AFS_DATASET/AFS_BEHAVIOUR_DATASET/normal/20260529_132510.wav,normal,normal
/media/feliciano/Aux/AI_AFS_DATASET/AFS_BEHAVIOUR_DATASET/normal/20260529_132512.wav,normal,normal
/media/feliciano/Aux/AI_AFS_DATASET/AFS_BEHAVIOUR_DATASET/normal/20260529_132514.wav,normal,normal
/media/feliciano/Aux/AI_AFS_DATASET/AFS_BEHAVIOUR_DATASET/normal/20260529_132516.wav,normal,normal
/media/feliciano/Aux/AI_AFS_DATASET/AFS_BEHAVIOUR_DATASET/normal/20260529_132518.wav,normal,normal
/media/feliciano/Aux/AI_AFS_DATASET/AFS_BEHAVIOUR_DATASET/normal/20260529_132520.wav,normal,normal
/media/feliciano/Aux/AI_AFS_DATASET/AFS_BEHAVIOUR_DATASET/normal/20260529_132522.wav,normal,normal
/media/feliciano/Aux/AI_AFS_DATASET/AFS_BEHAVIOUR_DATASET/normal/20260529_132524.wav,normal,normal
/media/feliciano/Aux/AI_AFS_DATASET/AFS_BEHAVIOUR_DATASET/normal/20260529_132526.wav,normal,normal
/media/feliciano/Aux/AI_AFS_DATASET/AFS_BEHAVIOUR_DATASET/normal/20260529_132528.wav,normal,normal
/media/feliciano/Aux/AI_AFS_DATASET/AFS_BEHAVIOUR_DATASET/normal/20260529_132530.wav,normal,normal
/media/feliciano/Aux/AI_AFS_DATASET/AFS_BEHAVIOUR_DATASET/normal/20260529_132532.wav,normal,normal
/media/feliciano/Aux/AI_AFS_DATASET/AFS_BEHAVIOUR_DATASET/normal/20260529_132534.wav,normal,normal
/media/feliciano/Aux/AI_AFS_DATASET/AFS_BEHAVIOUR_DATASET/normal/20260529_132536.wav,normal,normal
/media/feliciano/Aux/AI_AFS_DATASET/AFS_BEHAVIOUR_DATASET/normal/20260529_132538.wav,normal,normal
/media/feliciano/Aux/AI_AFS_DATASET/AFS_BEHAVIOUR_DATASET/normal/20260529_132540.wav,normal,normal
/media/feliciano/Aux/AI_AFS_DATASET/AFS_BEHAVIOUR_DATASET/normal/20260529_132542.wav,normal,normal
/media/feliciano/Aux/AI_AFS_DATASET/AFS_BEHAVIOUR_DATASET/normal/20260529_132544.wav,normal,normal
/media/feliciano/Aux/AI_AFS_DATASET/AFS_BEHAVIOUR_DATASET/normal/20260529_132546.wav,normal,normal
/media/feliciano/Aux/AI_AFS_DATASET/AFS_BEHAVIOUR_DATASET/normal/20260529_132548.wav,normal,normal
/media/feliciano/Aux/AI_AFS_DATASET/AFS_BEHAVIOUR_DATASET/normal/20260529_132550.wav,normal,normal
/media/feliciano/Aux/AI_AFS_DATASET/AFS_BEHAVIOUR_DATASET/normal/20260529_132552.wav,normal,normal
/media/feliciano/Aux/AI_AFS_DATASET/AFS_BEHAVIOUR_DATASET/normal/20260529_132554.wav,normal,normal
/media/feliciano/Aux/AI_AFS_DATASET/AFS_BEHAVIOUR_DATASET/normal/20260529_132556.wav,normal,normal
/media/feliciano/Aux/AI_AFS_DATASET/AFS_BEHAVIOUR_DATASET/normal/20260529_132558.wav,normal,normal
/media/feliciano/Aux/AI_AFS_DATASET/AFS_BEHAVIOUR_DATASET/normal/20260529_132600.wav,normal,normal
/media/feliciano/Aux/AI_AFS_DATASET/AFS_BEHAVIOUR_DATASET/normal/20260529_132602.wav,normal,normal
/media/feliciano/Aux/AI_AFS_DATASET/AFS_BEHAVIOUR_DATASET/normal/20260529_132604.wav,normal,normal
/media/feliciano/Aux/AI_AFS_DATASET/AFS_BEHAVIOUR_DATASET/normal/20260529_132606.wav,normal,normal
/media/feliciano/Aux/AI_AFS_DATASET/AFS_BEHAVIOUR_DATASET/normal/20260529_132608.wav,normal,normal
/media/feliciano/Aux/AI_AFS_DATASET/AFS_BEHAVIOUR_DATASET/normal/20260529_132610.wav,normal,normal
/media/feliciano/Aux/AI_AFS_DATASET/AFS_BEHAVIOUR_DATASET/normal/20260529_132612.wav,normal,normal
/media/feliciano/Aux/AI_AFS_DATASET/AFS_BEHAVIOUR_DATASET/normal/20260529_132614.wav,normal,normal
/media/feliciano/Aux/AI_AFS_DATASET/AFS_BEHAVIOUR_DATASET/normal/20260529_132616.wav,normal,normal
/media/feliciano/Aux/AI_AFS_DATASET/AFS_BEHAVIOUR_DATASET/normal/20260529_132618.wav,normal,normal
/media/feliciano/Aux/AI_AFS_DATASET/AFS_BEHAVIOUR_DATASET/normal/20260529_132620.wav,normal,normal
/media/feliciano/Aux/AI_AFS_DATASET/AFS_BEHAVIOUR_DATASET/normal/20260529_132622.wav,normal,normal
/media/feliciano/Aux/AI_AFS_DATASET/AFS_BEHAVIOUR_DATASET/normal/20260529_132624.wav,normal,normal
/media/feliciano/Aux/AI_AFS_DATASET/AFS_BEHAVIOUR_DATASET/normal/20260529_132626.wav,normal,normal
/media/feliciano/Aux/AI_AFS_DATASET/AFS_BEHAVIOUR_DATASET/normal/20260529_132628.wav,normal,normal
/media/feliciano/Aux/AI_AFS_DATASET/AFS_BEHAVIOUR_DATASET/normal/20260529_132630.wav,normal,normal
/media/feliciano/Aux/AI_AFS_DATASET/AFS_BEHAVIOUR_DATASET/normal/20260529_132632.wav,normal,normal
/media/feliciano/Aux/AI_AFS_DATASET/AFS_BEHAVIOUR_DATASET/normal/20260529_132634.wav,normal,normal
/media/feliciano/Aux/AI_AFS_DATASET/AFS_BEHAVIOUR_DATASET/normal/20260529_132636.wav,normal,normal
/media/feliciano/Aux/AI_AFS_DATASET/AFS_BEHAVIOUR_DATASET/normal/20260529_132638.wav,normal,normal
/media/feliciano/Aux/AI_AFS_DATASET/AFS_BEHAVIOUR_DATASET/normal/20260529_132640.wav,normal,normal
/media/feliciano/Aux/AI_AFS_DATASET/AFS_BEHAVIOUR_DATASET/normal/20260529_132642.wav,normal,normal
/media/feliciano/Aux/AI_AFS_DATASET/AFS_BEHAVIOUR_DATASET/normal/20260529_132644.wav,normal,normal
/media/feliciano/Aux/AI_AFS_DATASET/AFS_BEHAVIOUR_DATASET/normal/20260529_132646.wav,normal,normal
/media/feliciano/Aux/AI_AFS_DATASET/AFS_BEHAVIOUR_DATASET/normal/20260529_132648.wav,normal,normal
/media/feliciano/Aux/AI_AFS_DATASET/AFS_BEHAVIOUR_DATASET/normal/20260529_132650.wav,normal,normal
/media/feliciano/Aux/AI_AFS_DATASET/AFS_BEHAVIOUR_DATASET/normal/20260529_132652.wav,normal,normal
/media/feliciano/Aux/AI_AFS_DATASET/AFS_BEHAVIOUR_DATASET/normal/20260529_132654.wav,normal,normal
/media/feliciano/Aux/AI_AFS_DATASET/AFS_BEHAVIOUR_DATASET/normal/20260529_132656.wav,normal,normal
/media/feliciano/Aux/AI_AFS_DATASET/AFS_BEHAVIOUR_DATASET/normal/20260529_132658.wav,normal,normal
/media/feliciano/Aux/AI_AFS_DATASET/AFS_BEHAVIOUR_DATASET/normal/20260529_132700.wav,normal,normal
/media/feliciano/Aux/AI_AFS_DATASET/AFS_BEHAVIOUR_DATASET/normal/20260529_132702.wav,normal,normal
/media/feliciano/Aux/AI_AFS_DATASET/AFS_BEHAVIOUR_DATASET/normal/20260529_132704.wav,normal,normal
/media/feliciano/Aux/AI_AFS_DATASET/AFS_BEHAVIOUR_DATASET/normal/20260529_132706.wav,normal,normal
/media/feliciano/Aux/AI_AFS_DATASET/AFS_BEHAVIOUR_DATASET/normal/20260529_132708.wav,normal,normal
/media/feliciano/Aux/AI_AFS_DATASET/AFS_BEHAVIOUR_DATASET/normal/20260529_132710.wav,normal,normal
/media/feliciano/Aux/AI_AFS_DATASET/AFS_BEHAVIOUR_DATASET/normal/20260529_132712.wav,normal,normal
/media/feliciano/Aux/AI_AFS_DATASET/AFS_BEHAVIOUR_DATASET/normal/20260529_132714.wav,normal,normal
/media/feliciano/Aux/AI_AFS_DATASET/AFS_BEHAVIOUR_DATASET/normal/20260529_132716.wav,normal,normal
/media/feliciano/Aux/AI_AFS_DATASET/AFS_BEHAVIOUR_DATASET/normal/20260529_132718.wav,normal,normal
/media/feliciano/Aux/AI_AFS_DATASET/AFS_BEHAVIOUR_DATASET/normal/20260529_132720.wav,normal,normal
/media/feliciano/Aux/AI_AFS_DATASET/AFS_BEHAVIOUR_DATASET/normal/20260529_132722.wav,normal,normal
/media/feliciano/Aux/AI_AFS_DATASET/AFS_BEHAVIOUR_DATASET/normal/20260529_132724.wav,normal,normal
/media/feliciano/Aux/AI_AFS_DATASET/AFS_BEHAVIOUR_DATASET/normal/20260529_132726.wav,normal,normal
/media/feliciano/Aux/AI_AFS_DATASET/AFS_BEHAVIOUR_DATASET/normal/20260529_132728.wav,normal,normal
/media/feliciano/Aux/AI_AFS_DATASET/AFS_BEHAVIOUR_DATASET/normal/20260529_132730.wav,normal,normal
/media/feliciano/Aux/AI_AFS_DATASET/AFS_BEHAVIOUR_DATASET/normal/20260529_132732.wav,normal,normal
/media/feliciano/Aux/AI_AFS_DATASET/AFS_BEHAVIOUR_DATASET/normal/20260529_132734.wav,normal,normal
/media/feliciano/Aux/AI_AFS_DATASET/AFS_BEHAVIOUR_DATASET/normal/20260529_132736.wav,normal,normal
/media/feliciano/Aux/AI_AFS_DATASET/AFS_BEHAVIOUR_DATASET/normal/20260529_132738.wav,normal,normal
/media/feliciano/Aux/AI_AFS_DATASET/AFS_BEHAVIOUR_DATASET/normal/20260529_132740.wav,normal,normal
/media/feliciano/Aux/AI_AFS_DATASET/AFS_BEHAVIOUR_DATASET/normal/20260529_132742.wav,normal,normal
/media/feliciano/Aux/AI_AFS_DATASET/AFS_BEHAVIOUR_DATASET/normal/20260529_132744.wav,normal,normal
/media/feliciano/Aux/AI_AFS_DATASET/AFS_BEHAVIOUR_DATASET/normal/20260529_132746.wav,normal,normal
/media/feliciano/Aux/AI_AFS_DATASET/AFS_BEHAVIOUR_DATASET/normal/20260529_132748.wav,normal,normal
/media/feliciano/Aux/AI_AFS_DATASET/AFS_BEHAVIOUR_DATASET/normal/20260529_132750.wav,normal,normal
/media/feliciano/Aux/AI_AFS_DATASET/AFS_BEHAVIOUR_DATASET/normal/20260529_132752.wav,normal,normal
/media/feliciano/Aux/AI_AFS_DATASET/AFS_BEHAVIOUR_DATASET/normal/20260529_132754.wav,normal,normal
/media/feliciano/Aux/AI_AFS_DATASET/AFS_BEHAVIOUR_DATASET/normal/20260529_132756.wav,normal,normal
/media/feliciano/Aux/AI_AFS_DATASET/AFS_BEHAVIOUR_DATASET/normal/20260529_132758.wav,normal,normal
/media/feliciano/Aux/AI_AFS_DATASET/AFS_BEHAVIOUR_DATASET/normal/20260606_140000.wav,normal,normal
/media/feliciano/Aux/AI_AFS_DATASET/AFS_BEHAVIOUR_DATASET/normal/20260606_140002.wav,normal,normal
/media/feliciano/Aux/AI_AFS_DATASET/AFS_BEHAVIOUR_DATASET/normal/20260606_140004.wav,normal,normal
/media/feliciano/Aux/AI_AFS_DATASET/AFS_BEHAVIOUR_DATASET/normal/20260606_140006.wav,normal,normal
/media/feliciano/Aux/AI_AFS_DATASET/AFS_BEHAVIOUR_DATASET/normal/20260606_140008.wav,normal,normal
/media/feliciano/Aux/AI_AFS_DATASET/AFS_BEHAVIOUR_DATASET/normal/20260606_140010.wav,normal,agitation
/media/feliciano/Aux/AI_AFS_DATASET/AFS_BEHAVIOUR_DATASET/normal/20260606_140012.wav,normal,normal
/media/feliciano/Aux/AI_AFS_DATASET/AFS_BEHAVIOUR_DATASET/normal/20260606_140014.wav,normal,clustering
/media/feliciano/Aux/AI_AFS_DATASET/AFS_BEHAVIOUR_DATASET/normal/20260606_140016.wav,normal,agitation
/media/feliciano/Aux/AI_AFS_DATASET/AFS_BEHAVIOUR_DATASET/normal/20260606_140018.wav,normal,normal
/media/feliciano/Aux/AI_AFS_DATASET/AFS_BEHAVIOUR_DATASET/normal/20260606_140020.wav,normal,normal
/media/feliciano/Aux/AI_AFS_DATASET/AFS_BEHAVIOUR_DATASET/normal/20260606_140022.wav,normal,normal
/media/feliciano/Aux/AI_AFS_DATASET/AFS_BEHAVIOUR_DATASET/normal/20260606_140024.wav,normal,normal
/media/feliciano/Aux/AI_AFS_DATASET/AFS_BEHAVIOUR_DATASET/normal/20260606_140026.wav,normal,normal
/media/feliciano/Aux/AI_AFS_DATASET/AFS_BEHAVIOUR_DATASET/normal/20260606_140028.wav,normal,normal
/media/feliciano/Aux/AI_AFS_DATASET/AFS_BEHAVIOUR_DATASET/normal/20260606_140030.wav,normal,normal
/media/feliciano/Aux/AI_AFS_DATASET/AFS_BEHAVIOUR_DATASET/normal/20260606_140032.wav,normal,normal
/media/feliciano/Aux/AI_AFS_DATASET/AFS_BEHAVIOUR_DATASET/normal/20260606_140034.wav,normal,normal
/media/feliciano/Aux/AI_AFS_DATASET/AFS_BEHAVIOUR_DATASET/normal/20260606_140036.wav,normal,agitation
/media/feliciano/Aux/AI_AFS_DATASET/AFS_BEHAVIOUR_DATASET/normal/20260606_140038.wav,normal,normal
/media/feliciano/Aux/AI_AFS_DATASET/AFS_BEHAVIOUR_DATASET/normal/20260606_140040.wav,normal,normal
/media/feliciano/Aux/AI_AFS_DATASET/AFS_BEHAVIOUR_DATASET/normal/20260606_140042.wav,normal,normal
/media/feliciano/Aux/AI_AFS_DATASET/AFS_BEHAVIOUR_DATASET/normal/20260606_140044.wav,normal,normal
/media/feliciano/Aux/AI_AFS_DATASET/AFS_BEHAVIOUR_DATASET/normal/20260606_140046.wav,normal,normal
/media/feliciano/Aux/AI_AFS_DATASET/AFS_BEHAVIOUR_DATASET/normal/20260606_140048.wav,normal,agitation
/media/feliciano/Aux/AI_AFS_DATASET/AFS_BEHAVIOUR_DATASET/normal/20260606_140050.wav,normal,normal
/media/feliciano/Aux/AI_AFS_DATASET/AFS_BEHAVIOUR_DATASET/normal/20260606_140052.wav,normal,clustering
/media/feliciano/Aux/AI_AFS_DATASET/AFS_BEHAVIOUR_DATASET/normal/20260606_140054.wav,normal,agitation
/media/feliciano/Aux/AI_AFS_DATASET/AFS_BEHAVIOUR_DATASET/normal/20260606_140056.wav,normal,normal
/media/feliciano/Aux/AI_AFS_DATASET/AFS_BEHAVIOUR_DATASET/normal/20260606_140058.wav,normal,agitation
/media/feliciano/Aux/AI_AFS_DATASET/AFS_BEHAVIOUR_DATASET/normal/20260606_140100.wav,normal,agitation
/media/feliciano/Aux/AI_AFS_DATASET/AFS_BEHAVIOUR_DATASET/normal/20260606_140102.wav,normal,normal
/media/feliciano/Aux/AI_AFS_DATASET/AFS_BEHAVIOUR_DATASET/normal/20260606_140104.wav,normal,normal
/media/feliciano/Aux/AI_AFS_DATASET/AFS_BEHAVIOUR_DATASET/normal/20260606_140106.wav,normal,agitation
/media/feliciano/Aux/AI_AFS_DATASET/AFS_BEHAVIOUR_DATASET/normal/20260606_140108.wav,normal,normal
/media/feliciano/Aux/AI_AFS_DATASET/AFS_BEHAVIOUR_DATASET/normal/20260606_140110.wav,normal,agitation
/media/feliciano/Aux/AI_AFS_DATASET/AFS_BEHAVIOUR_DATASET/normal/20260606_140112.wav,normal,agitation
/media/feliciano/Aux/AI_AFS_DATASET/AFS_BEHAVIOUR_DATASET/normal/20260606_140114.wav,normal,agitation
/media/feliciano/Aux/AI_AFS_DATASET/AFS_BEHAVIOUR_DATASET/normal/20260606_140116.wav,normal,normal
/media/feliciano/Aux/AI_AFS_DATASET/AFS_BEHAVIOUR_DATASET/normal/20260606_140118.wav,normal,normal
/media/feliciano/Aux/AI_AFS_DATASET/AFS_BEHAVIOUR_DATASET/normal/20260606_140120.wav,normal,normal
/media/feliciano/Aux/AI_AFS_DATASET/AFS_BEHAVIOUR_DATASET/normal/20260606_140122.wav,normal,agitation
/media/feliciano/Aux/AI_AFS_DATASET/AFS_BEHAVIOUR_DATASET/normal/20260606_140124.wav,normal,agitation
/media/feliciano/Aux/AI_AFS_DATASET/AFS_BEHAVIOUR_DATASET/normal/20260606_140126.wav,normal,normal
/media/feliciano/Aux/AI_AFS_DATASET/AFS_BEHAVIOUR_DATASET/normal/20260606_140128.wav,normal,agitation
/media/feliciano/Aux/AI_AFS_DATASET/AFS_BEHAVIOUR_DATASET/normal/20260606_140130.wav,normal,agitation
/media/feliciano/Aux/AI_AFS_DATASET/AFS_BEHAVIOUR_DATASET/normal/20260606_140132.wav,normal,normal
/media/feliciano/Aux/AI_AFS_DATASET/AFS_BEHAVIOUR_DATASET/normal/20260606_140134.wav,normal,agitation
/media/feliciano/Aux/AI_AFS_DATASET/AFS_BEHAVIOUR_DATASET/normal/20260606_140136.wav,normal,normal
/media/feliciano/Aux/AI_AFS_DATASET/AFS_BEHAVIOUR_DATASET/normal/20260606_140138.wav,normal,agitation
/media/feliciano/Aux/AI_AFS_DATASET/AFS_BEHAVIOUR_DATASET/normal/20260606_140140.wav,normal,agitation
/media/feliciano/Aux/AI_AFS_DATASET/AFS_BEHAVIOUR_DATASET/normal/20260606_140142.wav,normal,agitation
/media/feliciano/Aux/AI_AFS_DATASET/AFS_BEHAVIOUR_DATASET/normal/20260606_140144.wav,normal,clustering
/media/feliciano/Aux/AI_AFS_DATASET/AFS_BEHAVIOUR_DATASET/normal/20260606_140146.wav,normal,agitation
/media/feliciano/Aux/AI_AFS_DATASET/AFS_BEHAVIOUR_DATASET/normal/20260606_140148.wav,normal,clustering
/media/feliciano/Aux/AI_AFS_DATASET/AFS_BEHAVIOUR_DATASET/normal/20260606_140150.wav,normal,normal
/media/feliciano/Aux/AI_AFS_DATASET/AFS_BEHAVIOUR_DATASET/normal/20260606_140152.wav,normal,normal
/media/feliciano/Aux/AI_AFS_DATASET/AFS_BEHAVIOUR_DATASET/normal/20260606_140154.wav,normal,agitation
/media/feliciano/Aux/AI_AFS_DATASET/AFS_BEHAVIOUR_DATASET/normal/20260606_140156.wav,normal,agitation
/media/feliciano/Aux/AI_AFS_DATASET/AFS_BEHAVIOUR_DATASET/normal/20260606_140158.wav,normal,clustering
/media/feliciano/Aux/AI_AFS_DATASET/AFS_BEHAVIOUR_DATASET/normal/20260606_140200.wav,normal,clustering
/media/feliciano/Aux/AI_AFS_DATASET/AFS_BEHAVIOUR_DATASET/normal/20260606_140202.wav,normal,normal
/media/feliciano/Aux/AI_AFS_DATASET/AFS_BEHAVIOUR_DATASET/normal/20260606_140204.wav,normal,agitation
/media/feliciano/Aux/AI_AFS_DATASET/AFS_BEHAVIOUR_DATASET/normal/20260606_140206.wav,normal,normal
/media/feliciano/Aux/AI_AFS_DATASET/AFS_BEHAVIOUR_DATASET/normal/20260606_140208.wav,normal,normal
/media/feliciano/Aux/AI_AFS_DATASET/AFS_BEHAVIOUR_DATASET/normal/20260606_140210.wav,normal,agitation
/media/feliciano/Aux/AI_AFS_DATASET/AFS_BEHAVIOUR_DATASET/normal/20260606_140212.wav,normal,agitation
/media/feliciano/Aux/AI_AFS_DATASET/AFS_BEHAVIOUR_DATASET/normal/20260606_140214.wav,normal,agitation
/media/feliciano/Aux/AI_AFS_DATASET/AFS_BEHAVIOUR_DATASET/normal/20260606_140216.wav,normal,normal
/media/feliciano/Aux/AI_AFS_DATASET/AFS_BEHAVIOUR_DATASET/normal/20260606_140218.wav,normal,normal
/media/feliciano/Aux/AI_AFS_DATASET/AFS_BEHAVIOUR_DATASET/normal/20260606_140220.wav,normal,normal
/media/feliciano/Aux/AI_AFS_DATASET/AFS_BEHAVIOUR_DATASET/normal/20260606_140222.wav,normal,normal
/media/feliciano/Aux/AI_AFS_DATASET/AFS_BEHAVIOUR_DATASET/normal/20260606_140224.wav,normal,normal
/media/feliciano/Aux/AI_AFS_DATASET/AFS_BEHAVIOUR_DATASET/normal/20260606_140226.wav,normal,normal
/media/feliciano/Aux/AI_AFS_DATASET/AFS_BEHAVIOUR_DATASET/normal/20260606_140228.wav,normal,normal
/media/feliciano/Aux/AI_AFS_DATASET/AFS_BEHAVIOUR_DATASET/normal/20260606_140230.wav,normal,normal
/media/feliciano/Aux/AI_AFS_DATASET/AFS_BEHAVIOUR_DATASET/normal/20260606_140232.wav,normal,agitation
/media/feliciano/Aux/AI_AFS_DATASET/AFS_BEHAVIOUR_DATASET/normal/20260606_140234.wav,normal,agitation
/media/feliciano/Aux/AI_AFS_DATASET/AFS_BEHAVIOUR_DATASET/normal/20260606_140236.wav,normal,normal
/media/feliciano/Aux/AI_AFS_DATASET/AFS_BEHAVIOUR_DATASET/normal/20260606_140238.wav,normal,normal
/media/feliciano/Aux/AI_AFS_DATASET/AFS_BEHAVIOUR_DATASET/normal/20260606_140240.wav,normal,normal
/media/feliciano/Aux/AI_AFS_DATASET/AFS_BEHAVIOUR_DATASET/normal/20260606_140242.wav,normal,normal
/media/feliciano/Aux/AI_AFS_DATASET/AFS_BEHAVIOUR_DATASET/normal/20260606_140244.wav,normal,normal
/media/feliciano/Aux/AI_AFS_DATASET/AFS_BEHAVIOUR_DATASET/normal/20260606_140246.wav,normal,normal
/media/feliciano/Aux/AI_AFS_DATASET/AFS_BEHAVIOUR_DATASET/normal/20260606_140248.wav,normal,agitation
/media/feliciano/Aux/AI_AFS_DATASET/AFS_BEHAVIOUR_DATASET/normal/20260606_140250.wav,normal,agitation
/media/feliciano/Aux/AI_AFS_DATASET/AFS_BEHAVIOUR_DATASET/normal/20260606_140252.wav,normal,agitation
/media/feliciano/Aux/AI_AFS_DATASET/AFS_BEHAVIOUR_DATASET/normal/20260606_140254.wav,normal,agitation
/media/feliciano/Aux/AI_AFS_DATASET/AFS_BEHAVIOUR_DATASET/normal/20260606_140256.wav,normal,agitation
/media/feliciano/Aux/AI_AFS_DATASET/AFS_BEHAVIOUR_DATASET/normal/20260606_140258.wav,normal,agitation
/media/feliciano/Aux/AI_AFS_DATASET/AFS_BEHAVIOUR_DATASET/normal/20260606_140300.wav,normal,agitation
/media/feliciano/Aux/AI_AFS_DATASET/AFS_BEHAVIOUR_DATASET/normal/20260606_140302.wav,normal,normal
/media/feliciano/Aux/AI_AFS_DATASET/AFS_BEHAVIOUR_DATASET/normal/20260606_140304.wav,normal,agitation
/media/feliciano/Aux/AI_AFS_DATASET/AFS_BEHAVIOUR_DATASET/normal/20260606_140306.wav,normal,agitation
/media/feliciano/Aux/AI_AFS_DATASET/AFS_BEHAVIOUR_DATASET/normal/20260606_140308.wav,normal,normal
/media/feliciano/Aux/AI_AFS_DATASET/AFS_BEHAVIOUR_DATASET/normal/20260606_140310.wav,normal,agitation
/media/feliciano/Aux/AI_AFS_DATASET/AFS_BEHAVIOUR_DATASET/normal/20260606_140312.wav,normal,agitation
/media/feliciano/Aux/AI_AFS_DATASET/AFS_BEHAVIOUR_DATASET/normal/20260606_140314.wav,normal,agitation
/media/feliciano/Aux/AI_AFS_DATASET/AFS_BEHAVIOUR_DATASET/normal/20260606_140316.wav,normal,agitation
/media/feliciano/Aux/AI_AFS_DATASET/AFS_BEHAVIOUR_DATASET/normal/20260606_140318.wav,normal,agitation
/media/feliciano/Aux/AI_AFS_DATASET/AFS_BEHAVIOUR_DATASET/normal/20260606_140320.wav,normal,normal
/media/feliciano/Aux/AI_AFS_DATASET/AFS_BEHAVIOUR_DATASET/normal/20260606_140322.wav,normal,agitation
/media/feliciano/Aux/AI_AFS_DATASET/AFS_BEHAVIOUR_DATASET/normal/20260606_140324.wav,normal,agitation
/media/feliciano/Aux/AI_AFS_DATASET/AFS_BEHAVIOUR_DATASET/normal/20260606_140326.wav,normal,normal
/media/feliciano/Aux/AI_AFS_DATASET/AFS_BEHAVIOUR_DATASET/normal/20260606_140328.wav,normal,agitation
/media/feliciano/Aux/AI_AFS_DATASET/AFS_BEHAVIOUR_DATASET/normal/20260606_140330.wav,normal,normal
/media/feliciano/Aux/AI_AFS_DATASET/AFS_BEHAVIOUR_DATASET/normal/20260606_140332.wav,normal,agitation
/media/feliciano/Aux/AI_AFS_DATASET/AFS_BEHAVIOUR_DATASET/normal/20260606_140334.wav,normal,agitation
/media/feliciano/Aux/AI_AFS_DATASET/AFS_BEHAVIOUR_DATASET/normal/20260606_140336.wav,normal,agitation
/media/feliciano/Aux/AI_AFS_DATASET/AFS_BEHAVIOUR_DATASET/normal/20260606_140338.wav,normal,normal
/media/feliciano/Aux/AI_AFS_DATASET/AFS_BEHAVIOUR_DATASET/normal/20260606_140340.wav,normal,agitation
/media/feliciano/Aux/AI_AFS_DATASET/AFS_BEHAVIOUR_DATASET/normal/20260606_140342.wav,normal,agitation
/media/feliciano/Aux/AI_AFS_DATASET/AFS_BEHAVIOUR_DATASET/normal/20260606_140344.wav,normal,agitation
/media/feliciano/Aux/AI_AFS_DATASET/AFS_BEHAVIOUR_DATASET/normal/20260606_140346.wav,normal,agitation
/media/feliciano/Aux/AI_AFS_DATASET/AFS_BEHAVIOUR_DATASET/normal/20260606_140348.wav,normal,agitation
/media/feliciano/Aux/AI_AFS_DATASET/AFS_BEHAVIOUR_DATASET/normal/20260606_140350.wav,normal,agitation
/media/feliciano/Aux/AI_AFS_DATASET/AFS_BEHAVIOUR_DATASET/normal/20260606_140352.wav,normal,clustering
/media/feliciano/Aux/AI_AFS_DATASET/AFS_BEHAVIOUR_DATASET/normal/20260606_140354.wav,normal,agitation
/media/feliciano/Aux/AI_AFS_DATASET/AFS_BEHAVIOUR_DATASET/normal/20260606_140356.wav,normal,agitation
/media/feliciano/Aux/AI_AFS_DATASET/AFS_BEHAVIOUR_DATASET/normal/20260606_140358.wav,normal,agitation
/media/feliciano/Aux/AI_AFS_DATASET/AFS_BEHAVIOUR_DATASET/normal/20260606_140400.wav,normal,agitation
/media/feliciano/Aux/AI_AFS_DATASET/AFS_BEHAVIOUR_DATASET/normal/20260606_140402.wav,normal,agitation
/media/feliciano/Aux/AI_AFS_DATASET/AFS_BEHAVIOUR_DATASET/normal/20260606_140404.wav,normal,agitation
/media/feliciano/Aux/AI_AFS_DATASET/AFS_BEHAVIOUR_DATASET/normal/20260606_140406.wav,normal,normal
/media/feliciano/Aux/AI_AFS_DATASET/AFS_BEHAVIOUR_DATASET/normal/20260606_140408.wav,normal,normal
/media/feliciano/Aux/AI_AFS_DATASET/AFS_BEHAVIOUR_DATASET/normal/20260606_140410.wav,normal,agitation
/media/feliciano/Aux/AI_AFS_DATASET/AFS_BEHAVIOUR_DATASET/normal/20260606_140412.wav,normal,agitation
/media/feliciano/Aux/AI_AFS_DATASET/AFS_BEHAVIOUR_DATASET/normal/20260606_140414.wav,normal,agitation
/media/feliciano/Aux/AI_AFS_DATASET/AFS_BEHAVIOUR_DATASET/normal/20260606_140416.wav,normal,agitation
/media/feliciano/Aux/AI_AFS_DATASET/AFS_BEHAVIOUR_DATASET/normal/20260606_140418.wav,normal,agitation
/media/feliciano/Aux/AI_AFS_DATASET/AFS_BEHAVIOUR_DATASET/normal/20260606_140420.wav,normal,agitation
/media/feliciano/Aux/AI_AFS_DATASET/AFS_BEHAVIOUR_DATASET/normal/20260606_140422.wav,normal,agitation
/media/feliciano/Aux/AI_AFS_DATASET/AFS_BEHAVIOUR_DATASET/normal/20260606_140424.wav,normal,normal
/media/feliciano/Aux/AI_AFS_DATASET/AFS_BEHAVIOUR_DATASET/normal/20260606_140426.wav,normal,normal
/media/feliciano/Aux/AI_AFS_DATASET/AFS_BEHAVIOUR_DATASET/normal/20260606_140428.wav,normal,agitation
/media/feliciano/Aux/AI_AFS_DATASET/AFS_BEHAVIOUR_DATASET/normal/20260606_140430.wav,normal,agitation
/media/feliciano/Aux/AI_AFS_DATASET/AFS_BEHAVIOUR_DATASET/normal/20260606_140432.wav,normal,agitation
/media/feliciano/Aux/AI_AFS_DATASET/AFS_BEHAVIOUR_DATASET/normal/20260606_140434.wav,normal,normal
/media/feliciano/Aux/AI_AFS_DATASET/AFS_BEHAVIOUR_DATASET/normal/20260606_140436.wav,normal,agitation
/media/feliciano/Aux/AI_AFS_DATASET/AFS_BEHAVIOUR_DATASET/normal/20260606_140438.wav,normal,normal
/media/feliciano/Aux/AI_AFS_DATASET/AFS_BEHAVIOUR_DATASET/normal/20260606_140440.wav,normal,normal
/media/feliciano/Aux/AI_AFS_DATASET/AFS_BEHAVIOUR_DATASET/normal/20260606_140442.wav,normal,normal
/media/feliciano/Aux/AI_AFS_DATASET/AFS_BEHAVIOUR_DATASET/normal/20260606_140444.wav,normal,agitation
/media/feliciano/Aux/AI_AFS_DATASET/AFS_BEHAVIOUR_DATASET/normal/20260606_140446.wav,normal,agitation
/media/feliciano/Aux/AI_AFS_DATASET/AFS_BEHAVIOUR_DATASET/normal/20260606_140448.wav,normal,agitation
/media/feliciano/Aux/AI_AFS_DATASET/AFS_BEHAVIOUR_DATASET/normal/20260606_140450.wav,normal,normal
/media/feliciano/Aux/AI_AFS_DATASET/AFS_BEHAVIOUR_DATASET/normal/20260606_140452.wav,normal,normal
/media/feliciano/Aux/AI_AFS_DATASET/AFS_BEHAVIOUR_DATASET/normal/20260606_140454.wav,normal,agitation
/media/feliciano/Aux/AI_AFS_DATASET/AFS_BEHAVIOUR_DATASET/normal/20260606_140456.wav,normal,normal
/media/feliciano/Aux/AI_AFS_DATASET/AFS_BEHAVIOUR_DATASET/normal/20260606_140458.wav,normal,normal
/media/feliciano/Aux/AI_AFS_DATASET/AFS_BEHAVIOUR_DATASET/normal/20260606_140500.wav,normal,normal
/media/feliciano/Aux/AI_AFS_DATASET/AFS_BEHAVIOUR_DATASET/normal/20260606_140502.wav,normal,agitation
/media/feliciano/Aux/AI_AFS_DATASET/AFS_BEHAVIOUR_DATASET/normal/20260606_140504.wav,normal,agitation
/media/feliciano/Aux/AI_AFS_DATASET/AFS_BEHAVIOUR_DATASET/normal/20260606_140506.wav,normal,normal
/media/feliciano/Aux/AI_AFS_DATASET/AFS_BEHAVIOUR_DATASET/normal/20260606_140508.wav,normal,agitation
/media/feliciano/Aux/AI_AFS_DATASET/AFS_BEHAVIOUR_DATASET/normal/20260606_140510.wav,normal,agitation
/media/feliciano/Aux/AI_AFS_DATASET/AFS_BEHAVIOUR_DATASET/normal/20260606_140512.wav,normal,agitation
/media/feliciano/Aux/AI_AFS_DATASET/AFS_BEHAVIOUR_DATASET/normal/20260606_140514.wav,normal,agitation
/media/feliciano/Aux/AI_AFS_DATASET/AFS_BEHAVIOUR_DATASET/normal/20260606_140516.wav,normal,agitation
/media/feliciano/Aux/AI_AFS_DATASET/AFS_BEHAVIOUR_DATASET/normal/20260606_140518.wav,normal,agitation
/media/feliciano/Aux/AI_AFS_DATASET/AFS_BEHAVIOUR_DATASET/normal/20260606_140520.wav,normal,agitation
/media/feliciano/Aux/AI_AFS_DATASET/AFS_BEHAVIOUR_DATASET/normal/20260606_140522.wav,normal,agitation
/media/feliciano/Aux/AI_AFS_DATASET/AFS_BEHAVIOUR_DATASET/normal/20260606_140524.wav,normal,normal
/media/feliciano/Aux/AI_AFS_DATASET/AFS_BEHAVIOUR_DATASET/normal/20260606_140526.wav,normal,normal
/media/feliciano/Aux/AI_AFS_DATASET/AFS_BEHAVIOUR_DATASET/normal/20260606_140528.wav,normal,normal
/media/feliciano/Aux/AI_AFS_DATASET/AFS_BEHAVIOUR_DATASET/normal/20260606_140530.wav,normal,normal
/media/feliciano/Aux/AI_AFS_DATASET/AFS_BEHAVIOUR_DATASET/normal/20260606_140532.wav,normal,agitation
/media/feliciano/Aux/AI_AFS_DATASET/AFS_BEHAVIOUR_DATASET/normal/20260606_140534.wav,normal,normal
/media/feliciano/Aux/AI_AFS_DATASET/AFS_BEHAVIOUR_DATASET/normal/20260606_140536.wav,normal,agitation
/media/feliciano/Aux/AI_AFS_DATASET/AFS_BEHAVIOUR_DATASET/normal/20260606_140538.wav,normal,normal
/media/feliciano/Aux/AI_AFS_DATASET/AFS_BEHAVIOUR_DATASET/normal/20260606_140540.wav,normal,normal
/media/feliciano/Aux/AI_AFS_DATASET/AFS_BEHAVIOUR_DATASET/normal/20260606_140542.wav,normal,agitation
/media/feliciano/Aux/AI_AFS_DATASET/AFS_BEHAVIOUR_DATASET/normal/20260606_140544.wav,normal,normal
/media/feliciano/Aux/AI_AFS_DATASET/AFS_BEHAVIOUR_DATASET/normal/20260606_140546.wav,normal,agitation
/media/feliciano/Aux/AI_AFS_DATASET/AFS_BEHAVIOUR_DATASET/normal/20260606_140548.wav,normal,normal
/media/feliciano/Aux/AI_AFS_DATASET/AFS_BEHAVIOUR_DATASET/normal/20260606_140550.wav,normal,agitation
/media/feliciano/Aux/AI_AFS_DATASET/AFS_BEHAVIOUR_DATASET/normal/20260606_140552.wav,normal,agitation
/media/feliciano/Aux/AI_AFS_DATASET/AFS_BEHAVIOUR_DATASET/normal/20260606_140554.wav,normal,agitation
/media/feliciano/Aux/AI_AFS_DATASET/AFS_BEHAVIOUR_DATASET/normal/20260606_140556.wav,normal,agitation
/media/feliciano/Aux/AI_AFS_DATASET/AFS_BEHAVIOUR_DATASET/normal/20260606_140558.wav,normal,normal
/media/feliciano/Aux/AI_AFS_DATASET/AFS_BEHAVIOUR_DATASET/normal/20260606_140600.wav,normal,normal
/media/feliciano/Aux/AI_AFS_DATASET/AFS_BEHAVIOUR_DATASET/normal/20260606_140602.wav,normal,agitation
/media/feliciano/Aux/AI_AFS_DATASET/AFS_BEHAVIOUR_DATASET/normal/20260606_140604.wav,normal,normal
/media/feliciano/Aux/AI_AFS_DATASET/AFS_BEHAVIOUR_DATASET/normal/20260606_140606.wav,normal,agitation
/media/feliciano/Aux/AI_AFS_DATASET/AFS_BEHAVIOUR_DATASET/normal/20260606_140608.wav,normal,agitation
/media/feliciano/Aux/AI_AFS_DATASET/AFS_BEHAVIOUR_DATASET/normal/20260606_140610.wav,normal,agitation
/media/feliciano/Aux/AI_AFS_DATASET/AFS_BEHAVIOUR_DATASET/normal/20260606_140612.wav,normal,normal
/media/feliciano/Aux/AI_AFS_DATASET/AFS_BEHAVIOUR_DATASET/normal/20260606_140614.wav,normal,normal
/media/feliciano/Aux/AI_AFS_DATASET/AFS_BEHAVIOUR_DATASET/normal/20260606_140616.wav,normal,normal
/media/feliciano/Aux/AI_AFS_DATASET/AFS_BEHAVIOUR_DATASET/normal/20260606_140618.wav,normal,agitation
/media/feliciano/Aux/AI_AFS_DATASET/AFS_BEHAVIOUR_DATASET/normal/20260606_140620.wav,normal,normal
/media/feliciano/Aux/AI_AFS_DATASET/AFS_BEHAVIOUR_DATASET/normal/20260606_140622.wav,normal,normal
/media/feliciano/Aux/AI_AFS_DATASET/AFS_BEHAVIOUR_DATASET/normal/20260606_140624.wav,normal,agitation
/media/feliciano/Aux/AI_AFS_DATASET/AFS_BEHAVIOUR_DATASET/normal/20260606_140626.wav,normal,normal
/media/feliciano/Aux/AI_AFS_DATASET/AFS_BEHAVIOUR_DATASET/normal/20260606_140628.wav,normal,normal
/media/feliciano/Aux/AI_AFS_DATASET/AFS_BEHAVIOUR_DATASET/normal/20260606_140630.wav,normal,normal
/media/feliciano/Aux/AI_AFS_DATASET/AFS_BEHAVIOUR_DATASET/normal/20260606_140632.wav,normal,normal
/media/feliciano/Aux/AI_AFS_DATASET/AFS_BEHAVIOUR_DATASET/normal/20260606_140634.wav,normal,normal
/media/feliciano/Aux/AI_AFS_DATASET/AFS_BEHAVIOUR_DATASET/normal/20260606_140636.wav,normal,normal
/media/feliciano/Aux/AI_AFS_DATASET/AFS_BEHAVIOUR_DATASET/normal/20260606_140638.wav,normal,agitation
/media/feliciano/Aux/AI_AFS_DATASET/AFS_BEHAVIOUR_DATASET/normal/20260606_140640.wav,normal,normal
/media/feliciano/Aux/AI_AFS_DATASET/AFS_BEHAVIOUR_DATASET/normal/20260606_140642.wav,normal,normal
/media/feliciano/Aux/AI_AFS_DATASET/AFS_BEHAVIOUR_DATASET/normal/20260606_140644.wav,normal,normal
/media/feliciano/Aux/AI_AFS_DATASET/AFS_BEHAVIOUR_DATASET/normal/20260606_140646.wav,normal,agitation
/media/feliciano/Aux/AI_AFS_DATASET/AFS_BEHAVIOUR_DATASET/normal/20260606_140648.wav,normal,normal
/media/feliciano/Aux/AI_AFS_DATASET/AFS_BEHAVIOUR_DATASET/normal/20260606_140650.wav,normal,normal
/media/feliciano/Aux/AI_AFS_DATASET/AFS_BEHAVIOUR_DATASET/normal/20260606_140652.wav,normal,normal
/media/feliciano/Aux/AI_AFS_DATASET/AFS_BEHAVIOUR_DATASET/normal/20260606_140654.wav,normal,normal
/media/feliciano/Aux/AI_AFS_DATASET/AFS_BEHAVIOUR_DATASET/normal/20260606_140656.wav,normal,normal
/media/feliciano/Aux/AI_AFS_DATASET/AFS_BEHAVIOUR_DATASET/normal/20260606_140658.wav,normal,normal
/media/feliciano/Aux/AI_AFS_DATASET/AFS_BEHAVIOUR_DATASET/normal/20260606_140700.wav,normal,normal
/media/feliciano/Aux/AI_AFS_DATASET/AFS_BEHAVIOUR_DATASET/normal/20260606_140702.wav,normal,normal
/media/feliciano/Aux/AI_AFS_DATASET/AFS_BEHAVIOUR_DATASET/normal/20260606_140704.wav,normal,normal
/media/feliciano/Aux/AI_AFS_DATASET/AFS_BEHAVIOUR_DATASET/normal/20260606_140706.wav,normal,normal
/media/feliciano/Aux/AI_AFS_DATASET/AFS_BEHAVIOUR_DATASET/normal/20260606_140708.wav,normal,normal
/media/feliciano/Aux/AI_AFS_DATASET/AFS_BEHAVIOUR_DATASET/normal/20260606_140710.wav,normal,agitation
/media/feliciano/Aux/AI_AFS_DATASET/AFS_BEHAVIOUR_DATASET/normal/20260606_140712.wav,normal,agitation
/media/feliciano/Aux/AI_AFS_DATASET/AFS_BEHAVIOUR_DATASET/normal/20260606_140714.wav,normal,agitation
/media/feliciano/Aux/AI_AFS_DATASET/AFS_BEHAVIOUR_DATASET/normal/20260606_140716.wav,normal,agitation
/media/feliciano/Aux/AI_AFS_DATASET/AFS_BEHAVIOUR_DATASET/normal/20260606_140718.wav,normal,normal
/media/feliciano/Aux/AI_AFS_DATASET/AFS_BEHAVIOUR_DATASET/normal/20260606_140720.wav,normal,normal
/media/feliciano/Aux/AI_AFS_DATASET/AFS_BEHAVIOUR_DATASET/normal/20260606_140722.wav,normal,agitation
/media/feliciano/Aux/AI_AFS_DATASET/AFS_BEHAVIOUR_DATASET/normal/20260606_140724.wav,normal,agitation
/media/feliciano/Aux/AI_AFS_DATASET/AFS_BEHAVIOUR_DATASET/normal/20260606_140726.wav,normal,agitation
/media/feliciano/Aux/AI_AFS_DATASET/AFS_BEHAVIOUR_DATASET/normal/20260606_140728.wav,normal,normal
/media/feliciano/Aux/AI_AFS_DATASET/AFS_BEHAVIOUR_DATASET/normal/20260606_140730.wav,normal,normal
/media/feliciano/Aux/AI_AFS_DATASET/AFS_BEHAVIOUR_DATASET/normal/20260606_140732.wav,normal,normal
/media/feliciano/Aux/AI_AFS_DATASET/AFS_BEHAVIOUR_DATASET/normal/20260606_140734.wav,normal,normal
/media/feliciano/Aux/AI_AFS_DATASET/AFS_BEHAVIOUR_DATASET/normal/20260606_140736.wav,normal,normal
/media/feliciano/Aux/AI_AFS_DATASET/AFS_BEHAVIOUR_DATASET/normal/20260606_140738.wav,normal,normal
/media/feliciano/Aux/AI_AFS_DATASET/AFS_BEHAVIOUR_DATASET/normal/20260606_140740.wav,normal,normal
/media/feliciano/Aux/AI_AFS_DATASET/AFS_BEHAVIOUR_DATASET/normal/20260606_140742.wav,normal,normal
/media/feliciano/Aux/AI_AFS_DATASET/AFS_BEHAVIOUR_DATASET/normal/20260606_140744.wav,normal,normal
/media/feliciano/Aux/AI_AFS_DATASET/AFS_BEHAVIOUR_DATASET/normal/20260606_140746.wav,normal,normal
/media/feliciano/Aux/AI_AFS_DATASET/AFS_BEHAVIOUR_DATASET/normal/20260606_140748.wav,normal,normal
/media/feliciano/Aux/AI_AFS_DATASET/AFS_BEHAVIOUR_DATASET/normal/20260606_140750.wav,normal,normal
/media/feliciano/Aux/AI_AFS_DATASET/AFS_BEHAVIOUR_DATASET/normal/20260606_140752.wav,normal,normal
/media/feliciano/Aux/AI_AFS_DATASET/AFS_BEHAVIOUR_DATASET/normal/20260606_140754.wav,normal,normal
/media/feliciano/Aux/AI_AFS_DATASET/AFS_BEHAVIOUR_DATASET/normal/20260606_140756.wav,normal,normal
/media/feliciano/Aux/AI_AFS_DATASET/AFS_BEHAVIOUR_DATASET/normal/20260606_140758.wav,normal,normal
/media/feliciano/Aux/AI_AFS_DATASET/AFS_BEHAVIOUR_DATASET/normal/20260621_105900.wav,normal,normal
/media/feliciano/Aux/AI_AFS_DATASET/AFS_BEHAVIOUR_DATASET/normal/20260621_105902.wav,normal,normal
/media/feliciano/Aux/AI_AFS_DATASET/AFS_BEHAVIOUR_DATASET/normal/20260621_105904.wav,normal,normal
/media/feliciano/Aux/AI_AFS_DATASET/AFS_BEHAVIOUR_DATASET/normal/20260621_105906.wav,normal,normal
/media/feliciano/Aux/AI_AFS_DATASET/AFS_BEHAVIOUR_DATASET/normal/20260621_105908.wav,normal,normal
/media/feliciano/Aux/AI_AFS_DATASET/AFS_BEHAVIOUR_DATASET/normal/20260621_105910.wav,normal,normal
/media/feliciano/Aux/AI_AFS_DATASET/AFS_BEHAVIOUR_DATASET/normal/20260621_105912.wav,normal,normal
/media/feliciano/Aux/AI_AFS_DATASET/AFS_BEHAVIOUR_DATASET/normal/20260621_105914.wav,normal,normal
/media/feliciano/Aux/AI_AFS_DATASET/AFS_BEHAVIOUR_DATASET/normal/20260621_105916.wav,normal,normal
/media/feliciano/Aux/AI_AFS_DATASET/AFS_BEHAVIOUR_DATASET/normal/20260621_105918.wav,normal,normal
/media/feliciano/Aux/AI_AFS_DATASET/AFS_BEHAVIOUR_DATASET/normal/20260621_105920.wav,normal,normal
/media/feliciano/Aux/AI_AFS_DATASET/AFS_BEHAVIOUR_DATASET/normal/20260621_105922.wav,normal,normal
/media/feliciano/Aux/AI_AFS_DATASET/AFS_BEHAVIOUR_DATASET/normal/20260621_105924.wav,normal,normal
/media/feliciano/Aux/AI_AFS_DATASET/AFS_BEHAVIOUR_DATASET/normal/20260621_105926.wav,normal,normal
/media/feliciano/Aux/AI_AFS_DATASET/AFS_BEHAVIOUR_DATASET/normal/20260621_105928.wav,normal,normal
/media/feliciano/Aux/AI_AFS_DATASET/AFS_BEHAVIOUR_DATASET/normal/20260621_105930.wav,normal,normal
/media/feliciano/Aux/AI_AFS_DATASET/AFS_BEHAVIOUR_DATASET/normal/20260621_105932.wav,normal,normal
/media/feliciano/Aux/AI_AFS_DATASET/AFS_BEHAVIOUR_DATASET/normal/20260621_105934.wav,normal,normal
/media/feliciano/Aux/AI_AFS_DATASET/AFS_BEHAVIOUR_DATASET/normal/20260621_105936.wav,normal,normal
/media/feliciano/Aux/AI_AFS_DATASET/AFS_BEHAVIOUR_DATASET/normal/20260621_105938.wav,normal,normal
/media/feliciano/Aux/AI_AFS_DATASET/AFS_BEHAVIOUR_DATASET/normal/20260621_105940.wav,normal,normal
/media/feliciano/Aux/AI_AFS_DATASET/AFS_BEHAVIOUR_DATASET/normal/20260621_105942.wav,normal,normal
/media/feliciano/Aux/AI_AFS_DATASET/AFS_BEHAVIOUR_DATASET/normal/20260621_105944.wav,normal,normal
/media/feliciano/Aux/AI_AFS_DATASET/AFS_BEHAVIOUR_DATASET/normal/20260621_105946.wav,normal,normal
/media/feliciano/Aux/AI_AFS_DATASET/AFS_BEHAVIOUR_DATASET/normal/20260621_105948.wav,normal,normal
/media/feliciano/Aux/AI_AFS_DATASET/AFS_BEHAVIOUR_DATASET/normal/20260621_105950.wav,normal,normal
/media/feliciano/Aux/AI_AFS_DATASET/AFS_BEHAVIOUR_DATASET/normal/20260621_105952.wav,normal,normal
/media/feliciano/Aux/AI_AFS_DATASET/AFS_BEHAVIOUR_DATASET/normal/20260621_105954.wav,normal,normal
/media/feliciano/Aux/AI_AFS_DATASET/AFS_BEHAVIOUR_DATASET/normal/20260621_105956.wav,normal,normal
/media/feliciano/Aux/AI_AFS_DATASET/AFS_BEHAVIOUR_DATASET/normal/20260621_105958.wav,normal,normal
/media/feliciano/Aux/AI_AFS_DATASET/AFS_BEHAVIOUR_DATASET/clustering/20260509_115600.wav,clustering,normal
/media/feliciano/Aux/AI_AFS_DATASET/AFS_BEHAVIOUR_DATASET/clustering/20260509_115602.wav,clustering,normal
/media/feliciano/Aux/AI_AFS_DATASET/AFS_BEHAVIOUR_DATASET/clustering/20260509_115604.wav,clustering,normal
/media/feliciano/Aux/AI_AFS_DATASET/AFS_BEHAVIOUR_DATASET/clustering/20260509_115606.wav,clustering,clustering
/media/feliciano/Aux/AI_AFS_DATASET/AFS_BEHAVIOUR_DATASET/clustering/20260509_115608.wav,clustering,normal
/media/feliciano/Aux/AI_AFS_DATASET/AFS_BEHAVIOUR_DATASET/clustering/20260509_115610.wav,clustering,normal
/media/feliciano/Aux/AI_AFS_DATASET/AFS_BEHAVIOUR_DATASET/clustering/20260509_115612.wav,clustering,normal
/media/feliciano/Aux/AI_AFS_DATASET/AFS_BEHAVIOUR_DATASET/clustering/20260509_115614.wav,clustering,normal
/media/feliciano/Aux/AI_AFS_DATASET/AFS_BEHAVIOUR_DATASET/clustering/20260509_115616.wav,clustering,normal
/media/feliciano/Aux/AI_AFS_DATASET/AFS_BEHAVIOUR_DATASET/clustering/20260509_115618.wav,clustering,normal
/media/feliciano/Aux/AI_AFS_DATASET/AFS_BEHAVIOUR_DATASET/clustering/20260509_115620.wav,clustering,normal
/media/feliciano/Aux/AI_AFS_DATASET/AFS_BEHAVIOUR_DATASET/clustering/20260509_115622.wav,clustering,clustering
/media/feliciano/Aux/AI_AFS_DATASET/AFS_BEHAVIOUR_DATASET/clustering/20260509_115624.wav,clustering,normal
/media/feliciano/Aux/AI_AFS_DATASET/AFS_BEHAVIOUR_DATASET/clustering/20260509_115626.wav,clustering,normal
/media/feliciano/Aux/AI_AFS_DATASET/AFS_BEHAVIOUR_DATASET/clustering/20260509_115628.wav,clustering,normal
/media/feliciano/Aux/AI_AFS_DATASET/AFS_BEHAVIOUR_DATASET/clustering/20260509_115630.wav,clustering,normal
/media/feliciano/Aux/AI_AFS_DATASET/AFS_BEHAVIOUR_DATASET/clustering/20260509_115632.wav,clustering,normal
/media/feliciano/Aux/AI_AFS_DATASET/AFS_BEHAVIOUR_DATASET/clustering/20260509_115634.wav,clustering,normal
/media/feliciano/Aux/AI_AFS_DATASET/AFS_BEHAVIOUR_DATASET/clustering/20260509_115636.wav,clustering,normal
/media/feliciano/Aux/AI_AFS_DATASET/AFS_BEHAVIOUR_DATASET/clustering/20260509_115638.wav,clustering,normal
/media/feliciano/Aux/AI_AFS_DATASET/AFS_BEHAVIOUR_DATASET/clustering/20260509_115640.wav,clustering,normal
/media/feliciano/Aux/AI_AFS_DATASET/AFS_BEHAVIOUR_DATASET/clustering/20260509_115642.wav,clustering,normal
/media/feliciano/Aux/AI_AFS_DATASET/AFS_BEHAVIOUR_DATASET/clustering/20260509_115644.wav,clustering,normal
/media/feliciano/Aux/AI_AFS_DATASET/AFS_BEHAVIOUR_DATASET/clustering/20260509_115646.wav,clustering,normal
/media/feliciano/Aux/AI_AFS_DATASET/AFS_BEHAVIOUR_DATASET/clustering/20260509_115648.wav,clustering,normal
/media/feliciano/Aux/AI_AFS_DATASET/AFS_BEHAVIOUR_DATASET/clustering/20260509_115650.wav,clustering,normal
/media/feliciano/Aux/AI_AFS_DATASET/AFS_BEHAVIOUR_DATASET/clustering/20260509_115652.wav,clustering,normal
/media/feliciano/Aux/AI_AFS_DATASET/AFS_BEHAVIOUR_DATASET/clustering/20260509_115654.wav,clustering,normal
/media/feliciano/Aux/AI_AFS_DATASET/AFS_BEHAVIOUR_DATASET/clustering/20260509_115656.wav,clustering,normal
/media/feliciano/Aux/AI_AFS_DATASET/AFS_BEHAVIOUR_DATASET/clustering/20260509_115658.wav,clustering,normal
/media/feliciano/Aux/AI_AFS_DATASET/AFS_BEHAVIOUR_DATASET/clustering/20260509_115700.wav,clustering,normal
/media/feliciano/Aux/AI_AFS_DATASET/AFS_BEHAVIOUR_DATASET/clustering/20260509_115702.wav,clustering,normal
/media/feliciano/Aux/AI_AFS_DATASET/AFS_BEHAVIOUR_DATASET/clustering/20260509_115704.wav,clustering,normal
/media/feliciano/Aux/AI_AFS_DATASET/AFS_BEHAVIOUR_DATASET/clustering/20260509_115706.wav,clustering,normal
/media/feliciano/Aux/AI_AFS_DATASET/AFS_BEHAVIOUR_DATASET/clustering/20260509_115708.wav,clustering,normal
/media/feliciano/Aux/AI_AFS_DATASET/AFS_BEHAVIOUR_DATASET/clustering/20260509_115710.wav,clustering,normal
/media/feliciano/Aux/AI_AFS_DATASET/AFS_BEHAVIOUR_DATASET/clustering/20260509_115712.wav,clustering,normal
/media/feliciano/Aux/AI_AFS_DATASET/AFS_BEHAVIOUR_DATASET/clustering/20260509_115714.wav,clustering,normal
/media/feliciano/Aux/AI_AFS_DATASET/AFS_BEHAVIOUR_DATASET/clustering/20260509_115716.wav,clustering,normal
/media/feliciano/Aux/AI_AFS_DATASET/AFS_BEHAVIOUR_DATASET/clustering/20260509_115718.wav,clustering,normal
/media/feliciano/Aux/AI_AFS_DATASET/AFS_BEHAVIOUR_DATASET/clustering/20260509_115720.wav,clustering,normal
/media/feliciano/Aux/AI_AFS_DATASET/AFS_BEHAVIOUR_DATASET/clustering/20260509_115722.wav,clustering,normal
/media/feliciano/Aux/AI_AFS_DATASET/AFS_BEHAVIOUR_DATASET/clustering/20260509_115724.wav,clustering,normal
/media/feliciano/Aux/AI_AFS_DATASET/AFS_BEHAVIOUR_DATASET/clustering/20260509_115726.wav,clustering,normal
/media/feliciano/Aux/AI_AFS_DATASET/AFS_BEHAVIOUR_DATASET/clustering/20260509_115728.wav,clustering,normal
/media/feliciano/Aux/AI_AFS_DATASET/AFS_BEHAVIOUR_DATASET/clustering/20260509_115730.wav,clustering,normal
/media/feliciano/Aux/AI_AFS_DATASET/AFS_BEHAVIOUR_DATASET/clustering/20260509_115732.wav,clustering,normal
/media/feliciano/Aux/AI_AFS_DATASET/AFS_BEHAVIOUR_DATASET/clustering/20260509_115734.wav,clustering,normal
/media/feliciano/Aux/AI_AFS_DATASET/AFS_BEHAVIOUR_DATASET/clustering/20260509_115736.wav,clustering,normal
/media/feliciano/Aux/AI_AFS_DATASET/AFS_BEHAVIOUR_DATASET/clustering/20260509_115738.wav,clustering,normal
/media/feliciano/Aux/AI_AFS_DATASET/AFS_BEHAVIOUR_DATASET/clustering/20260509_115740.wav,clustering,normal
/media/feliciano/Aux/AI_AFS_DATASET/AFS_BEHAVIOUR_DATASET/clustering/20260509_115742.wav,clustering,normal
/media/feliciano/Aux/AI_AFS_DATASET/AFS_BEHAVIOUR_DATASET/clustering/20260509_115744.wav,clustering,clustering
/media/feliciano/Aux/AI_AFS_DATASET/AFS_BEHAVIOUR_DATASET/clustering/20260509_115746.wav,clustering,normal
/media/feliciano/Aux/AI_AFS_DATASET/AFS_BEHAVIOUR_DATASET/clustering/20260509_115748.wav,clustering,normal
/media/feliciano/Aux/AI_AFS_DATASET/AFS_BEHAVIOUR_DATASET/clustering/20260509_115750.wav,clustering,normal
/media/feliciano/Aux/AI_AFS_DATASET/AFS_BEHAVIOUR_DATASET/clustering/20260509_115752.wav,clustering,normal
/media/feliciano/Aux/AI_AFS_DATASET/AFS_BEHAVIOUR_DATASET/clustering/20260509_115754.wav,clustering,normal
/media/feliciano/Aux/AI_AFS_DATASET/AFS_BEHAVIOUR_DATASET/clustering/20260509_115756.wav,clustering,normal
/media/feliciano/Aux/AI_AFS_DATASET/AFS_BEHAVIOUR_DATASET/clustering/20260509_115758.wav,clustering,normal
/media/feliciano/Aux/AI_AFS_DATASET/AFS_BEHAVIOUR_DATASET/clustering/20260529_121100.wav,clustering,agitation
/media/feliciano/Aux/AI_AFS_DATASET/AFS_BEHAVIOUR_DATASET/clustering/20260529_121102.wav,clustering,agitation
/media/feliciano/Aux/AI_AFS_DATASET/AFS_BEHAVIOUR_DATASET/clustering/20260529_121104.wav,clustering,agitation
/media/feliciano/Aux/AI_AFS_DATASET/AFS_BEHAVIOUR_DATASET/clustering/20260529_121106.wav,clustering,agitation
/media/feliciano/Aux/AI_AFS_DATASET/AFS_BEHAVIOUR_DATASET/clustering/20260529_121108.wav,clustering,agitation
/media/feliciano/Aux/AI_AFS_DATASET/AFS_BEHAVIOUR_DATASET/clustering/20260529_121110.wav,clustering,agitation
/media/feliciano/Aux/AI_AFS_DATASET/AFS_BEHAVIOUR_DATASET/clustering/20260529_121112.wav,clustering,agitation
/media/feliciano/Aux/AI_AFS_DATASET/AFS_BEHAVIOUR_DATASET/clustering/20260529_121114.wav,clustering,agitation
/media/feliciano/Aux/AI_AFS_DATASET/AFS_BEHAVIOUR_DATASET/clustering/20260529_121116.wav,clustering,agitation
/media/feliciano/Aux/AI_AFS_DATASET/AFS_BEHAVIOUR_DATASET/clustering/20260529_121118.wav,clustering,agitation
/media/feliciano/Aux/AI_AFS_DATASET/AFS_BEHAVIOUR_DATASET/clustering/20260529_121120.wav,clustering,agitation
/media/feliciano/Aux/AI_AFS_DATASET/AFS_BEHAVIOUR_DATASET/clustering/20260529_121122.wav,clustering,agitation
/media/feliciano/Aux/AI_AFS_DATASET/AFS_BEHAVIOUR_DATASET/clustering/20260529_121124.wav,clustering,agitation
/media/feliciano/Aux/AI_AFS_DATASET/AFS_BEHAVIOUR_DATASET/clustering/20260529_121126.wav,clustering,agitation
/media/feliciano/Aux/AI_AFS_DATASET/AFS_BEHAVIOUR_DATASET/clustering/20260529_121128.wav,clustering,agitation
/media/feliciano/Aux/AI_AFS_DATASET/AFS_BEHAVIOUR_DATASET/clustering/20260529_121130.wav,clustering,clustering
/media/feliciano/Aux/AI_AFS_DATASET/AFS_BEHAVIOUR_DATASET/clustering/20260529_121132.wav,clustering,agitation
/media/feliciano/Aux/AI_AFS_DATASET/AFS_BEHAVIOUR_DATASET/clustering/20260529_121134.wav,clustering,agitation
/media/feliciano/Aux/AI_AFS_DATASET/AFS_BEHAVIOUR_DATASET/clustering/20260529_121136.wav,clustering,agitation
/media/feliciano/Aux/AI_AFS_DATASET/AFS_BEHAVIOUR_DATASET/clustering/20260529_121138.wav,clustering,agitation
/media/feliciano/Aux/AI_AFS_DATASET/AFS_BEHAVIOUR_DATASET/clustering/20260529_121140.wav,clustering,agitation
/media/feliciano/Aux/AI_AFS_DATASET/AFS_BEHAVIOUR_DATASET/clustering/20260529_121142.wav,clustering,agitation
/media/feliciano/Aux/AI_AFS_DATASET/AFS_BEHAVIOUR_DATASET/clustering/20260529_121144.wav,clustering,agitation
/media/feliciano/Aux/AI_AFS_DATASET/AFS_BEHAVIOUR_DATASET/clustering/20260529_121146.wav,clustering,agitation
/media/feliciano/Aux/AI_AFS_DATASET/AFS_BEHAVIOUR_DATASET/clustering/20260529_121148.wav,clustering,agitation
/media/feliciano/Aux/AI_AFS_DATASET/AFS_BEHAVIOUR_DATASET/clustering/20260529_121150.wav,clustering,agitation
/media/feliciano/Aux/AI_AFS_DATASET/AFS_BEHAVIOUR_DATASET/clustering/20260529_121152.wav,clustering,agitation
/media/feliciano/Aux/AI_AFS_DATASET/AFS_BEHAVIOUR_DATASET/clustering/20260529_121154.wav,clustering,agitation
/media/feliciano/Aux/AI_AFS_DATASET/AFS_BEHAVIOUR_DATASET/clustering/20260529_121156.wav,clustering,agitation
/media/feliciano/Aux/AI_AFS_DATASET/AFS_BEHAVIOUR_DATASET/clustering/20260529_121158.wav,clustering,agitation
/media/feliciano/Aux/AI_AFS_DATASET/AFS_BEHAVIOUR_DATASET/clustering/20260529_121200.wav,clustering,agitation
/media/feliciano/Aux/AI_AFS_DATASET/AFS_BEHAVIOUR_DATASET/clustering/20260529_121202.wav,clustering,agitation
/media/feliciano/Aux/AI_AFS_DATASET/AFS_BEHAVIOUR_DATASET/clustering/20260529_121204.wav,clustering,agitation
/media/feliciano/Aux/AI_AFS_DATASET/AFS_BEHAVIOUR_DATASET/clustering/20260529_121206.wav,clustering,agitation
/media/feliciano/Aux/AI_AFS_DATASET/AFS_BEHAVIOUR_DATASET/clustering/20260529_121208.wav,clustering,agitation
/media/feliciano/Aux/AI_AFS_DATASET/AFS_BEHAVIOUR_DATASET/clustering/20260529_121210.wav,clustering,agitation
/media/feliciano/Aux/AI_AFS_DATASET/AFS_BEHAVIOUR_DATASET/clustering/20260529_121212.wav,clustering,agitation
/media/feliciano/Aux/AI_AFS_DATASET/AFS_BEHAVIOUR_DATASET/clustering/20260529_121214.wav,clustering,agitation
/media/feliciano/Aux/AI_AFS_DATASET/AFS_BEHAVIOUR_DATASET/clustering/20260529_121216.wav,clustering,agitation
/media/feliciano/Aux/AI_AFS_DATASET/AFS_BEHAVIOUR_DATASET/clustering/20260529_121218.wav,clustering,agitation
/media/feliciano/Aux/AI_AFS_DATASET/AFS_BEHAVIOUR_DATASET/clustering/20260529_121220.wav,clustering,agitation
/media/feliciano/Aux/AI_AFS_DATASET/AFS_BEHAVIOUR_DATASET/clustering/20260529_121222.wav,clustering,agitation
/media/feliciano/Aux/AI_AFS_DATASET/AFS_BEHAVIOUR_DATASET/clustering/20260529_121224.wav,clustering,agitation
/media/feliciano/Aux/AI_AFS_DATASET/AFS_BEHAVIOUR_DATASET/clustering/20260529_121226.wav,clustering,agitation
/media/feliciano/Aux/AI_AFS_DATASET/AFS_BEHAVIOUR_DATASET/clustering/20260529_121228.wav,clustering,agitation
/media/feliciano/Aux/AI_AFS_DATASET/AFS_BEHAVIOUR_DATASET/clustering/20260529_121230.wav,clustering,agitation
/media/feliciano/Aux/AI_AFS_DATASET/AFS_BEHAVIOUR_DATASET/clustering/20260529_121232.wav,clustering,agitation
/media/feliciano/Aux/AI_AFS_DATASET/AFS_BEHAVIOUR_DATASET/clustering/20260529_121234.wav,clustering,agitation
/media/feliciano/Aux/AI_AFS_DATASET/AFS_BEHAVIOUR_DATASET/clustering/20260529_121236.wav,clustering,agitation
/media/feliciano/Aux/AI_AFS_DATASET/AFS_BEHAVIOUR_DATASET/clustering/20260529_121238.wav,clustering,agitation
/media/feliciano/Aux/AI_AFS_DATASET/AFS_BEHAVIOUR_DATASET/clustering/20260529_121240.wav,clustering,agitation
/media/feliciano/Aux/AI_AFS_DATASET/AFS_BEHAVIOUR_DATASET/clustering/20260529_121242.wav,clustering,agitation
/media/feliciano/Aux/AI_AFS_DATASET/AFS_BEHAVIOUR_DATASET/clustering/20260529_121244.wav,clustering,agitation
/media/feliciano/Aux/AI_AFS_DATASET/AFS_BEHAVIOUR_DATASET/clustering/20260529_121246.wav,clustering,agitation
/media/feliciano/Aux/AI_AFS_DATASET/AFS_BEHAVIOUR_DATASET/clustering/20260529_121248.wav,clustering,agitation
/media/feliciano/Aux/AI_AFS_DATASET/AFS_BEHAVIOUR_DATASET/clustering/20260529_121250.wav,clustering,agitation
/media/feliciano/Aux/AI_AFS_DATASET/AFS_BEHAVIOUR_DATASET/clustering/20260529_121252.wav,clustering,agitation
/media/feliciano/Aux/AI_AFS_DATASET/AFS_BEHAVIOUR_DATASET/clustering/20260529_121254.wav,clustering,agitation
/media/feliciano/Aux/AI_AFS_DATASET/AFS_BEHAVIOUR_DATASET/clustering/20260529_121256.wav,clustering,agitation
/media/feliciano/Aux/AI_AFS_DATASET/AFS_BEHAVIOUR_DATASET/clustering/20260529_121258.wav,clustering,agitation
/media/feliciano/Aux/AI_AFS_DATASET/AFS_BEHAVIOUR_DATASET/clustering/20260529_132200.wav,clustering,normal
/media/feliciano/Aux/AI_AFS_DATASET/AFS_BEHAVIOUR_DATASET/clustering/20260529_132202.wav,clustering,normal
/media/feliciano/Aux/AI_AFS_DATASET/AFS_BEHAVIOUR_DATASET/clustering/20260529_132204.wav,clustering,normal
/media/feliciano/Aux/AI_AFS_DATASET/AFS_BEHAVIOUR_DATASET/clustering/20260529_132206.wav,clustering,normal
/media/feliciano/Aux/AI_AFS_DATASET/AFS_BEHAVIOUR_DATASET/clustering/20260529_132208.wav,clustering,normal
/media/feliciano/Aux/AI_AFS_DATASET/AFS_BEHAVIOUR_DATASET/clustering/20260529_132210.wav,clustering,normal
/media/feliciano/Aux/AI_AFS_DATASET/AFS_BEHAVIOUR_DATASET/clustering/20260529_132212.wav,clustering,normal
/media/feliciano/Aux/AI_AFS_DATASET/AFS_BEHAVIOUR_DATASET/clustering/20260529_132214.wav,clustering,normal
/media/feliciano/Aux/AI_AFS_DATASET/AFS_BEHAVIOUR_DATASET/clustering/20260529_132216.wav,clustering,normal
/media/feliciano/Aux/AI_AFS_DATASET/AFS_BEHAVIOUR_DATASET/clustering/20260529_132218.wav,clustering,normal
/media/feliciano/Aux/AI_AFS_DATASET/AFS_BEHAVIOUR_DATASET/clustering/20260529_132220.wav,clustering,normal
/media/feliciano/Aux/AI_AFS_DATASET/AFS_BEHAVIOUR_DATASET/clustering/20260529_132222.wav,clustering,normal
/media/feliciano/Aux/AI_AFS_DATASET/AFS_BEHAVIOUR_DATASET/clustering/20260529_132224.wav,clustering,normal
/media/feliciano/Aux/AI_AFS_DATASET/AFS_BEHAVIOUR_DATASET/clustering/20260529_132226.wav,clustering,normal
/media/feliciano/Aux/AI_AFS_DATASET/AFS_BEHAVIOUR_DATASET/clustering/20260529_132228.wav,clustering,normal
/media/feliciano/Aux/AI_AFS_DATASET/AFS_BEHAVIOUR_DATASET/clustering/20260529_132230.wav,clustering,normal
/media/feliciano/Aux/AI_AFS_DATASET/AFS_BEHAVIOUR_DATASET/clustering/20260529_132232.wav,clustering,normal
/media/feliciano/Aux/AI_AFS_DATASET/AFS_BEHAVIOUR_DATASET/clustering/20260529_132234.wav,clustering,normal
/media/feliciano/Aux/AI_AFS_DATASET/AFS_BEHAVIOUR_DATASET/clustering/20260529_132236.wav,clustering,normal
/media/feliciano/Aux/AI_AFS_DATASET/AFS_BEHAVIOUR_DATASET/clustering/20260529_132238.wav,clustering,normal
/media/feliciano/Aux/AI_AFS_DATASET/AFS_BEHAVIOUR_DATASET/clustering/20260529_132240.wav,clustering,normal
/media/feliciano/Aux/AI_AFS_DATASET/AFS_BEHAVIOUR_DATASET/clustering/20260529_132242.wav,clustering,normal
/media/feliciano/Aux/AI_AFS_DATASET/AFS_BEHAVIOUR_DATASET/clustering/20260529_132244.wav,clustering,normal
/media/feliciano/Aux/AI_AFS_DATASET/AFS_BEHAVIOUR_DATASET/clustering/20260529_132246.wav,clustering,normal
/media/feliciano/Aux/AI_AFS_DATASET/AFS_BEHAVIOUR_DATASET/clustering/20260529_132248.wav,clustering,normal
/media/feliciano/Aux/AI_AFS_DATASET/AFS_BEHAVIOUR_DATASET/clustering/20260529_132250.wav,clustering,normal
/media/feliciano/Aux/AI_AFS_DATASET/AFS_BEHAVIOUR_DATASET/clustering/20260529_132252.wav,clustering,normal
/media/feliciano/Aux/AI_AFS_DATASET/AFS_BEHAVIOUR_DATASET/clustering/20260529_132254.wav,clustering,normal
/media/feliciano/Aux/AI_AFS_DATASET/AFS_BEHAVIOUR_DATASET/clustering/20260529_132256.wav,clustering,normal
/media/feliciano/Aux/AI_AFS_DATASET/AFS_BEHAVIOUR_DATASET/clustering/20260529_132258.wav,clustering,normal
/media/feliciano/Aux/AI_AFS_DATASET/AFS_BEHAVIOUR_DATASET/clustering/20260529_132300.wav,clustering,normal
/media/feliciano/Aux/AI_AFS_DATASET/AFS_BEHAVIOUR_DATASET/clustering/20260529_132302.wav,clustering,normal
/media/feliciano/Aux/AI_AFS_DATASET/AFS_BEHAVIOUR_DATASET/clustering/20260529_132304.wav,clustering,normal
/media/feliciano/Aux/AI_AFS_DATASET/AFS_BEHAVIOUR_DATASET/clustering/20260529_132306.wav,clustering,normal
/media/feliciano/Aux/AI_AFS_DATASET/AFS_BEHAVIOUR_DATASET/clustering/20260529_132308.wav,clustering,normal
/media/feliciano/Aux/AI_AFS_DATASET/AFS_BEHAVIOUR_DATASET/clustering/20260529_132310.wav,clustering,normal
/media/feliciano/Aux/AI_AFS_DATASET/AFS_BEHAVIOUR_DATASET/clustering/20260529_132312.wav,clustering,normal
/media/feliciano/Aux/AI_AFS_DATASET/AFS_BEHAVIOUR_DATASET/clustering/20260529_132314.wav,clustering,normal
/media/feliciano/Aux/AI_AFS_DATASET/AFS_BEHAVIOUR_DATASET/clustering/20260529_132316.wav,clustering,normal
/media/feliciano/Aux/AI_AFS_DATASET/AFS_BEHAVIOUR_DATASET/clustering/20260529_132318.wav,clustering,normal
/media/feliciano/Aux/AI_AFS_DATASET/AFS_BEHAVIOUR_DATASET/clustering/20260529_132320.wav,clustering,normal
/media/feliciano/Aux/AI_AFS_DATASET/AFS_BEHAVIOUR_DATASET/clustering/20260529_132322.wav,clustering,normal
/media/feliciano/Aux/AI_AFS_DATASET/AFS_BEHAVIOUR_DATASET/clustering/20260529_132324.wav,clustering,normal
/media/feliciano/Aux/AI_AFS_DATASET/AFS_BEHAVIOUR_DATASET/clustering/20260529_132326.wav,clustering,normal
/media/feliciano/Aux/AI_AFS_DATASET/AFS_BEHAVIOUR_DATASET/clustering/20260529_132328.wav,clustering,normal
/media/feliciano/Aux/AI_AFS_DATASET/AFS_BEHAVIOUR_DATASET/clustering/20260529_132330.wav,clustering,normal
/media/feliciano/Aux/AI_AFS_DATASET/AFS_BEHAVIOUR_DATASET/clustering/20260529_132332.wav,clustering,normal
/media/feliciano/Aux/AI_AFS_DATASET/AFS_BEHAVIOUR_DATASET/clustering/20260529_132334.wav,clustering,normal
/media/feliciano/Aux/AI_AFS_DATASET/AFS_BEHAVIOUR_DATASET/clustering/20260529_132336.wav,clustering,normal
/media/feliciano/Aux/AI_AFS_DATASET/AFS_BEHAVIOUR_DATASET/clustering/20260529_132338.wav,clustering,normal
/media/feliciano/Aux/AI_AFS_DATASET/AFS_BEHAVIOUR_DATASET/clustering/20260529_132340.wav,clustering,normal
/media/feliciano/Aux/AI_AFS_DATASET/AFS_BEHAVIOUR_DATASET/clustering/20260529_132342.wav,clustering,normal
/media/feliciano/Aux/AI_AFS_DATASET/AFS_BEHAVIOUR_DATASET/clustering/20260529_132344.wav,clustering,normal
/media/feliciano/Aux/AI_AFS_DATASET/AFS_BEHAVIOUR_DATASET/clustering/20260529_132346.wav,clustering,normal
/media/feliciano/Aux/AI_AFS_DATASET/AFS_BEHAVIOUR_DATASET/clustering/20260529_132348.wav,clustering,normal
/media/feliciano/Aux/AI_AFS_DATASET/AFS_BEHAVIOUR_DATASET/clustering/20260529_132350.wav,clustering,normal
/media/feliciano/Aux/AI_AFS_DATASET/AFS_BEHAVIOUR_DATASET/clustering/20260529_132352.wav,clustering,normal
/media/feliciano/Aux/AI_AFS_DATASET/AFS_BEHAVIOUR_DATASET/clustering/20260529_132354.wav,clustering,normal
/media/feliciano/Aux/AI_AFS_DATASET/AFS_BEHAVIOUR_DATASET/clustering/20260529_132356.wav,clustering,normal
/media/feliciano/Aux/AI_AFS_DATASET/AFS_BEHAVIOUR_DATASET/clustering/20260529_132358.wav,clustering,normal
/media/feliciano/Aux/AI_AFS_DATASET/AFS_BEHAVIOUR_DATASET/clustering/20260606_091000.wav,clustering,clustering
/media/feliciano/Aux/AI_AFS_DATASET/AFS_BEHAVIOUR_DATASET/clustering/20260606_091002.wav,clustering,clustering
/media/feliciano/Aux/AI_AFS_DATASET/AFS_BEHAVIOUR_DATASET/clustering/20260606_091004.wav,clustering,clustering
/media/feliciano/Aux/AI_AFS_DATASET/AFS_BEHAVIOUR_DATASET/clustering/20260606_091006.wav,clustering,clustering
/media/feliciano/Aux/AI_AFS_DATASET/AFS_BEHAVIOUR_DATASET/clustering/20260606_091008.wav,clustering,clustering
/media/feliciano/Aux/AI_AFS_DATASET/AFS_BEHAVIOUR_DATASET/clustering/20260606_091010.wav,clustering,clustering
/media/feliciano/Aux/AI_AFS_DATASET/AFS_BEHAVIOUR_DATASET/clustering/20260606_091012.wav,clustering,clustering
/media/feliciano/Aux/AI_AFS_DATASET/AFS_BEHAVIOUR_DATASET/clustering/20260606_091014.wav,clustering,clustering
/media/feliciano/Aux/AI_AFS_DATASET/AFS_BEHAVIOUR_DATASET/clustering/20260606_091016.wav,clustering,clustering
/media/feliciano/Aux/AI_AFS_DATASET/AFS_BEHAVIOUR_DATASET/clustering/20260606_091018.wav,clustering,clustering
/media/feliciano/Aux/AI_AFS_DATASET/AFS_BEHAVIOUR_DATASET/clustering/20260606_091020.wav,clustering,clustering
/media/feliciano/Aux/AI_AFS_DATASET/AFS_BEHAVIOUR_DATASET/clustering/20260606_091022.wav,clustering,clustering
/media/feliciano/Aux/AI_AFS_DATASET/AFS_BEHAVIOUR_DATASET/clustering/20260606_091024.wav,clustering,clustering
/media/feliciano/Aux/AI_AFS_DATASET/AFS_BEHAVIOUR_DATASET/clustering/20260606_091026.wav,clustering,clustering
/media/feliciano/Aux/AI_AFS_DATASET/AFS_BEHAVIOUR_DATASET/clustering/20260606_091028.wav,clustering,clustering
/media/feliciano/Aux/AI_AFS_DATASET/AFS_BEHAVIOUR_DATASET/clustering/20260606_091030.wav,clustering,clustering
/media/feliciano/Aux/AI_AFS_DATASET/AFS_BEHAVIOUR_DATASET/clustering/20260606_091032.wav,clustering,clustering
/media/feliciano/Aux/AI_AFS_DATASET/AFS_BEHAVIOUR_DATASET/clustering/20260606_091034.wav,clustering,clustering
/media/feliciano/Aux/AI_AFS_DATASET/AFS_BEHAVIOUR_DATASET/clustering/20260606_091036.wav,clustering,clustering
/media/feliciano/Aux/AI_AFS_DATASET/AFS_BEHAVIOUR_DATASET/clustering/20260606_091038.wav,clustering,clustering
/media/feliciano/Aux/AI_AFS_DATASET/AFS_BEHAVIOUR_DATASET/clustering/20260606_091040.wav,clustering,clustering
/media/feliciano/Aux/AI_AFS_DATASET/AFS_BEHAVIOUR_DATASET/clustering/20260606_091042.wav,clustering,clustering
/media/feliciano/Aux/AI_AFS_DATASET/AFS_BEHAVIOUR_DATASET/clustering/20260606_091044.wav,clustering,clustering
/media/feliciano/Aux/AI_AFS_DATASET/AFS_BEHAVIOUR_DATASET/clustering/20260606_091046.wav,clustering,clustering
/media/feliciano/Aux/AI_AFS_DATASET/AFS_BEHAVIOUR_DATASET/clustering/20260606_091048.wav,clustering,clustering
/media/feliciano/Aux/AI_AFS_DATASET/AFS_BEHAVIOUR_DATASET/clustering/20260606_091050.wav,clustering,clustering
/media/feliciano/Aux/AI_AFS_DATASET/AFS_BEHAVIOUR_DATASET/clustering/20260606_091052.wav,clustering,clustering
/media/feliciano/Aux/AI_AFS_DATASET/AFS_BEHAVIOUR_DATASET/clustering/20260606_091054.wav,clustering,clustering
/media/feliciano/Aux/AI_AFS_DATASET/AFS_BEHAVIOUR_DATASET/clustering/20260606_091056.wav,clustering,clustering
/media/feliciano/Aux/AI_AFS_DATASET/AFS_BEHAVIOUR_DATASET/clustering/20260606_091058.wav,clustering,clustering
/media/feliciano/Aux/AI_AFS_DATASET/AFS_BEHAVIOUR_DATASET/clustering/20260606_091100.wav,clustering,clustering
/media/feliciano/Aux/AI_AFS_DATASET/AFS_BEHAVIOUR_DATASET/clustering/20260606_091102.wav,clustering,clustering
/media/feliciano/Aux/AI_AFS_DATASET/AFS_BEHAVIOUR_DATASET/clustering/20260606_091104.wav,clustering,clustering
/media/feliciano/Aux/AI_AFS_DATASET/AFS_BEHAVIOUR_DATASET/clustering/20260606_091106.wav,clustering,clustering
/media/feliciano/Aux/AI_AFS_DATASET/AFS_BEHAVIOUR_DATASET/clustering/20260606_091108.wav,clustering,clustering
/media/feliciano/Aux/AI_AFS_DATASET/AFS_BEHAVIOUR_DATASET/clustering/20260606_091110.wav,clustering,clustering
/media/feliciano/Aux/AI_AFS_DATASET/AFS_BEHAVIOUR_DATASET/clustering/20260606_091112.wav,clustering,clustering
/media/feliciano/Aux/AI_AFS_DATASET/AFS_BEHAVIOUR_DATASET/clustering/20260606_091114.wav,clustering,clustering
/media/feliciano/Aux/AI_AFS_DATASET/AFS_BEHAVIOUR_DATASET/clustering/20260606_091116.wav,clustering,clustering
/media/feliciano/Aux/AI_AFS_DATASET/AFS_BEHAVIOUR_DATASET/clustering/20260606_091118.wav,clustering,clustering
/media/feliciano/Aux/AI_AFS_DATASET/AFS_BEHAVIOUR_DATASET/clustering/20260606_091120.wav,clustering,clustering
/media/feliciano/Aux/AI_AFS_DATASET/AFS_BEHAVIOUR_DATASET/clustering/20260606_091122.wav,clustering,clustering
/media/feliciano/Aux/AI_AFS_DATASET/AFS_BEHAVIOUR_DATASET/clustering/20260606_091124.wav,clustering,clustering
/media/feliciano/Aux/AI_AFS_DATASET/AFS_BEHAVIOUR_DATASET/clustering/20260606_091126.wav,clustering,clustering
/media/feliciano/Aux/AI_AFS_DATASET/AFS_BEHAVIOUR_DATASET/clustering/20260606_091128.wav,clustering,clustering
/media/feliciano/Aux/AI_AFS_DATASET/AFS_BEHAVIOUR_DATASET/clustering/20260606_091130.wav,clustering,clustering
/media/feliciano/Aux/AI_AFS_DATASET/AFS_BEHAVIOUR_DATASET/clustering/20260606_091132.wav,clustering,clustering
/media/feliciano/Aux/AI_AFS_DATASET/AFS_BEHAVIOUR_DATASET/clustering/20260606_091134.wav,clustering,clustering
/media/feliciano/Aux/AI_AFS_DATASET/AFS_BEHAVIOUR_DATASET/clustering/20260606_091136.wav,clustering,clustering
/media/feliciano/Aux/AI_AFS_DATASET/AFS_BEHAVIOUR_DATASET/clustering/20260606_091138.wav,clustering,clustering
/media/feliciano/Aux/AI_AFS_DATASET/AFS_BEHAVIOUR_DATASET/clustering/20260606_091140.wav,clustering,clustering
/media/feliciano/Aux/AI_AFS_DATASET/AFS_BEHAVIOUR_DATASET/clustering/20260606_091142.wav,clustering,clustering
/media/feliciano/Aux/AI_AFS_DATASET/AFS_BEHAVIOUR_DATASET/clustering/20260606_091144.wav,clustering,clustering
/media/feliciano/Aux/AI_AFS_DATASET/AFS_BEHAVIOUR_DATASET/clustering/20260606_091146.wav,clustering,clustering
/media/feliciano/Aux/AI_AFS_DATASET/AFS_BEHAVIOUR_DATASET/clustering/20260606_091148.wav,clustering,clustering
/media/feliciano/Aux/AI_AFS_DATASET/AFS_BEHAVIOUR_DATASET/clustering/20260606_091150.wav,clustering,clustering
/media/feliciano/Aux/AI_AFS_DATASET/AFS_BEHAVIOUR_DATASET/clustering/20260606_091152.wav,clustering,clustering
/media/feliciano/Aux/AI_AFS_DATASET/AFS_BEHAVIOUR_DATASET/clustering/20260606_091154.wav,clustering,clustering
/media/feliciano/Aux/AI_AFS_DATASET/AFS_BEHAVIOUR_DATASET/clustering/20260606_091156.wav,clustering,clustering
/media/feliciano/Aux/AI_AFS_DATASET/AFS_BEHAVIOUR_DATASET/clustering/20260606_091158.wav,clustering,clustering
/media/feliciano/Aux/AI_AFS_DATASET/AFS_BEHAVIOUR_DATASET/clustering/20260606_091200.wav,clustering,clustering
/media/feliciano/Aux/AI_AFS_DATASET/AFS_BEHAVIOUR_DATASET/clustering/20260606_091202.wav,clustering,clustering
/media/feliciano/Aux/AI_AFS_DATASET/AFS_BEHAVIOUR_DATASET/clustering/20260606_091204.wav,clustering,clustering
/media/feliciano/Aux/AI_AFS_DATASET/AFS_BEHAVIOUR_DATASET/clustering/20260606_091206.wav,clustering,clustering
/media/feliciano/Aux/AI_AFS_DATASET/AFS_BEHAVIOUR_DATASET/clustering/20260606_091208.wav,clustering,clustering
/media/feliciano/Aux/AI_AFS_DATASET/AFS_BEHAVIOUR_DATASET/clustering/20260606_091210.wav,clustering,clustering
/media/feliciano/Aux/AI_AFS_DATASET/AFS_BEHAVIOUR_DATASET/clustering/20260606_091212.wav,clustering,clustering
/media/feliciano/Aux/AI_AFS_DATASET/AFS_BEHAVIOUR_DATASET/clustering/20260606_091214.wav,clustering,clustering
/media/feliciano/Aux/AI_AFS_DATASET/AFS_BEHAVIOUR_DATASET/clustering/20260606_091216.wav,clustering,clustering
/media/feliciano/Aux/AI_AFS_DATASET/AFS_BEHAVIOUR_DATASET/clustering/20260606_091218.wav,clustering,clustering
/media/feliciano/Aux/AI_AFS_DATASET/AFS_BEHAVIOUR_DATASET/clustering/20260606_091220.wav,clustering,clustering
/media/feliciano/Aux/AI_AFS_DATASET/AFS_BEHAVIOUR_DATASET/clustering/20260606_091222.wav,clustering,clustering
/media/feliciano/Aux/AI_AFS_DATASET/AFS_BEHAVIOUR_DATASET/clustering/20260606_091224.wav,clustering,clustering
/media/feliciano/Aux/AI_AFS_DATASET/AFS_BEHAVIOUR_DATASET/clustering/20260606_091226.wav,clustering,clustering
/media/feliciano/Aux/AI_AFS_DATASET/AFS_BEHAVIOUR_DATASET/clustering/20260606_091228.wav,clustering,clustering
/media/feliciano/Aux/AI_AFS_DATASET/AFS_BEHAVIOUR_DATASET/clustering/20260606_091230.wav,clustering,clustering
/media/feliciano/Aux/AI_AFS_DATASET/AFS_BEHAVIOUR_DATASET/clustering/20260606_091232.wav,clustering,clustering
/media/feliciano/Aux/AI_AFS_DATASET/AFS_BEHAVIOUR_DATASET/clustering/20260606_091234.wav,clustering,clustering
/media/feliciano/Aux/AI_AFS_DATASET/AFS_BEHAVIOUR_DATASET/clustering/20260606_091236.wav,clustering,clustering
/media/feliciano/Aux/AI_AFS_DATASET/AFS_BEHAVIOUR_DATASET/clustering/20260606_091238.wav,clustering,clustering
/media/feliciano/Aux/AI_AFS_DATASET/AFS_BEHAVIOUR_DATASET/clustering/20260606_091240.wav,clustering,clustering
/media/feliciano/Aux/AI_AFS_DATASET/AFS_BEHAVIOUR_DATASET/clustering/20260606_091242.wav,clustering,clustering
/media/feliciano/Aux/AI_AFS_DATASET/AFS_BEHAVIOUR_DATASET/clustering/20260606_091244.wav,clustering,clustering
/media/feliciano/Aux/AI_AFS_DATASET/AFS_BEHAVIOUR_DATASET/clustering/20260606_091246.wav,clustering,clustering
/media/feliciano/Aux/AI_AFS_DATASET/AFS_BEHAVIOUR_DATASET/clustering/20260606_091248.wav,clustering,clustering
/media/feliciano/Aux/AI_AFS_DATASET/AFS_BEHAVIOUR_DATASET/clustering/20260606_091250.wav,clustering,clustering
/media/feliciano/Aux/AI_AFS_DATASET/AFS_BEHAVIOUR_DATASET/clustering/20260606_091252.wav,clustering,clustering
/media/feliciano/Aux/AI_AFS_DATASET/AFS_BEHAVIOUR_DATASET/clustering/20260606_091254.wav,clustering,clustering
/media/feliciano/Aux/AI_AFS_DATASET/AFS_BEHAVIOUR_DATASET/clustering/20260606_091256.wav,clustering,clustering
/media/feliciano/Aux/AI_AFS_DATASET/AFS_BEHAVIOUR_DATASET/clustering/20260606_091258.wav,clustering,clustering
/media/feliciano/Aux/AI_AFS_DATASET/AFS_BEHAVIOUR_DATASET/clustering/20260606_091300.wav,clustering,clustering
/media/feliciano/Aux/AI_AFS_DATASET/AFS_BEHAVIOUR_DATASET/clustering/20260606_091302.wav,clustering,clustering
/media/feliciano/Aux/AI_AFS_DATASET/AFS_BEHAVIOUR_DATASET/clustering/20260606_091304.wav,clustering,clustering
/media/feliciano/Aux/AI_AFS_DATASET/AFS_BEHAVIOUR_DATASET/clustering/20260606_091306.wav,clustering,clustering
/media/feliciano/Aux/AI_AFS_DATASET/AFS_BEHAVIOUR_DATASET/clustering/20260606_091308.wav,clustering,clustering
/media/feliciano/Aux/AI_AFS_DATASET/AFS_BEHAVIOUR_DATASET/clustering/20260606_091310.wav,clustering,clustering
/media/feliciano/Aux/AI_AFS_DATASET/AFS_BEHAVIOUR_DATASET/clustering/20260606_091312.wav,clustering,clustering
/media/feliciano/Aux/AI_AFS_DATASET/AFS_BEHAVIOUR_DATASET/clustering/20260606_091314.wav,clustering,clustering
/media/feliciano/Aux/AI_AFS_DATASET/AFS_BEHAVIOUR_DATASET/clustering/20260606_091316.wav,clustering,clustering
/media/feliciano/Aux/AI_AFS_DATASET/AFS_BEHAVIOUR_DATASET/clustering/20260606_091318.wav,clustering,clustering
/media/feliciano/Aux/AI_AFS_DATASET/AFS_BEHAVIOUR_DATASET/clustering/20260606_091320.wav,clustering,clustering
/media/feliciano/Aux/AI_AFS_DATASET/AFS_BEHAVIOUR_DATASET/clustering/20260606_091322.wav,clustering,clustering
/media/feliciano/Aux/AI_AFS_DATASET/AFS_BEHAVIOUR_DATASET/clustering/20260606_091324.wav,clustering,clustering
/media/feliciano/Aux/AI_AFS_DATASET/AFS_BEHAVIOUR_DATASET/clustering/20260606_091326.wav,clustering,clustering
/media/feliciano/Aux/AI_AFS_DATASET/AFS_BEHAVIOUR_DATASET/clustering/20260606_091328.wav,clustering,clustering
/media/feliciano/Aux/AI_AFS_DATASET/AFS_BEHAVIOUR_DATASET/clustering/20260606_091330.wav,clustering,clustering
/media/feliciano/Aux/AI_AFS_DATASET/AFS_BEHAVIOUR_DATASET/clustering/20260606_091332.wav,clustering,clustering
/media/feliciano/Aux/AI_AFS_DATASET/AFS_BEHAVIOUR_DATASET/clustering/20260606_091334.wav,clustering,clustering
/media/feliciano/Aux/AI_AFS_DATASET/AFS_BEHAVIOUR_DATASET/clustering/20260606_091336.wav,clustering,clustering
/media/feliciano/Aux/AI_AFS_DATASET/AFS_BEHAVIOUR_DATASET/clustering/20260606_091338.wav,clustering,clustering
/media/feliciano/Aux/AI_AFS_DATASET/AFS_BEHAVIOUR_DATASET/clustering/20260606_091340.wav,clustering,clustering
/media/feliciano/Aux/AI_AFS_DATASET/AFS_BEHAVIOUR_DATASET/clustering/20260606_091342.wav,clustering,clustering
/media/feliciano/Aux/AI_AFS_DATASET/AFS_BEHAVIOUR_DATASET/clustering/20260606_091344.wav,clustering,clustering
/media/feliciano/Aux/AI_AFS_DATASET/AFS_BEHAVIOUR_DATASET/clustering/20260606_091346.wav,clustering,clustering
/media/feliciano/Aux/AI_AFS_DATASET/AFS_BEHAVIOUR_DATASET/clustering/20260606_091348.wav,clustering,clustering
/media/feliciano/Aux/AI_AFS_DATASET/AFS_BEHAVIOUR_DATASET/clustering/20260606_091350.wav,clustering,clustering
/media/feliciano/Aux/AI_AFS_DATASET/AFS_BEHAVIOUR_DATASET/clustering/20260606_091352.wav,clustering,clustering
/media/feliciano/Aux/AI_AFS_DATASET/AFS_BEHAVIOUR_DATASET/clustering/20260606_091354.wav,clustering,clustering
/media/feliciano/Aux/AI_AFS_DATASET/AFS_BEHAVIOUR_DATASET/clustering/20260606_091356.wav,clustering,clustering
/media/feliciano/Aux/AI_AFS_DATASET/AFS_BEHAVIOUR_DATASET/clustering/20260606_091358.wav,clustering,clustering
/media/feliciano/Aux/AI_AFS_DATASET/AFS_BEHAVIOUR_DATASET/clustering/20260606_091400.wav,clustering,clustering
/media/feliciano/Aux/AI_AFS_DATASET/AFS_BEHAVIOUR_DATASET/clustering/20260606_091402.wav,clustering,clustering
/media/feliciano/Aux/AI_AFS_DATASET/AFS_BEHAVIOUR_DATASET/clustering/20260606_091404.wav,clustering,clustering
/media/feliciano/Aux/AI_AFS_DATASET/AFS_BEHAVIOUR_DATASET/clustering/20260606_091406.wav,clustering,clustering
/media/feliciano/Aux/AI_AFS_DATASET/AFS_BEHAVIOUR_DATASET/clustering/20260606_091408.wav,clustering,clustering
/media/feliciano/Aux/AI_AFS_DATASET/AFS_BEHAVIOUR_DATASET/clustering/20260606_091410.wav,clustering,clustering
/media/feliciano/Aux/AI_AFS_DATASET/AFS_BEHAVIOUR_DATASET/clustering/20260606_091412.wav,clustering,clustering
/media/feliciano/Aux/AI_AFS_DATASET/AFS_BEHAVIOUR_DATASET/clustering/20260606_091414.wav,clustering,clustering
/media/feliciano/Aux/AI_AFS_DATASET/AFS_BEHAVIOUR_DATASET/clustering/20260606_091416.wav,clustering,clustering
/media/feliciano/Aux/AI_AFS_DATASET/AFS_BEHAVIOUR_DATASET/clustering/20260606_091418.wav,clustering,clustering
/media/feliciano/Aux/AI_AFS_DATASET/AFS_BEHAVIOUR_DATASET/clustering/20260606_091420.wav,clustering,clustering
/media/feliciano/Aux/AI_AFS_DATASET/AFS_BEHAVIOUR_DATASET/clustering/20260606_091422.wav,clustering,clustering
/media/feliciano/Aux/AI_AFS_DATASET/AFS_BEHAVIOUR_DATASET/clustering/20260606_091424.wav,clustering,clustering
/media/feliciano/Aux/AI_AFS_DATASET/AFS_BEHAVIOUR_DATASET/clustering/20260606_091426.wav,clustering,clustering
/media/feliciano/Aux/AI_AFS_DATASET/AFS_BEHAVIOUR_DATASET/clustering/20260606_091428.wav,clustering,agitation
/media/feliciano/Aux/AI_AFS_DATASET/AFS_BEHAVIOUR_DATASET/clustering/20260606_091430.wav,clustering,clustering
/media/feliciano/Aux/AI_AFS_DATASET/AFS_BEHAVIOUR_DATASET/clustering/20260606_091432.wav,clustering,clustering
/media/feliciano/Aux/AI_AFS_DATASET/AFS_BEHAVIOUR_DATASET/clustering/20260606_091434.wav,clustering,agitation
/media/feliciano/Aux/AI_AFS_DATASET/AFS_BEHAVIOUR_DATASET/clustering/20260606_091436.wav,clustering,clustering
/media/feliciano/Aux/AI_AFS_DATASET/AFS_BEHAVIOUR_DATASET/clustering/20260606_091438.wav,clustering,clustering
/media/feliciano/Aux/AI_AFS_DATASET/AFS_BEHAVIOUR_DATASET/clustering/20260606_091440.wav,clustering,clustering
/media/feliciano/Aux/AI_AFS_DATASET/AFS_BEHAVIOUR_DATASET/clustering/20260606_091442.wav,clustering,clustering
/media/feliciano/Aux/AI_AFS_DATASET/AFS_BEHAVIOUR_DATASET/clustering/20260606_091444.wav,clustering,clustering
/media/feliciano/Aux/AI_AFS_DATASET/AFS_BEHAVIOUR_DATASET/clustering/20260606_091446.wav,clustering,clustering
/media/feliciano/Aux/AI_AFS_DATASET/AFS_BEHAVIOUR_DATASET/clustering/20260606_091448.wav,clustering,clustering
/media/feliciano/Aux/AI_AFS_DATASET/AFS_BEHAVIOUR_DATASET/clustering/20260606_091450.wav,clustering,clustering
/media/feliciano/Aux/AI_AFS_DATASET/AFS_BEHAVIOUR_DATASET/clustering/20260606_091452.wav,clustering,clustering
/media/feliciano/Aux/AI_AFS_DATASET/AFS_BEHAVIOUR_DATASET/clustering/20260606_091454.wav,clustering,clustering
/media/feliciano/Aux/AI_AFS_DATASET/AFS_BEHAVIOUR_DATASET/clustering/20260606_091456.wav,clustering,clustering
/media/feliciano/Aux/AI_AFS_DATASET/AFS_BEHAVIOUR_DATASET/clustering/20260606_091458.wav,clustering,clustering
/media/feliciano/Aux/AI_AFS_DATASET/AFS_BEHAVIOUR_DATASET/clustering/20260606_091500.wav,clustering,clustering
/media/feliciano/Aux/AI_AFS_DATASET/AFS_BEHAVIOUR_DATASET/clustering/20260606_091502.wav,clustering,clustering
/media/feliciano/Aux/AI_AFS_DATASET/AFS_BEHAVIOUR_DATASET/clustering/20260606_091504.wav,clustering,clustering
/media/feliciano/Aux/AI_AFS_DATASET/AFS_BEHAVIOUR_DATASET/clustering/20260606_091506.wav,clustering,clustering
/media/feliciano/Aux/AI_AFS_DATASET/AFS_BEHAVIOUR_DATASET/clustering/20260606_091508.wav,clustering,clustering
/media/feliciano/Aux/AI_AFS_DATASET/AFS_BEHAVIOUR_DATASET/clustering/20260606_091510.wav,clustering,clustering
/media/feliciano/Aux/AI_AFS_DATASET/AFS_BEHAVIOUR_DATASET/clustering/20260606_091512.wav,clustering,clustering
/media/feliciano/Aux/AI_AFS_DATASET/AFS_BEHAVIOUR_DATASET/clustering/20260606_091514.wav,clustering,clustering
/media/feliciano/Aux/AI_AFS_DATASET/AFS_BEHAVIOUR_DATASET/clustering/20260606_091516.wav,clustering,clustering
/media/feliciano/Aux/AI_AFS_DATASET/AFS_BEHAVIOUR_DATASET/clustering/20260606_091518.wav,clustering,clustering
/media/feliciano/Aux/AI_AFS_DATASET/AFS_BEHAVIOUR_DATASET/clustering/20260606_091520.wav,clustering,clustering
/media/feliciano/Aux/AI_AFS_DATASET/AFS_BEHAVIOUR_DATASET/clustering/20260606_091522.wav,clustering,clustering
/media/feliciano/Aux/AI_AFS_DATASET/AFS_BEHAVIOUR_DATASET/clustering/20260606_091524.wav,clustering,agitation
/media/feliciano/Aux/AI_AFS_DATASET/AFS_BEHAVIOUR_DATASET/clustering/20260606_091526.wav,clustering,clustering
/media/feliciano/Aux/AI_AFS_DATASET/AFS_BEHAVIOUR_DATASET/clustering/20260606_091528.wav,clustering,clustering
/media/feliciano/Aux/AI_AFS_DATASET/AFS_BEHAVIOUR_DATASET/clustering/20260606_091530.wav,clustering,clustering
/media/feliciano/Aux/AI_AFS_DATASET/AFS_BEHAVIOUR_DATASET/clustering/20260606_091532.wav,clustering,clustering
/media/feliciano/Aux/AI_AFS_DATASET/AFS_BEHAVIOUR_DATASET/clustering/20260606_091534.wav,clustering,clustering
/media/feliciano/Aux/AI_AFS_DATASET/AFS_BEHAVIOUR_DATASET/clustering/20260606_091536.wav,clustering,clustering
/media/feliciano/Aux/AI_AFS_DATASET/AFS_BEHAVIOUR_DATASET/clustering/20260606_091538.wav,clustering,clustering
/media/feliciano/Aux/AI_AFS_DATASET/AFS_BEHAVIOUR_DATASET/clustering/20260606_091540.wav,clustering,clustering
/media/feliciano/Aux/AI_AFS_DATASET/AFS_BEHAVIOUR_DATASET/clustering/20260606_091542.wav,clustering,clustering
/media/feliciano/Aux/AI_AFS_DATASET/AFS_BEHAVIOUR_DATASET/clustering/20260606_091544.wav,clustering,clustering
/media/feliciano/Aux/AI_AFS_DATASET/AFS_BEHAVIOUR_DATASET/clustering/20260606_091546.wav,clustering,clustering
/media/feliciano/Aux/AI_AFS_DATASET/AFS_BEHAVIOUR_DATASET/clustering/20260606_091548.wav,clustering,clustering
/media/feliciano/Aux/AI_AFS_DATASET/AFS_BEHAVIOUR_DATASET/clustering/20260606_091550.wav,clustering,clustering
/media/feliciano/Aux/AI_AFS_DATASET/AFS_BEHAVIOUR_DATASET/clustering/20260606_091552.wav,clustering,clustering
/media/feliciano/Aux/AI_AFS_DATASET/AFS_BEHAVIOUR_DATASET/clustering/20260606_091554.wav,clustering,clustering
/media/feliciano/Aux/AI_AFS_DATASET/AFS_BEHAVIOUR_DATASET/clustering/20260606_091556.wav,clustering,clustering
/media/feliciano/Aux/AI_AFS_DATASET/AFS_BEHAVIOUR_DATASET/clustering/20260606_091558.wav,clustering,clustering
/media/feliciano/Aux/AI_AFS_DATASET/AFS_BEHAVIOUR_DATASET/clustering/20260606_091600.wav,clustering,clustering
/media/feliciano/Aux/AI_AFS_DATASET/AFS_BEHAVIOUR_DATASET/clustering/20260606_091602.wav,clustering,clustering
/media/feliciano/Aux/AI_AFS_DATASET/AFS_BEHAVIOUR_DATASET/clustering/20260606_091604.wav,clustering,clustering
/media/feliciano/Aux/AI_AFS_DATASET/AFS_BEHAVIOUR_DATASET/clustering/20260606_091606.wav,clustering,clustering
/media/feliciano/Aux/AI_AFS_DATASET/AFS_BEHAVIOUR_DATASET/clustering/20260606_091608.wav,clustering,clustering
/media/feliciano/Aux/AI_AFS_DATASET/AFS_BEHAVIOUR_DATASET/clustering/20260606_091610.wav,clustering,clustering
/media/feliciano/Aux/AI_AFS_DATASET/AFS_BEHAVIOUR_DATASET/clustering/20260606_091612.wav,clustering,clustering
/media/feliciano/Aux/AI_AFS_DATASET/AFS_BEHAVIOUR_DATASET/clustering/20260606_091614.wav,clustering,clustering
/media/feliciano/Aux/AI_AFS_DATASET/AFS_BEHAVIOUR_DATASET/clustering/20260606_091616.wav,clustering,clustering
/media/feliciano/Aux/AI_AFS_DATASET/AFS_BEHAVIOUR_DATASET/clustering/20260606_091618.wav,clustering,clustering
/media/feliciano/Aux/AI_AFS_DATASET/AFS_BEHAVIOUR_DATASET/clustering/20260606_091620.wav,clustering,clustering
/media/feliciano/Aux/AI_AFS_DATASET/AFS_BEHAVIOUR_DATASET/clustering/20260606_091622.wav,clustering,clustering
/media/feliciano/Aux/AI_AFS_DATASET/AFS_BEHAVIOUR_DATASET/clustering/20260606_091624.wav,clustering,clustering
/media/feliciano/Aux/AI_AFS_DATASET/AFS_BEHAVIOUR_DATASET/clustering/20260606_091626.wav,clustering,clustering
/media/feliciano/Aux/AI_AFS_DATASET/AFS_BEHAVIOUR_DATASET/clustering/20260606_091628.wav,clustering,clustering
/media/feliciano/Aux/AI_AFS_DATASET/AFS_BEHAVIOUR_DATASET/clustering/20260606_091630.wav,clustering,clustering
/media/feliciano/Aux/AI_AFS_DATASET/AFS_BEHAVIOUR_DATASET/clustering/20260606_091632.wav,clustering,clustering
/media/feliciano/Aux/AI_AFS_DATASET/AFS_BEHAVIOUR_DATASET/clustering/20260606_091634.wav,clustering,agitation
/media/feliciano/Aux/AI_AFS_DATASET/AFS_BEHAVIOUR_DATASET/clustering/20260606_091636.wav,clustering,clustering
/media/feliciano/Aux/AI_AFS_DATASET/AFS_BEHAVIOUR_DATASET/clustering/20260606_091638.wav,clustering,clustering
/media/feliciano/Aux/AI_AFS_DATASET/AFS_BEHAVIOUR_DATASET/clustering/20260606_091640.wav,clustering,clustering
/media/feliciano/Aux/AI_AFS_DATASET/AFS_BEHAVIOUR_DATASET/clustering/20260606_091642.wav,clustering,clustering
/media/feliciano/Aux/AI_AFS_DATASET/AFS_BEHAVIOUR_DATASET/clustering/20260606_091644.wav,clustering,clustering
/media/feliciano/Aux/AI_AFS_DATASET/AFS_BEHAVIOUR_DATASET/clustering/20260606_091646.wav,clustering,clustering
/media/feliciano/Aux/AI_AFS_DATASET/AFS_BEHAVIOUR_DATASET/clustering/20260606_091648.wav,clustering,clustering
/media/feliciano/Aux/AI_AFS_DATASET/AFS_BEHAVIOUR_DATASET/clustering/20260606_091650.wav,clustering,clustering
/media/feliciano/Aux/AI_AFS_DATASET/AFS_BEHAVIOUR_DATASET/clustering/20260606_091652.wav,clustering,clustering
/media/feliciano/Aux/AI_AFS_DATASET/AFS_BEHAVIOUR_DATASET/clustering/20260606_091654.wav,clustering,clustering
/media/feliciano/Aux/AI_AFS_DATASET/AFS_BEHAVIOUR_DATASET/clustering/20260606_091656.wav,clustering,clustering
/media/feliciano/Aux/AI_AFS_DATASET/AFS_BEHAVIOUR_DATASET/clustering/20260606_091658.wav,clustering,clustering
/media/feliciano/Aux/AI_AFS_DATASET/AFS_BEHAVIOUR_DATASET/clustering/20260606_091700.wav,clustering,clustering
/media/feliciano/Aux/AI_AFS_DATASET/AFS_BEHAVIOUR_DATASET/clustering/20260606_091702.wav,clustering,clustering
/media/feliciano/Aux/AI_AFS_DATASET/AFS_BEHAVIOUR_DATASET/clustering/20260606_091704.wav,clustering,clustering
/media/feliciano/Aux/AI_AFS_DATASET/AFS_BEHAVIOUR_DATASET/clustering/20260606_091706.wav,clustering,clustering
/media/feliciano/Aux/AI_AFS_DATASET/AFS_BEHAVIOUR_DATASET/clustering/20260606_091708.wav,clustering,clustering
/media/feliciano/Aux/AI_AFS_DATASET/AFS_BEHAVIOUR_DATASET/clustering/20260606_091710.wav,clustering,clustering
/media/feliciano/Aux/AI_AFS_DATASET/AFS_BEHAVIOUR_DATASET/clustering/20260606_091712.wav,clustering,clustering
/media/feliciano/Aux/AI_AFS_DATASET/AFS_BEHAVIOUR_DATASET/clustering/20260606_091714.wav,clustering,clustering
/media/feliciano/Aux/AI_AFS_DATASET/AFS_BEHAVIOUR_DATASET/clustering/20260606_091716.wav,clustering,clustering
/media/feliciano/Aux/AI_AFS_DATASET/AFS_BEHAVIOUR_DATASET/clustering/20260606_091718.wav,clustering,clustering
/media/feliciano/Aux/AI_AFS_DATASET/AFS_BEHAVIOUR_DATASET/clustering/20260606_091720.wav,clustering,clustering
/media/feliciano/Aux/AI_AFS_DATASET/AFS_BEHAVIOUR_DATASET/clustering/20260606_091722.wav,clustering,clustering
/media/feliciano/Aux/AI_AFS_DATASET/AFS_BEHAVIOUR_DATASET/clustering/20260606_091724.wav,clustering,clustering
/media/feliciano/Aux/AI_AFS_DATASET/AFS_BEHAVIOUR_DATASET/clustering/20260606_091726.wav,clustering,clustering
/media/feliciano/Aux/AI_AFS_DATASET/AFS_BEHAVIOUR_DATASET/clustering/20260606_091728.wav,clustering,clustering
/media/feliciano/Aux/AI_AFS_DATASET/AFS_BEHAVIOUR_DATASET/clustering/20260606_091730.wav,clustering,clustering
/media/feliciano/Aux/AI_AFS_DATASET/AFS_BEHAVIOUR_DATASET/clustering/20260606_091732.wav,clustering,clustering
/media/feliciano/Aux/AI_AFS_DATASET/AFS_BEHAVIOUR_DATASET/clustering/20260606_091734.wav,clustering,clustering
/media/feliciano/Aux/AI_AFS_DATASET/AFS_BEHAVIOUR_DATASET/clustering/20260606_091736.wav,clustering,clustering
/media/feliciano/Aux/AI_AFS_DATASET/AFS_BEHAVIOUR_DATASET/clustering/20260606_091738.wav,clustering,clustering
/media/feliciano/Aux/AI_AFS_DATASET/AFS_BEHAVIOUR_DATASET/clustering/20260606_091740.wav,clustering,clustering
/media/feliciano/Aux/AI_AFS_DATASET/AFS_BEHAVIOUR_DATASET/clustering/20260606_091742.wav,clustering,clustering
/media/feliciano/Aux/AI_AFS_DATASET/AFS_BEHAVIOUR_DATASET/clustering/20260606_091744.wav,clustering,clustering
/media/feliciano/Aux/AI_AFS_DATASET/AFS_BEHAVIOUR_DATASET/clustering/20260606_091746.wav,clustering,clustering
/media/feliciano/Aux/AI_AFS_DATASET/AFS_BEHAVIOUR_DATASET/clustering/20260606_091748.wav,clustering,clustering
/media/feliciano/Aux/AI_AFS_DATASET/AFS_BEHAVIOUR_DATASET/clustering/20260606_091750.wav,clustering,clustering
/media/feliciano/Aux/AI_AFS_DATASET/AFS_BEHAVIOUR_DATASET/clustering/20260606_091752.wav,clustering,clustering
/media/feliciano/Aux/AI_AFS_DATASET/AFS_BEHAVIOUR_DATASET/clustering/20260606_091754.wav,clustering,clustering
/media/feliciano/Aux/AI_AFS_DATASET/AFS_BEHAVIOUR_DATASET/clustering/20260606_091756.wav,clustering,clustering
/media/feliciano/Aux/AI_AFS_DATASET/AFS_BEHAVIOUR_DATASET/clustering/20260606_091758.wav,clustering,clustering
/media/feliciano/Aux/AI_AFS_DATASET/AFS_BEHAVIOUR_DATASET/clustering/20260606_091800.wav,clustering,clustering
/media/feliciano/Aux/AI_AFS_DATASET/AFS_BEHAVIOUR_DATASET/clustering/20260606_091802.wav,clustering,clustering
/media/feliciano/Aux/AI_AFS_DATASET/AFS_BEHAVIOUR_DATASET/clustering/20260606_091804.wav,clustering,clustering
/media/feliciano/Aux/AI_AFS_DATASET/AFS_BEHAVIOUR_DATASET/clustering/20260606_091806.wav,clustering,clustering
/media/feliciano/Aux/AI_AFS_DATASET/AFS_BEHAVIOUR_DATASET/clustering/20260606_091808.wav,clustering,clustering
/media/feliciano/Aux/AI_AFS_DATASET/AFS_BEHAVIOUR_DATASET/clustering/20260606_091810.wav,clustering,clustering
/media/feliciano/Aux/AI_AFS_DATASET/AFS_BEHAVIOUR_DATASET/clustering/20260606_091812.wav,clustering,clustering
/media/feliciano/Aux/AI_AFS_DATASET/AFS_BEHAVIOUR_DATASET/clustering/20260606_091814.wav,clustering,clustering
/media/feliciano/Aux/AI_AFS_DATASET/AFS_BEHAVIOUR_DATASET/clustering/20260606_091816.wav,clustering,clustering
/media/feliciano/Aux/AI_AFS_DATASET/AFS_BEHAVIOUR_DATASET/clustering/20260606_091818.wav,clustering,clustering
/media/feliciano/Aux/AI_AFS_DATASET/AFS_BEHAVIOUR_DATASET/clustering/20260606_091820.wav,clustering,clustering
/media/feliciano/Aux/AI_AFS_DATASET/AFS_BEHAVIOUR_DATASET/clustering/20260606_091822.wav,clustering,clustering
/media/feliciano/Aux/AI_AFS_DATASET/AFS_BEHAVIOUR_DATASET/clustering/20260606_091824.wav,clustering,clustering
/media/feliciano/Aux/AI_AFS_DATASET/AFS_BEHAVIOUR_DATASET/clustering/20260606_091826.wav,clustering,clustering
/media/feliciano/Aux/AI_AFS_DATASET/AFS_BEHAVIOUR_DATASET/clustering/20260606_091828.wav,clustering,clustering
/media/feliciano/Aux/AI_AFS_DATASET/AFS_BEHAVIOUR_DATASET/clustering/20260606_091830.wav,clustering,clustering
/media/feliciano/Aux/AI_AFS_DATASET/AFS_BEHAVIOUR_DATASET/clustering/20260606_091832.wav,clustering,clustering
/media/feliciano/Aux/AI_AFS_DATASET/AFS_BEHAVIOUR_DATASET/clustering/20260606_091834.wav,clustering,clustering
/media/feliciano/Aux/AI_AFS_DATASET/AFS_BEHAVIOUR_DATASET/clustering/20260606_091836.wav,clustering,clustering
/media/feliciano/Aux/AI_AFS_DATASET/AFS_BEHAVIOUR_DATASET/clustering/20260606_091838.wav,clustering,clustering
/media/feliciano/Aux/AI_AFS_DATASET/AFS_BEHAVIOUR_DATASET/clustering/20260606_091840.wav,clustering,clustering
/media/feliciano/Aux/AI_AFS_DATASET/AFS_BEHAVIOUR_DATASET/clustering/20260606_091842.wav,clustering,clustering
/media/feliciano/Aux/AI_AFS_DATASET/AFS_BEHAVIOUR_DATASET/clustering/20260606_091844.wav,clustering,clustering
/media/feliciano/Aux/AI_AFS_DATASET/AFS_BEHAVIOUR_DATASET/clustering/20260606_091846.wav,clustering,clustering
/media/feliciano/Aux/AI_AFS_DATASET/AFS_BEHAVIOUR_DATASET/clustering/20260606_091848.wav,clustering,clustering
/media/feliciano/Aux/AI_AFS_DATASET/AFS_BEHAVIOUR_DATASET/clustering/20260606_091850.wav,clustering,clustering
/media/feliciano/Aux/AI_AFS_DATASET/AFS_BEHAVIOUR_DATASET/clustering/20260606_091852.wav,clustering,clustering
/media/feliciano/Aux/AI_AFS_DATASET/AFS_BEHAVIOUR_DATASET/clustering/20260606_091854.wav,clustering,clustering
/media/feliciano/Aux/AI_AFS_DATASET/AFS_BEHAVIOUR_DATASET/clustering/20260606_091856.wav,clustering,clustering
/media/feliciano/Aux/AI_AFS_DATASET/AFS_BEHAVIOUR_DATASET/clustering/20260606_091858.wav,clustering,clustering
/media/feliciano/Aux/AI_AFS_DATASET/AFS_BEHAVIOUR_DATASET/clustering/20260606_110500.wav,clustering,clustering
/media/feliciano/Aux/AI_AFS_DATASET/AFS_BEHAVIOUR_DATASET/clustering/20260606_110502.wav,clustering,clustering
/media/feliciano/Aux/AI_AFS_DATASET/AFS_BEHAVIOUR_DATASET/clustering/20260606_110504.wav,clustering,clustering
/media/feliciano/Aux/AI_AFS_DATASET/AFS_BEHAVIOUR_DATASET/clustering/20260606_110506.wav,clustering,clustering
/media/feliciano/Aux/AI_AFS_DATASET/AFS_BEHAVIOUR_DATASET/clustering/20260606_110508.wav,clustering,clustering
/media/feliciano/Aux/AI_AFS_DATASET/AFS_BEHAVIOUR_DATASET/clustering/20260606_110510.wav,clustering,clustering
/media/feliciano/Aux/AI_AFS_DATASET/AFS_BEHAVIOUR_DATASET/clustering/20260606_110512.wav,clustering,clustering
/media/feliciano/Aux/AI_AFS_DATASET/AFS_BEHAVIOUR_DATASET/clustering/20260606_110514.wav,clustering,clustering
/media/feliciano/Aux/AI_AFS_DATASET/AFS_BEHAVIOUR_DATASET/clustering/20260606_110516.wav,clustering,clustering
/media/feliciano/Aux/AI_AFS_DATASET/AFS_BEHAVIOUR_DATASET/clustering/20260606_110518.wav,clustering,clustering
/media/feliciano/Aux/AI_AFS_DATASET/AFS_BEHAVIOUR_DATASET/clustering/20260606_110520.wav,clustering,clustering
/media/feliciano/Aux/AI_AFS_DATASET/AFS_BEHAVIOUR_DATASET/clustering/20260606_110522.wav,clustering,clustering
/media/feliciano/Aux/AI_AFS_DATASET/AFS_BEHAVIOUR_DATASET/clustering/20260606_110524.wav,clustering,clustering
/media/feliciano/Aux/AI_AFS_DATASET/AFS_BEHAVIOUR_DATASET/clustering/20260606_110526.wav,clustering,clustering
/media/feliciano/Aux/AI_AFS_DATASET/AFS_BEHAVIOUR_DATASET/clustering/20260606_110528.wav,clustering,clustering
/media/feliciano/Aux/AI_AFS_DATASET/AFS_BEHAVIOUR_DATASET/clustering/20260606_110530.wav,clustering,clustering
/media/feliciano/Aux/AI_AFS_DATASET/AFS_BEHAVIOUR_DATASET/clustering/20260606_110532.wav,clustering,clustering
/media/feliciano/Aux/AI_AFS_DATASET/AFS_BEHAVIOUR_DATASET/clustering/20260606_110534.wav,clustering,clustering
/media/feliciano/Aux/AI_AFS_DATASET/AFS_BEHAVIOUR_DATASET/clustering/20260606_110536.wav,clustering,clustering
/media/feliciano/Aux/AI_AFS_DATASET/AFS_BEHAVIOUR_DATASET/clustering/20260606_110538.wav,clustering,clustering
/media/feliciano/Aux/AI_AFS_DATASET/AFS_BEHAVIOUR_DATASET/clustering/20260606_110540.wav,clustering,clustering
/media/feliciano/Aux/AI_AFS_DATASET/AFS_BEHAVIOUR_DATASET/clustering/20260606_110542.wav,clustering,clustering
/media/feliciano/Aux/AI_AFS_DATASET/AFS_BEHAVIOUR_DATASET/clustering/20260606_110544.wav,clustering,clustering
/media/feliciano/Aux/AI_AFS_DATASET/AFS_BEHAVIOUR_DATASET/clustering/20260606_110546.wav,clustering,clustering
/media/feliciano/Aux/AI_AFS_DATASET/AFS_BEHAVIOUR_DATASET/clustering/20260606_110548.wav,clustering,clustering
/media/feliciano/Aux/AI_AFS_DATASET/AFS_BEHAVIOUR_DATASET/clustering/20260606_110550.wav,clustering,clustering
/media/feliciano/Aux/AI_AFS_DATASET/AFS_BEHAVIOUR_DATASET/clustering/20260606_110552.wav,clustering,clustering
/media/feliciano/Aux/AI_AFS_DATASET/AFS_BEHAVIOUR_DATASET/clustering/20260606_110554.wav,clustering,clustering
/media/feliciano/Aux/AI_AFS_DATASET/AFS_BEHAVIOUR_DATASET/clustering/20260606_110556.wav,clustering,clustering
/media/feliciano/Aux/AI_AFS_DATASET/AFS_BEHAVIOUR_DATASET/clustering/20260606_110558.wav,clustering,clustering
/media/feliciano/Aux/AI_AFS_DATASET/AFS_BEHAVIOUR_DATASET/clustering/20260606_110600.wav,clustering,clustering
/media/feliciano/Aux/AI_AFS_DATASET/AFS_BEHAVIOUR_DATASET/clustering/20260606_110602.wav,clustering,clustering
/media/feliciano/Aux/AI_AFS_DATASET/AFS_BEHAVIOUR_DATASET/clustering/20260606_110604.wav,clustering,clustering
/media/feliciano/Aux/AI_AFS_DATASET/AFS_BEHAVIOUR_DATASET/clustering/20260606_110606.wav,clustering,clustering
/media/feliciano/Aux/AI_AFS_DATASET/AFS_BEHAVIOUR_DATASET/clustering/20260606_110608.wav,clustering,clustering
/media/feliciano/Aux/AI_AFS_DATASET/AFS_BEHAVIOUR_DATASET/clustering/20260606_110610.wav,clustering,clustering
/media/feliciano/Aux/AI_AFS_DATASET/AFS_BEHAVIOUR_DATASET/clustering/20260606_110612.wav,clustering,clustering
/media/feliciano/Aux/AI_AFS_DATASET/AFS_BEHAVIOUR_DATASET/clustering/20260606_110614.wav,clustering,clustering
/media/feliciano/Aux/AI_AFS_DATASET/AFS_BEHAVIOUR_DATASET/clustering/20260606_110616.wav,clustering,agitation
/media/feliciano/Aux/AI_AFS_DATASET/AFS_BEHAVIOUR_DATASET/clustering/20260606_110618.wav,clustering,clustering
/media/feliciano/Aux/AI_AFS_DATASET/AFS_BEHAVIOUR_DATASET/clustering/20260606_110620.wav,clustering,clustering
/media/feliciano/Aux/AI_AFS_DATASET/AFS_BEHAVIOUR_DATASET/clustering/20260606_110622.wav,clustering,clustering
/media/feliciano/Aux/AI_AFS_DATASET/AFS_BEHAVIOUR_DATASET/clustering/20260606_110624.wav,clustering,agitation
/media/feliciano/Aux/AI_AFS_DATASET/AFS_BEHAVIOUR_DATASET/clustering/20260606_110626.wav,clustering,clustering
/media/feliciano/Aux/AI_AFS_DATASET/AFS_BEHAVIOUR_DATASET/clustering/20260606_110628.wav,clustering,clustering
/media/feliciano/Aux/AI_AFS_DATASET/AFS_BEHAVIOUR_DATASET/clustering/20260606_110630.wav,clustering,clustering
/media/feliciano/Aux/AI_AFS_DATASET/AFS_BEHAVIOUR_DATASET/clustering/20260606_110632.wav,clustering,clustering
/media/feliciano/Aux/AI_AFS_DATASET/AFS_BEHAVIOUR_DATASET/clustering/20260606_110634.wav,clustering,clustering
/media/feliciano/Aux/AI_AFS_DATASET/AFS_BEHAVIOUR_DATASET/clustering/20260606_110636.wav,clustering,clustering
/media/feliciano/Aux/AI_AFS_DATASET/AFS_BEHAVIOUR_DATASET/clustering/20260606_110638.wav,clustering,clustering
/media/feliciano/Aux/AI_AFS_DATASET/AFS_BEHAVIOUR_DATASET/clustering/20260606_110640.wav,clustering,clustering
/media/feliciano/Aux/AI_AFS_DATASET/AFS_BEHAVIOUR_DATASET/clustering/20260606_110642.wav,clustering,clustering
/media/feliciano/Aux/AI_AFS_DATASET/AFS_BEHAVIOUR_DATASET/clustering/20260606_110644.wav,clustering,clustering
/media/feliciano/Aux/AI_AFS_DATASET/AFS_BEHAVIOUR_DATASET/clustering/20260606_110646.wav,clustering,clustering
/media/feliciano/Aux/AI_AFS_DATASET/AFS_BEHAVIOUR_DATASET/clustering/20260606_110648.wav,clustering,clustering
/media/feliciano/Aux/AI_AFS_DATASET/AFS_BEHAVIOUR_DATASET/clustering/20260606_110650.wav,clustering,clustering
/media/feliciano/Aux/AI_AFS_DATASET/AFS_BEHAVIOUR_DATASET/clustering/20260606_110652.wav,clustering,agitation
/media/feliciano/Aux/AI_AFS_DATASET/AFS_BEHAVIOUR_DATASET/clustering/20260606_110654.wav,clustering,clustering
/media/feliciano/Aux/AI_AFS_DATASET/AFS_BEHAVIOUR_DATASET/clustering/20260606_110656.wav,clustering,clustering
/media/feliciano/Aux/AI_AFS_DATASET/AFS_BEHAVIOUR_DATASET/clustering/20260606_110658.wav,clustering,clustering
/media/feliciano/Aux/AI_AFS_DATASET/AFS_BEHAVIOUR_DATASET/clustering/20260606_110700.wav,clustering,clustering
/media/feliciano/Aux/AI_AFS_DATASET/AFS_BEHAVIOUR_DATASET/clustering/20260606_110702.wav,clustering,agitation
/media/feliciano/Aux/AI_AFS_DATASET/AFS_BEHAVIOUR_DATASET/clustering/20260606_110704.wav,clustering,agitation
/media/feliciano/Aux/AI_AFS_DATASET/AFS_BEHAVIOUR_DATASET/clustering/20260606_110706.wav,clustering,clustering
/media/feliciano/Aux/AI_AFS_DATASET/AFS_BEHAVIOUR_DATASET/clustering/20260606_110708.wav,clustering,clustering
/media/feliciano/Aux/AI_AFS_DATASET/AFS_BEHAVIOUR_DATASET/clustering/20260606_110710.wav,clustering,clustering
/media/feliciano/Aux/AI_AFS_DATASET/AFS_BEHAVIOUR_DATASET/clustering/20260606_110712.wav,clustering,clustering
/media/feliciano/Aux/AI_AFS_DATASET/AFS_BEHAVIOUR_DATASET/clustering/20260606_110714.wav,clustering,clustering
/media/feliciano/Aux/AI_AFS_DATASET/AFS_BEHAVIOUR_DATASET/clustering/20260606_110716.wav,clustering,clustering
/media/feliciano/Aux/AI_AFS_DATASET/AFS_BEHAVIOUR_DATASET/clustering/20260606_110718.wav,clustering,clustering
/media/feliciano/Aux/AI_AFS_DATASET/AFS_BEHAVIOUR_DATASET/clustering/20260606_110720.wav,clustering,clustering
/media/feliciano/Aux/AI_AFS_DATASET/AFS_BEHAVIOUR_DATASET/clustering/20260606_110722.wav,clustering,clustering
/media/feliciano/Aux/AI_AFS_DATASET/AFS_BEHAVIOUR_DATASET/clustering/20260606_110724.wav,clustering,clustering
/media/feliciano/Aux/AI_AFS_DATASET/AFS_BEHAVIOUR_DATASET/clustering/20260606_110726.wav,clustering,clustering
/media/feliciano/Aux/AI_AFS_DATASET/AFS_BEHAVIOUR_DATASET/clustering/20260606_110728.wav,clustering,clustering
/media/feliciano/Aux/AI_AFS_DATASET/AFS_BEHAVIOUR_DATASET/clustering/20260606_110730.wav,clustering,clustering
/media/feliciano/Aux/AI_AFS_DATASET/AFS_BEHAVIOUR_DATASET/clustering/20260606_110732.wav,clustering,clustering
/media/feliciano/Aux/AI_AFS_DATASET/AFS_BEHAVIOUR_DATASET/clustering/20260606_110734.wav,clustering,agitation
/media/feliciano/Aux/AI_AFS_DATASET/AFS_BEHAVIOUR_DATASET/clustering/20260606_110736.wav,clustering,clustering
/media/feliciano/Aux/AI_AFS_DATASET/AFS_BEHAVIOUR_DATASET/clustering/20260606_110738.wav,clustering,clustering
/media/feliciano/Aux/AI_AFS_DATASET/AFS_BEHAVIOUR_DATASET/clustering/20260606_110740.wav,clustering,clustering
/media/feliciano/Aux/AI_AFS_DATASET/AFS_BEHAVIOUR_DATASET/clustering/20260606_110742.wav,clustering,clustering
/media/feliciano/Aux/AI_AFS_DATASET/AFS_BEHAVIOUR_DATASET/clustering/20260606_110744.wav,clustering,clustering
/media/feliciano/Aux/AI_AFS_DATASET/AFS_BEHAVIOUR_DATASET/clustering/20260606_110746.wav,clustering,clustering
/media/feliciano/Aux/AI_AFS_DATASET/AFS_BEHAVIOUR_DATASET/clustering/20260606_110748.wav,clustering,clustering
/media/feliciano/Aux/AI_AFS_DATASET/AFS_BEHAVIOUR_DATASET/clustering/20260606_110750.wav,clustering,clustering
/media/feliciano/Aux/AI_AFS_DATASET/AFS_BEHAVIOUR_DATASET/clustering/20260606_110752.wav,clustering,agitation
/media/feliciano/Aux/AI_AFS_DATASET/AFS_BEHAVIOUR_DATASET/clustering/20260606_110754.wav,clustering,clustering
/media/feliciano/Aux/AI_AFS_DATASET/AFS_BEHAVIOUR_DATASET/clustering/20260606_110756.wav,clustering,clustering
/media/feliciano/Aux/AI_AFS_DATASET/AFS_BEHAVIOUR_DATASET/clustering/20260606_110758.wav,clustering,clustering
/media/feliciano/Aux/AI_AFS_DATASET/AFS_BEHAVIOUR_DATASET/clustering/20260606_110800.wav,clustering,clustering
/media/feliciano/Aux/AI_AFS_DATASET/AFS_BEHAVIOUR_DATASET/clustering/20260606_110802.wav,clustering,clustering
/media/feliciano/Aux/AI_AFS_DATASET/AFS_BEHAVIOUR_DATASET/clustering/20260606_110804.wav,clustering,clustering
/media/feliciano/Aux/AI_AFS_DATASET/AFS_BEHAVIOUR_DATASET/clustering/20260606_110806.wav,clustering,clustering
/media/feliciano/Aux/AI_AFS_DATASET/AFS_BEHAVIOUR_DATASET/clustering/20260606_110808.wav,clustering,clustering
/media/feliciano/Aux/AI_AFS_DATASET/AFS_BEHAVIOUR_DATASET/clustering/20260606_110810.wav,clustering,clustering
/media/feliciano/Aux/AI_AFS_DATASET/AFS_BEHAVIOUR_DATASET/clustering/20260606_110812.wav,clustering,clustering
/media/feliciano/Aux/AI_AFS_DATASET/AFS_BEHAVIOUR_DATASET/clustering/20260606_110814.wav,clustering,clustering
/media/feliciano/Aux/AI_AFS_DATASET/AFS_BEHAVIOUR_DATASET/clustering/20260606_110816.wav,clustering,clustering
/media/feliciano/Aux/AI_AFS_DATASET/AFS_BEHAVIOUR_DATASET/clustering/20260606_110818.wav,clustering,clustering
/media/feliciano/Aux/AI_AFS_DATASET/AFS_BEHAVIOUR_DATASET/clustering/20260606_110820.wav,clustering,clustering
/media/feliciano/Aux/AI_AFS_DATASET/AFS_BEHAVIOUR_DATASET/clustering/20260606_110822.wav,clustering,clustering
/media/feliciano/Aux/AI_AFS_DATASET/AFS_BEHAVIOUR_DATASET/clustering/20260606_110824.wav,clustering,clustering
/media/feliciano/Aux/AI_AFS_DATASET/AFS_BEHAVIOUR_DATASET/clustering/20260606_110826.wav,clustering,clustering
/media/feliciano/Aux/AI_AFS_DATASET/AFS_BEHAVIOUR_DATASET/clustering/20260606_110828.wav,clustering,clustering
/media/feliciano/Aux/AI_AFS_DATASET/AFS_BEHAVIOUR_DATASET/clustering/20260606_110830.wav,clustering,clustering
/media/feliciano/Aux/AI_AFS_DATASET/AFS_BEHAVIOUR_DATASET/clustering/20260606_110832.wav,clustering,clustering
/media/feliciano/Aux/AI_AFS_DATASET/AFS_BEHAVIOUR_DATASET/clustering/20260606_110834.wav,clustering,clustering
/media/feliciano/Aux/AI_AFS_DATASET/AFS_BEHAVIOUR_DATASET/clustering/20260606_110836.wav,clustering,clustering
/media/feliciano/Aux/AI_AFS_DATASET/AFS_BEHAVIOUR_DATASET/clustering/20260606_110838.wav,clustering,clustering
/media/feliciano/Aux/AI_AFS_DATASET/AFS_BEHAVIOUR_DATASET/clustering/20260606_110840.wav,clustering,clustering
/media/feliciano/Aux/AI_AFS_DATASET/AFS_BEHAVIOUR_DATASET/clustering/20260606_110842.wav,clustering,clustering
/media/feliciano/Aux/AI_AFS_DATASET/AFS_BEHAVIOUR_DATASET/clustering/20260606_110844.wav,clustering,clustering
/media/feliciano/Aux/AI_AFS_DATASET/AFS_BEHAVIOUR_DATASET/clustering/20260606_110846.wav,clustering,clustering
/media/feliciano/Aux/AI_AFS_DATASET/AFS_BEHAVIOUR_DATASET/clustering/20260606_110848.wav,clustering,clustering
/media/feliciano/Aux/AI_AFS_DATASET/AFS_BEHAVIOUR_DATASET/clustering/20260606_110850.wav,clustering,clustering
/media/feliciano/Aux/AI_AFS_DATASET/AFS_BEHAVIOUR_DATASET/clustering/20260606_110852.wav,clustering,clustering
/media/feliciano/Aux/AI_AFS_DATASET/AFS_BEHAVIOUR_DATASET/clustering/20260606_110854.wav,clustering,clustering
/media/feliciano/Aux/AI_AFS_DATASET/AFS_BEHAVIOUR_DATASET/clustering/20260606_110856.wav,clustering,clustering
/media/feliciano/Aux/AI_AFS_DATASET/AFS_BEHAVIOUR_DATASET/clustering/20260606_110858.wav,clustering,clustering
/media/feliciano/Aux/AI_AFS_DATASET/AFS_BEHAVIOUR_DATASET/clustering/20260606_110900.wav,clustering,clustering
/media/feliciano/Aux/AI_AFS_DATASET/AFS_BEHAVIOUR_DATASET/clustering/20260606_110902.wav,clustering,clustering
/media/feliciano/Aux/AI_AFS_DATASET/AFS_BEHAVIOUR_DATASET/clustering/20260606_110904.wav,clustering,clustering
/media/feliciano/Aux/AI_AFS_DATASET/AFS_BEHAVIOUR_DATASET/clustering/20260606_110906.wav,clustering,clustering
/media/feliciano/Aux/AI_AFS_DATASET/AFS_BEHAVIOUR_DATASET/clustering/20260606_110908.wav,clustering,clustering
/media/feliciano/Aux/AI_AFS_DATASET/AFS_BEHAVIOUR_DATASET/clustering/20260606_110910.wav,clustering,clustering
/media/feliciano/Aux/AI_AFS_DATASET/AFS_BEHAVIOUR_DATASET/clustering/20260606_110912.wav,clustering,clustering
/media/feliciano/Aux/AI_AFS_DATASET/AFS_BEHAVIOUR_DATASET/clustering/20260606_110914.wav,clustering,clustering
/media/feliciano/Aux/AI_AFS_DATASET/AFS_BEHAVIOUR_DATASET/clustering/20260606_110916.wav,clustering,clustering
/media/feliciano/Aux/AI_AFS_DATASET/AFS_BEHAVIOUR_DATASET/clustering/20260606_110918.wav,clustering,clustering
/media/feliciano/Aux/AI_AFS_DATASET/AFS_BEHAVIOUR_DATASET/clustering/20260606_110920.wav,clustering,clustering
/media/feliciano/Aux/AI_AFS_DATASET/AFS_BEHAVIOUR_DATASET/clustering/20260606_110922.wav,clustering,agitation
/media/feliciano/Aux/AI_AFS_DATASET/AFS_BEHAVIOUR_DATASET/clustering/20260606_110924.wav,clustering,clustering
/media/feliciano/Aux/AI_AFS_DATASET/AFS_BEHAVIOUR_DATASET/clustering/20260606_110926.wav,clustering,clustering
/media/feliciano/Aux/AI_AFS_DATASET/AFS_BEHAVIOUR_DATASET/clustering/20260606_110928.wav,clustering,clustering
/media/feliciano/Aux/AI_AFS_DATASET/AFS_BEHAVIOUR_DATASET/clustering/20260606_110930.wav,clustering,clustering
/media/feliciano/Aux/AI_AFS_DATASET/AFS_BEHAVIOUR_DATASET/clustering/20260606_110932.wav,clustering,clustering
/media/feliciano/Aux/AI_AFS_DATASET/AFS_BEHAVIOUR_DATASET/clustering/20260606_110934.wav,clustering,clustering
/media/feliciano/Aux/AI_AFS_DATASET/AFS_BEHAVIOUR_DATASET/clustering/20260606_110936.wav,clustering,clustering
/media/feliciano/Aux/AI_AFS_DATASET/AFS_BEHAVIOUR_DATASET/clustering/20260606_110938.wav,clustering,clustering
/media/feliciano/Aux/AI_AFS_DATASET/AFS_BEHAVIOUR_DATASET/clustering/20260606_110940.wav,clustering,clustering
/media/feliciano/Aux/AI_AFS_DATASET/AFS_BEHAVIOUR_DATASET/clustering/20260606_110942.wav,clustering,clustering
/media/feliciano/Aux/AI_AFS_DATASET/AFS_BEHAVIOUR_DATASET/clustering/20260606_110944.wav,clustering,clustering
/media/feliciano/Aux/AI_AFS_DATASET/AFS_BEHAVIOUR_DATASET/clustering/20260606_110946.wav,clustering,clustering
/media/feliciano/Aux/AI_AFS_DATASET/AFS_BEHAVIOUR_DATASET/clustering/20260606_110948.wav,clustering,clustering
/media/feliciano/Aux/AI_AFS_DATASET/AFS_BEHAVIOUR_DATASET/clustering/20260606_110950.wav,clustering,clustering
/media/feliciano/Aux/AI_AFS_DATASET/AFS_BEHAVIOUR_DATASET/clustering/20260606_110952.wav,clustering,clustering
/media/feliciano/Aux/AI_AFS_DATASET/AFS_BEHAVIOUR_DATASET/clustering/20260606_110954.wav,clustering,clustering
/media/feliciano/Aux/AI_AFS_DATASET/AFS_BEHAVIOUR_DATASET/clustering/20260606_110956.wav,clustering,clustering
/media/feliciano/Aux/AI_AFS_DATASET/AFS_BEHAVIOUR_DATASET/clustering/20260606_110958.wav,clustering,clustering
/media/feliciano/Aux/AI_AFS_DATASET/AFS_BEHAVIOUR_DATASET/clustering/20260611_134100.wav,clustering,clustering
/media/feliciano/Aux/AI_AFS_DATASET/AFS_BEHAVIOUR_DATASET/clustering/20260611_134102.wav,clustering,agitation
/media/feliciano/Aux/AI_AFS_DATASET/AFS_BEHAVIOUR_DATASET/clustering/20260611_134104.wav,clustering,clustering
/media/feliciano/Aux/AI_AFS_DATASET/AFS_BEHAVIOUR_DATASET/clustering/20260611_134106.wav,clustering,clustering
/media/feliciano/Aux/AI_AFS_DATASET/AFS_BEHAVIOUR_DATASET/clustering/20260611_134108.wav,clustering,clustering
/media/feliciano/Aux/AI_AFS_DATASET/AFS_BEHAVIOUR_DATASET/clustering/20260611_134110.wav,clustering,clustering
/media/feliciano/Aux/AI_AFS_DATASET/AFS_BEHAVIOUR_DATASET/clustering/20260611_134112.wav,clustering,clustering
/media/feliciano/Aux/AI_AFS_DATASET/AFS_BEHAVIOUR_DATASET/clustering/20260611_134114.wav,clustering,clustering
/media/feliciano/Aux/AI_AFS_DATASET/AFS_BEHAVIOUR_DATASET/clustering/20260611_134116.wav,clustering,clustering
/media/feliciano/Aux/AI_AFS_DATASET/AFS_BEHAVIOUR_DATASET/clustering/20260611_134118.wav,clustering,agitation
/media/feliciano/Aux/AI_AFS_DATASET/AFS_BEHAVIOUR_DATASET/clustering/20260611_134120.wav,clustering,clustering
/media/feliciano/Aux/AI_AFS_DATASET/AFS_BEHAVIOUR_DATASET/clustering/20260611_134122.wav,clustering,clustering
/media/feliciano/Aux/AI_AFS_DATASET/AFS_BEHAVIOUR_DATASET/clustering/20260611_134124.wav,clustering,clustering
/media/feliciano/Aux/AI_AFS_DATASET/AFS_BEHAVIOUR_DATASET/clustering/20260611_134126.wav,clustering,clustering
/media/feliciano/Aux/AI_AFS_DATASET/AFS_BEHAVIOUR_DATASET/clustering/20260611_134128.wav,clustering,clustering
/media/feliciano/Aux/AI_AFS_DATASET/AFS_BEHAVIOUR_DATASET/clustering/20260611_134130.wav,clustering,clustering
/media/feliciano/Aux/AI_AFS_DATASET/AFS_BEHAVIOUR_DATASET/clustering/20260611_134132.wav,clustering,clustering
/media/feliciano/Aux/AI_AFS_DATASET/AFS_BEHAVIOUR_DATASET/clustering/20260611_134134.wav,clustering,clustering
/media/feliciano/Aux/AI_AFS_DATASET/AFS_BEHAVIOUR_DATASET/clustering/20260611_134136.wav,clustering,clustering
/media/feliciano/Aux/AI_AFS_DATASET/AFS_BEHAVIOUR_DATASET/clustering/20260611_134138.wav,clustering,clustering
/media/feliciano/Aux/AI_AFS_DATASET/AFS_BEHAVIOUR_DATASET/clustering/20260611_134140.wav,clustering,clustering
/media/feliciano/Aux/AI_AFS_DATASET/AFS_BEHAVIOUR_DATASET/clustering/20260611_134142.wav,clustering,clustering
/media/feliciano/Aux/AI_AFS_DATASET/AFS_BEHAVIOUR_DATASET/clustering/20260611_134144.wav,clustering,agitation
/media/feliciano/Aux/AI_AFS_DATASET/AFS_BEHAVIOUR_DATASET/clustering/20260611_134146.wav,clustering,clustering
/media/feliciano/Aux/AI_AFS_DATASET/AFS_BEHAVIOUR_DATASET/clustering/20260611_134148.wav,clustering,clustering
/media/feliciano/Aux/AI_AFS_DATASET/AFS_BEHAVIOUR_DATASET/clustering/20260611_134150.wav,clustering,clustering
/media/feliciano/Aux/AI_AFS_DATASET/AFS_BEHAVIOUR_DATASET/clustering/20260611_134152.wav,clustering,clustering
/media/feliciano/Aux/AI_AFS_DATASET/AFS_BEHAVIOUR_DATASET/clustering/20260611_134154.wav,clustering,clustering
/media/feliciano/Aux/AI_AFS_DATASET/AFS_BEHAVIOUR_DATASET/clustering/20260611_134156.wav,clustering,agitation
/media/feliciano/Aux/AI_AFS_DATASET/AFS_BEHAVIOUR_DATASET/clustering/20260611_134158.wav,clustering,clustering
/media/feliciano/Aux/AI_AFS_DATASET/AFS_BEHAVIOUR_DATASET/clustering/20260611_134200.wav,clustering,clustering
/media/feliciano/Aux/AI_AFS_DATASET/AFS_BEHAVIOUR_DATASET/clustering/20260611_134202.wav,clustering,clustering
/media/feliciano/Aux/AI_AFS_DATASET/AFS_BEHAVIOUR_DATASET/clustering/20260611_134204.wav,clustering,clustering
/media/feliciano/Aux/AI_AFS_DATASET/AFS_BEHAVIOUR_DATASET/clustering/20260611_134206.wav,clustering,clustering
/media/feliciano/Aux/AI_AFS_DATASET/AFS_BEHAVIOUR_DATASET/clustering/20260611_134208.wav,clustering,clustering
/media/feliciano/Aux/AI_AFS_DATASET/AFS_BEHAVIOUR_DATASET/clustering/20260611_134210.wav,clustering,clustering
/media/feliciano/Aux/AI_AFS_DATASET/AFS_BEHAVIOUR_DATASET/clustering/20260611_134212.wav,clustering,clustering
/media/feliciano/Aux/AI_AFS_DATASET/AFS_BEHAVIOUR_DATASET/clustering/20260611_134214.wav,clustering,clustering
/media/feliciano/Aux/AI_AFS_DATASET/AFS_BEHAVIOUR_DATASET/clustering/20260611_134216.wav,clustering,clustering
/media/feliciano/Aux/AI_AFS_DATASET/AFS_BEHAVIOUR_DATASET/clustering/20260611_134218.wav,clustering,clustering
/media/feliciano/Aux/AI_AFS_DATASET/AFS_BEHAVIOUR_DATASET/clustering/20260611_134220.wav,clustering,agitation
/media/feliciano/Aux/AI_AFS_DATASET/AFS_BEHAVIOUR_DATASET/clustering/20260611_134222.wav,clustering,clustering
/media/feliciano/Aux/AI_AFS_DATASET/AFS_BEHAVIOUR_DATASET/clustering/20260611_134224.wav,clustering,clustering
/media/feliciano/Aux/AI_AFS_DATASET/AFS_BEHAVIOUR_DATASET/clustering/20260611_134226.wav,clustering,clustering
/media/feliciano/Aux/AI_AFS_DATASET/AFS_BEHAVIOUR_DATASET/clustering/20260611_134228.wav,clustering,clustering
/media/feliciano/Aux/AI_AFS_DATASET/AFS_BEHAVIOUR_DATASET/clustering/20260611_134230.wav,clustering,clustering
/media/feliciano/Aux/AI_AFS_DATASET/AFS_BEHAVIOUR_DATASET/clustering/20260611_134232.wav,clustering,clustering
/media/feliciano/Aux/AI_AFS_DATASET/AFS_BEHAVIOUR_DATASET/clustering/20260611_134234.wav,clustering,agitation
/media/feliciano/Aux/AI_AFS_DATASET/AFS_BEHAVIOUR_DATASET/clustering/20260611_134236.wav,clustering,agitation
/media/feliciano/Aux/AI_AFS_DATASET/AFS_BEHAVIOUR_DATASET/clustering/20260611_134238.wav,clustering,agitation
/media/feliciano/Aux/AI_AFS_DATASET/AFS_BEHAVIOUR_DATASET/clustering/20260611_134240.wav,clustering,agitation
/media/feliciano/Aux/AI_AFS_DATASET/AFS_BEHAVIOUR_DATASET/clustering/20260611_134242.wav,clustering,agitation
/media/feliciano/Aux/AI_AFS_DATASET/AFS_BEHAVIOUR_DATASET/clustering/20260611_134244.wav,clustering,clustering
/media/feliciano/Aux/AI_AFS_DATASET/AFS_BEHAVIOUR_DATASET/clustering/20260611_134246.wav,clustering,clustering
/media/feliciano/Aux/AI_AFS_DATASET/AFS_BEHAVIOUR_DATASET/clustering/20260611_134248.wav,clustering,clustering
/media/feliciano/Aux/AI_AFS_DATASET/AFS_BEHAVIOUR_DATASET/clustering/20260611_134250.wav,clustering,clustering
/media/feliciano/Aux/AI_AFS_DATASET/AFS_BEHAVIOUR_DATASET/clustering/20260611_134252.wav,clustering,clustering
/media/feliciano/Aux/AI_AFS_DATASET/AFS_BEHAVIOUR_DATASET/clustering/20260611_134254.wav,clustering,clustering
/media/feliciano/Aux/AI_AFS_DATASET/AFS_BEHAVIOUR_DATASET/clustering/20260611_134256.wav,clustering,clustering
/media/feliciano/Aux/AI_AFS_DATASET/AFS_BEHAVIOUR_DATASET/clustering/20260611_134258.wav,clustering,clustering
/media/feliciano/Aux/AI_AFS_DATASET/AFS_BEHAVIOUR_DATASET/clustering/20260611_134300.wav,clustering,clustering
/media/feliciano/Aux/AI_AFS_DATASET/AFS_BEHAVIOUR_DATASET/clustering/20260611_134302.wav,clustering,clustering
/media/feliciano/Aux/AI_AFS_DATASET/AFS_BEHAVIOUR_DATASET/clustering/20260611_134304.wav,clustering,clustering
/media/feliciano/Aux/AI_AFS_DATASET/AFS_BEHAVIOUR_DATASET/clustering/20260611_134306.wav,clustering,clustering
/media/feliciano/Aux/AI_AFS_DATASET/AFS_BEHAVIOUR_DATASET/clustering/20260611_134308.wav,clustering,clustering
/media/feliciano/Aux/AI_AFS_DATASET/AFS_BEHAVIOUR_DATASET/clustering/20260611_134310.wav,clustering,clustering
/media/feliciano/Aux/AI_AFS_DATASET/AFS_BEHAVIOUR_DATASET/clustering/20260611_134312.wav,clustering,clustering
/media/feliciano/Aux/AI_AFS_DATASET/AFS_BEHAVIOUR_DATASET/clustering/20260611_134314.wav,clustering,agitation
/media/feliciano/Aux/AI_AFS_DATASET/AFS_BEHAVIOUR_DATASET/clustering/20260611_134316.wav,clustering,clustering
/media/feliciano/Aux/AI_AFS_DATASET/AFS_BEHAVIOUR_DATASET/clustering/20260611_134318.wav,clustering,clustering
/media/feliciano/Aux/AI_AFS_DATASET/AFS_BEHAVIOUR_DATASET/clustering/20260611_134320.wav,clustering,clustering
/media/feliciano/Aux/AI_AFS_DATASET/AFS_BEHAVIOUR_DATASET/clustering/20260611_134322.wav,clustering,clustering
/media/feliciano/Aux/AI_AFS_DATASET/AFS_BEHAVIOUR_DATASET/clustering/20260611_134324.wav,clustering,clustering
/media/feliciano/Aux/AI_AFS_DATASET/AFS_BEHAVIOUR_DATASET/clustering/20260611_134326.wav,clustering,clustering
/media/feliciano/Aux/AI_AFS_DATASET/AFS_BEHAVIOUR_DATASET/clustering/20260611_134328.wav,clustering,clustering
/media/feliciano/Aux/AI_AFS_DATASET/AFS_BEHAVIOUR_DATASET/clustering/20260611_134330.wav,clustering,clustering
/media/feliciano/Aux/AI_AFS_DATASET/AFS_BEHAVIOUR_DATASET/clustering/20260611_134332.wav,clustering,clustering
/media/feliciano/Aux/AI_AFS_DATASET/AFS_BEHAVIOUR_DATASET/clustering/20260611_134334.wav,clustering,clustering
/media/feliciano/Aux/AI_AFS_DATASET/AFS_BEHAVIOUR_DATASET/clustering/20260611_134336.wav,clustering,clustering
/media/feliciano/Aux/AI_AFS_DATASET/AFS_BEHAVIOUR_DATASET/clustering/20260611_134338.wav,clustering,clustering
/media/feliciano/Aux/AI_AFS_DATASET/AFS_BEHAVIOUR_DATASET/clustering/20260611_134340.wav,clustering,agitation
/media/feliciano/Aux/AI_AFS_DATASET/AFS_BEHAVIOUR_DATASET/clustering/20260611_134342.wav,clustering,clustering
/media/feliciano/Aux/AI_AFS_DATASET/AFS_BEHAVIOUR_DATASET/clustering/20260611_134344.wav,clustering,clustering
/media/feliciano/Aux/AI_AFS_DATASET/AFS_BEHAVIOUR_DATASET/clustering/20260611_134346.wav,clustering,agitation
/media/feliciano/Aux/AI_AFS_DATASET/AFS_BEHAVIOUR_DATASET/clustering/20260611_134348.wav,clustering,agitation
/media/feliciano/Aux/AI_AFS_DATASET/AFS_BEHAVIOUR_DATASET/clustering/20260611_134350.wav,clustering,clustering
/media/feliciano/Aux/AI_AFS_DATASET/AFS_BEHAVIOUR_DATASET/clustering/20260611_134352.wav,clustering,clustering
/media/feliciano/Aux/AI_AFS_DATASET/AFS_BEHAVIOUR_DATASET/clustering/20260611_134354.wav,clustering,clustering
/media/feliciano/Aux/AI_AFS_DATASET/AFS_BEHAVIOUR_DATASET/clustering/20260611_134356.wav,clustering,clustering
/media/feliciano/Aux/AI_AFS_DATASET/AFS_BEHAVIOUR_DATASET/clustering/20260611_134358.wav,clustering,clustering
/media/feliciano/Aux/AI_AFS_DATASET/AFS_BEHAVIOUR_DATASET/clustering/20260611_134400.wav,clustering,clustering
/media/feliciano/Aux/AI_AFS_DATASET/AFS_BEHAVIOUR_DATASET/clustering/20260611_134402.wav,clustering,clustering
/media/feliciano/Aux/AI_AFS_DATASET/AFS_BEHAVIOUR_DATASET/clustering/20260611_134404.wav,clustering,clustering
/media/feliciano/Aux/AI_AFS_DATASET/AFS_BEHAVIOUR_DATASET/clustering/20260611_134406.wav,clustering,clustering
/media/feliciano/Aux/AI_AFS_DATASET/AFS_BEHAVIOUR_DATASET/clustering/20260611_134408.wav,clustering,clustering
/media/feliciano/Aux/AI_AFS_DATASET/AFS_BEHAVIOUR_DATASET/clustering/20260611_134410.wav,clustering,clustering
/media/feliciano/Aux/AI_AFS_DATASET/AFS_BEHAVIOUR_DATASET/clustering/20260611_134412.wav,clustering,agitation
/media/feliciano/Aux/AI_AFS_DATASET/AFS_BEHAVIOUR_DATASET/clustering/20260611_134414.wav,clustering,clustering
/media/feliciano/Aux/AI_AFS_DATASET/AFS_BEHAVIOUR_DATASET/clustering/20260611_134416.wav,clustering,agitation
/media/feliciano/Aux/AI_AFS_DATASET/AFS_BEHAVIOUR_DATASET/clustering/20260611_134418.wav,clustering,clustering
/media/feliciano/Aux/AI_AFS_DATASET/AFS_BEHAVIOUR_DATASET/clustering/20260611_134420.wav,clustering,clustering
/media/feliciano/Aux/AI_AFS_DATASET/AFS_BEHAVIOUR_DATASET/clustering/20260611_134422.wav,clustering,clustering
/media/feliciano/Aux/AI_AFS_DATASET/AFS_BEHAVIOUR_DATASET/clustering/20260611_134424.wav,clustering,clustering
/media/feliciano/Aux/AI_AFS_DATASET/AFS_BEHAVIOUR_DATASET/clustering/20260611_134426.wav,clustering,clustering
/media/feliciano/Aux/AI_AFS_DATASET/AFS_BEHAVIOUR_DATASET/clustering/20260611_134428.wav,clustering,clustering
/media/feliciano/Aux/AI_AFS_DATASET/AFS_BEHAVIOUR_DATASET/clustering/20260611_134430.wav,clustering,agitation
/media/feliciano/Aux/AI_AFS_DATASET/AFS_BEHAVIOUR_DATASET/clustering/20260611_134432.wav,clustering,clustering
/media/feliciano/Aux/AI_AFS_DATASET/AFS_BEHAVIOUR_DATASET/clustering/20260611_134434.wav,clustering,agitation
/media/feliciano/Aux/AI_AFS_DATASET/AFS_BEHAVIOUR_DATASET/clustering/20260611_134436.wav,clustering,clustering
/media/feliciano/Aux/AI_AFS_DATASET/AFS_BEHAVIOUR_DATASET/clustering/20260611_134438.wav,clustering,clustering
/media/feliciano/Aux/AI_AFS_DATASET/AFS_BEHAVIOUR_DATASET/clustering/20260611_134440.wav,clustering,clustering
/media/feliciano/Aux/AI_AFS_DATASET/AFS_BEHAVIOUR_DATASET/clustering/20260611_134442.wav,clustering,clustering
/media/feliciano/Aux/AI_AFS_DATASET/AFS_BEHAVIOUR_DATASET/clustering/20260611_134444.wav,clustering,agitation
/media/feliciano/Aux/AI_AFS_DATASET/AFS_BEHAVIOUR_DATASET/clustering/20260611_134446.wav,clustering,clustering
/media/feliciano/Aux/AI_AFS_DATASET/AFS_BEHAVIOUR_DATASET/clustering/20260611_134448.wav,clustering,agitation
/media/feliciano/Aux/AI_AFS_DATASET/AFS_BEHAVIOUR_DATASET/clustering/20260611_134450.wav,clustering,agitation
/media/feliciano/Aux/AI_AFS_DATASET/AFS_BEHAVIOUR_DATASET/clustering/20260611_134452.wav,clustering,agitation
/media/feliciano/Aux/AI_AFS_DATASET/AFS_BEHAVIOUR_DATASET/clustering/20260611_134454.wav,clustering,clustering
/media/feliciano/Aux/AI_AFS_DATASET/AFS_BEHAVIOUR_DATASET/clustering/20260611_134456.wav,clustering,agitation
/media/feliciano/Aux/AI_AFS_DATASET/AFS_BEHAVIOUR_DATASET/clustering/20260611_134458.wav,clustering,clustering
/media/feliciano/Aux/AI_AFS_DATASET/AFS_BEHAVIOUR_DATASET/clustering/20260611_134500.wav,clustering,clustering
/media/feliciano/Aux/AI_AFS_DATASET/AFS_BEHAVIOUR_DATASET/clustering/20260611_134502.wav,clustering,clustering
/media/feliciano/Aux/AI_AFS_DATASET/AFS_BEHAVIOUR_DATASET/clustering/20260611_134504.wav,clustering,clustering
/media/feliciano/Aux/AI_AFS_DATASET/AFS_BEHAVIOUR_DATASET/clustering/20260611_134506.wav,clustering,clustering
/media/feliciano/Aux/AI_AFS_DATASET/AFS_BEHAVIOUR_DATASET/clustering/20260611_134508.wav,clustering,clustering
/media/feliciano/Aux/AI_AFS_DATASET/AFS_BEHAVIOUR_DATASET/clustering/20260611_134510.wav,clustering,clustering
/media/feliciano/Aux/AI_AFS_DATASET/AFS_BEHAVIOUR_DATASET/clustering/20260611_134512.wav,clustering,clustering
/media/feliciano/Aux/AI_AFS_DATASET/AFS_BEHAVIOUR_DATASET/clustering/20260611_134514.wav,clustering,clustering
/media/feliciano/Aux/AI_AFS_DATASET/AFS_BEHAVIOUR_DATASET/clustering/20260611_134516.wav,clustering,clustering
/media/feliciano/Aux/AI_AFS_DATASET/AFS_BEHAVIOUR_DATASET/clustering/20260611_134518.wav,clustering,clustering
/media/feliciano/Aux/AI_AFS_DATASET/AFS_BEHAVIOUR_DATASET/clustering/20260611_134520.wav,clustering,clustering
/media/feliciano/Aux/AI_AFS_DATASET/AFS_BEHAVIOUR_DATASET/clustering/20260611_134522.wav,clustering,agitation
/media/feliciano/Aux/AI_AFS_DATASET/AFS_BEHAVIOUR_DATASET/clustering/20260611_134524.wav,clustering,clustering
/media/feliciano/Aux/AI_AFS_DATASET/AFS_BEHAVIOUR_DATASET/clustering/20260611_134526.wav,clustering,clustering
/media/feliciano/Aux/AI_AFS_DATASET/AFS_BEHAVIOUR_DATASET/clustering/20260611_134528.wav,clustering,clustering
/media/feliciano/Aux/AI_AFS_DATASET/AFS_BEHAVIOUR_DATASET/clustering/20260611_134530.wav,clustering,clustering
/media/feliciano/Aux/AI_AFS_DATASET/AFS_BEHAVIOUR_DATASET/clustering/20260611_134532.wav,clustering,clustering
/media/feliciano/Aux/AI_AFS_DATASET/AFS_BEHAVIOUR_DATASET/clustering/20260611_134534.wav,clustering,clustering
/media/feliciano/Aux/AI_AFS_DATASET/AFS_BEHAVIOUR_DATASET/clustering/20260611_134536.wav,clustering,agitation
/media/feliciano/Aux/AI_AFS_DATASET/AFS_BEHAVIOUR_DATASET/clustering/20260611_134538.wav,clustering,agitation
/media/feliciano/Aux/AI_AFS_DATASET/AFS_BEHAVIOUR_DATASET/clustering/20260611_134540.wav,clustering,clustering
/media/feliciano/Aux/AI_AFS_DATASET/AFS_BEHAVIOUR_DATASET/clustering/20260611_134542.wav,clustering,clustering
/media/feliciano/Aux/AI_AFS_DATASET/AFS_BEHAVIOUR_DATASET/clustering/20260611_134544.wav,clustering,clustering
/media/feliciano/Aux/AI_AFS_DATASET/AFS_BEHAVIOUR_DATASET/clustering/20260611_134546.wav,clustering,clustering
/media/feliciano/Aux/AI_AFS_DATASET/AFS_BEHAVIOUR_DATASET/clustering/20260611_134548.wav,clustering,clustering
/media/feliciano/Aux/AI_AFS_DATASET/AFS_BEHAVIOUR_DATASET/clustering/20260611_134550.wav,clustering,agitation
/media/feliciano/Aux/AI_AFS_DATASET/AFS_BEHAVIOUR_DATASET/clustering/20260611_134552.wav,clustering,agitation
/media/feliciano/Aux/AI_AFS_DATASET/AFS_BEHAVIOUR_DATASET/clustering/20260611_134554.wav,clustering,clustering
/media/feliciano/Aux/AI_AFS_DATASET/AFS_BEHAVIOUR_DATASET/clustering/20260611_134556.wav,clustering,agitation
/media/feliciano/Aux/AI_AFS_DATASET/AFS_BEHAVIOUR_DATASET/clustering/20260611_134558.wav,clustering,clustering
/media/feliciano/Aux/AI_AFS_DATASET/AFS_BEHAVIOUR_DATASET/clustering/20260611_134600.wav,clustering,clustering
/media/feliciano/Aux/AI_AFS_DATASET/AFS_BEHAVIOUR_DATASET/clustering/20260611_134602.wav,clustering,clustering
/media/feliciano/Aux/AI_AFS_DATASET/AFS_BEHAVIOUR_DATASET/clustering/20260611_134604.wav,clustering,clustering
/media/feliciano/Aux/AI_AFS_DATASET/AFS_BEHAVIOUR_DATASET/clustering/20260611_134606.wav,clustering,clustering
/media/feliciano/Aux/AI_AFS_DATASET/AFS_BEHAVIOUR_DATASET/clustering/20260611_134608.wav,clustering,clustering
/media/feliciano/Aux/AI_AFS_DATASET/AFS_BEHAVIOUR_DATASET/clustering/20260611_134610.wav,clustering,clustering
/media/feliciano/Aux/AI_AFS_DATASET/AFS_BEHAVIOUR_DATASET/clustering/20260611_134612.wav,clustering,clustering
/media/feliciano/Aux/AI_AFS_DATASET/AFS_BEHAVIOUR_DATASET/clustering/20260611_134614.wav,clustering,clustering
/media/feliciano/Aux/AI_AFS_DATASET/AFS_BEHAVIOUR_DATASET/clustering/20260611_134616.wav,clustering,clustering
/media/feliciano/Aux/AI_AFS_DATASET/AFS_BEHAVIOUR_DATASET/clustering/20260611_134618.wav,clustering,clustering
/media/feliciano/Aux/AI_AFS_DATASET/AFS_BEHAVIOUR_DATASET/clustering/20260611_134620.wav,clustering,clustering
/media/feliciano/Aux/AI_AFS_DATASET/AFS_BEHAVIOUR_DATASET/clustering/20260611_134622.wav,clustering,clustering
/media/feliciano/Aux/AI_AFS_DATASET/AFS_BEHAVIOUR_DATASET/clustering/20260611_134624.wav,clustering,clustering
/media/feliciano/Aux/AI_AFS_DATASET/AFS_BEHAVIOUR_DATASET/clustering/20260611_134626.wav,clustering,clustering
/media/feliciano/Aux/AI_AFS_DATASET/AFS_BEHAVIOUR_DATASET/clustering/20260611_134628.wav,clustering,clustering
/media/feliciano/Aux/AI_AFS_DATASET/AFS_BEHAVIOUR_DATASET/clustering/20260611_134630.wav,clustering,clustering
/media/feliciano/Aux/AI_AFS_DATASET/AFS_BEHAVIOUR_DATASET/clustering/20260611_134632.wav,clustering,clustering
/media/feliciano/Aux/AI_AFS_DATASET/AFS_BEHAVIOUR_DATASET/clustering/20260611_134634.wav,clustering,clustering
/media/feliciano/Aux/AI_AFS_DATASET/AFS_BEHAVIOUR_DATASET/clustering/20260611_134636.wav,clustering,clustering
/media/feliciano/Aux/AI_AFS_DATASET/AFS_BEHAVIOUR_DATASET/clustering/20260611_134638.wav,clustering,clustering
/media/feliciano/Aux/AI_AFS_DATASET/AFS_BEHAVIOUR_DATASET/clustering/20260611_134640.wav,clustering,clustering
/media/feliciano/Aux/AI_AFS_DATASET/AFS_BEHAVIOUR_DATASET/clustering/20260611_134642.wav,clustering,clustering
/media/feliciano/Aux/AI_AFS_DATASET/AFS_BEHAVIOUR_DATASET/clustering/20260611_134644.wav,clustering,clustering
/media/feliciano/Aux/AI_AFS_DATASET/AFS_BEHAVIOUR_DATASET/clustering/20260611_134646.wav,clustering,clustering
/media/feliciano/Aux/AI_AFS_DATASET/AFS_BEHAVIOUR_DATASET/clustering/20260611_134648.wav,clustering,clustering
/media/feliciano/Aux/AI_AFS_DATASET/AFS_BEHAVIOUR_DATASET/clustering/20260611_134650.wav,clustering,clustering
/media/feliciano/Aux/AI_AFS_DATASET/AFS_BEHAVIOUR_DATASET/clustering/20260611_134652.wav,clustering,clustering
/media/feliciano/Aux/AI_AFS_DATASET/AFS_BEHAVIOUR_DATASET/clustering/20260611_134654.wav,clustering,clustering
/media/feliciano/Aux/AI_AFS_DATASET/AFS_BEHAVIOUR_DATASET/clustering/20260611_134656.wav,clustering,clustering
/media/feliciano/Aux/AI_AFS_DATASET/AFS_BEHAVIOUR_DATASET/clustering/20260611_134658.wav,clustering,clustering
/media/feliciano/Aux/AI_AFS_DATASET/AFS_BEHAVIOUR_DATASET/clustering/20260611_134700.wav,clustering,clustering
/media/feliciano/Aux/AI_AFS_DATASET/AFS_BEHAVIOUR_DATASET/clustering/20260611_134702.wav,clustering,clustering
/media/feliciano/Aux/AI_AFS_DATASET/AFS_BEHAVIOUR_DATASET/clustering/20260611_134704.wav,clustering,clustering
/media/feliciano/Aux/AI_AFS_DATASET/AFS_BEHAVIOUR_DATASET/clustering/20260611_134706.wav,clustering,clustering
/media/feliciano/Aux/AI_AFS_DATASET/AFS_BEHAVIOUR_DATASET/clustering/20260611_134708.wav,clustering,clustering
/media/feliciano/Aux/AI_AFS_DATASET/AFS_BEHAVIOUR_DATASET/clustering/20260611_134710.wav,clustering,clustering
/media/feliciano/Aux/AI_AFS_DATASET/AFS_BEHAVIOUR_DATASET/clustering/20260611_134712.wav,clustering,clustering
/media/feliciano/Aux/AI_AFS_DATASET/AFS_BEHAVIOUR_DATASET/clustering/20260611_134714.wav,clustering,clustering
/media/feliciano/Aux/AI_AFS_DATASET/AFS_BEHAVIOUR_DATASET/clustering/20260611_134716.wav,clustering,clustering
/media/feliciano/Aux/AI_AFS_DATASET/AFS_BEHAVIOUR_DATASET/clustering/20260611_134718.wav,clustering,clustering
/media/feliciano/Aux/AI_AFS_DATASET/AFS_BEHAVIOUR_DATASET/clustering/20260611_134720.wav,clustering,clustering
/media/feliciano/Aux/AI_AFS_DATASET/AFS_BEHAVIOUR_DATASET/clustering/20260611_134722.wav,clustering,clustering
/media/feliciano/Aux/AI_AFS_DATASET/AFS_BEHAVIOUR_DATASET/clustering/20260611_134724.wav,clustering,clustering
/media/feliciano/Aux/AI_AFS_DATASET/AFS_BEHAVIOUR_DATASET/clustering/20260611_134726.wav,clustering,clustering
/media/feliciano/Aux/AI_AFS_DATASET/AFS_BEHAVIOUR_DATASET/clustering/20260611_134728.wav,clustering,clustering
/media/feliciano/Aux/AI_AFS_DATASET/AFS_BEHAVIOUR_DATASET/clustering/20260611_134730.wav,clustering,clustering
/media/feliciano/Aux/AI_AFS_DATASET/AFS_BEHAVIOUR_DATASET/clustering/20260611_134732.wav,clustering,clustering
/media/feliciano/Aux/AI_AFS_DATASET/AFS_BEHAVIOUR_DATASET/clustering/20260611_134734.wav,clustering,agitation
/media/feliciano/Aux/AI_AFS_DATASET/AFS_BEHAVIOUR_DATASET/clustering/20260611_134736.wav,clustering,clustering
/media/feliciano/Aux/AI_AFS_DATASET/AFS_BEHAVIOUR_DATASET/clustering/20260611_134738.wav,clustering,agitation
/media/feliciano/Aux/AI_AFS_DATASET/AFS_BEHAVIOUR_DATASET/clustering/20260611_134740.wav,clustering,clustering
/media/feliciano/Aux/AI_AFS_DATASET/AFS_BEHAVIOUR_DATASET/clustering/20260611_134742.wav,clustering,agitation
/media/feliciano/Aux/AI_AFS_DATASET/AFS_BEHAVIOUR_DATASET/clustering/20260611_134744.wav,clustering,agitation
/media/feliciano/Aux/AI_AFS_DATASET/AFS_BEHAVIOUR_DATASET/clustering/20260611_134746.wav,clustering,clustering
/media/feliciano/Aux/AI_AFS_DATASET/AFS_BEHAVIOUR_DATASET/clustering/20260611_134748.wav,clustering,clustering
/media/feliciano/Aux/AI_AFS_DATASET/AFS_BEHAVIOUR_DATASET/clustering/20260611_134750.wav,clustering,clustering
/media/feliciano/Aux/AI_AFS_DATASET/AFS_BEHAVIOUR_DATASET/clustering/20260611_134752.wav,clustering,clustering
/media/feliciano/Aux/AI_AFS_DATASET/AFS_BEHAVIOUR_DATASET/clustering/20260611_134754.wav,clustering,clustering
/media/feliciano/Aux/AI_AFS_DATASET/AFS_BEHAVIOUR_DATASET/clustering/20260611_134756.wav,clustering,clustering
/media/feliciano/Aux/AI_AFS_DATASET/AFS_BEHAVIOUR_DATASET/clustering/20260611_134758.wav,clustering,clustering
/media/feliciano/Aux/AI_AFS_DATASET/AFS_BEHAVIOUR_DATASET/clustering/20260611_134800.wav,clustering,clustering
/media/feliciano/Aux/AI_AFS_DATASET/AFS_BEHAVIOUR_DATASET/clustering/20260611_134802.wav,clustering,clustering
/media/feliciano/Aux/AI_AFS_DATASET/AFS_BEHAVIOUR_DATASET/clustering/20260611_134804.wav,clustering,clustering
/media/feliciano/Aux/AI_AFS_DATASET/AFS_BEHAVIOUR_DATASET/clustering/20260611_134806.wav,clustering,clustering
/media/feliciano/Aux/AI_AFS_DATASET/AFS_BEHAVIOUR_DATASET/clustering/20260611_134808.wav,clustering,clustering
/media/feliciano/Aux/AI_AFS_DATASET/AFS_BEHAVIOUR_DATASET/clustering/20260611_134810.wav,clustering,clustering
/media/feliciano/Aux/AI_AFS_DATASET/AFS_BEHAVIOUR_DATASET/clustering/20260611_134812.wav,clustering,clustering
/media/feliciano/Aux/AI_AFS_DATASET/AFS_BEHAVIOUR_DATASET/clustering/20260611_134814.wav,clustering,clustering
/media/feliciano/Aux/AI_AFS_DATASET/AFS_BEHAVIOUR_DATASET/clustering/20260611_134816.wav,clustering,clustering
/media/feliciano/Aux/AI_AFS_DATASET/AFS_BEHAVIOUR_DATASET/clustering/20260611_134818.wav,clustering,clustering
/media/feliciano/Aux/AI_AFS_DATASET/AFS_BEHAVIOUR_DATASET/clustering/20260611_134820.wav,clustering,clustering
/media/feliciano/Aux/AI_AFS_DATASET/AFS_BEHAVIOUR_DATASET/clustering/20260611_134822.wav,clustering,clustering
/media/feliciano/Aux/AI_AFS_DATASET/AFS_BEHAVIOUR_DATASET/clustering/20260611_134824.wav,clustering,clustering
/media/feliciano/Aux/AI_AFS_DATASET/AFS_BEHAVIOUR_DATASET/clustering/20260611_134826.wav,clustering,clustering
/media/feliciano/Aux/AI_AFS_DATASET/AFS_BEHAVIOUR_DATASET/clustering/20260611_134828.wav,clustering,clustering
/media/feliciano/Aux/AI_AFS_DATASET/AFS_BEHAVIOUR_DATASET/clustering/20260611_134830.wav,clustering,clustering
/media/feliciano/Aux/AI_AFS_DATASET/AFS_BEHAVIOUR_DATASET/clustering/20260611_134832.wav,clustering,clustering
/media/feliciano/Aux/AI_AFS_DATASET/AFS_BEHAVIOUR_DATASET/clustering/20260611_134834.wav,clustering,clustering
/media/feliciano/Aux/AI_AFS_DATASET/AFS_BEHAVIOUR_DATASET/clustering/20260611_134836.wav,clustering,clustering
/media/feliciano/Aux/AI_AFS_DATASET/AFS_BEHAVIOUR_DATASET/clustering/20260611_134838.wav,clustering,clustering
/media/feliciano/Aux/AI_AFS_DATASET/AFS_BEHAVIOUR_DATASET/clustering/20260611_134840.wav,clustering,clustering
/media/feliciano/Aux/AI_AFS_DATASET/AFS_BEHAVIOUR_DATASET/clustering/20260611_134842.wav,clustering,clustering
/media/feliciano/Aux/AI_AFS_DATASET/AFS_BEHAVIOUR_DATASET/clustering/20260611_134844.wav,clustering,clustering
/media/feliciano/Aux/AI_AFS_DATASET/AFS_BEHAVIOUR_DATASET/clustering/20260611_134846.wav,clustering,agitation
/media/feliciano/Aux/AI_AFS_DATASET/AFS_BEHAVIOUR_DATASET/clustering/20260611_134848.wav,clustering,clustering
/media/feliciano/Aux/AI_AFS_DATASET/AFS_BEHAVIOUR_DATASET/clustering/20260611_134850.wav,clustering,clustering
/media/feliciano/Aux/AI_AFS_DATASET/AFS_BEHAVIOUR_DATASET/clustering/20260611_134852.wav,clustering,clustering
/media/feliciano/Aux/AI_AFS_DATASET/AFS_BEHAVIOUR_DATASET/clustering/20260611_134854.wav,clustering,clustering
/media/feliciano/Aux/AI_AFS_DATASET/AFS_BEHAVIOUR_DATASET/clustering/20260611_134856.wav,clustering,clustering
/media/feliciano/Aux/AI_AFS_DATASET/AFS_BEHAVIOUR_DATASET/clustering/20260611_134858.wav,clustering,clustering
/media/feliciano/Aux/AI_AFS_DATASET/AFS_BEHAVIOUR_DATASET/clustering/20260611_134900.wav,clustering,clustering
/media/feliciano/Aux/AI_AFS_DATASET/AFS_BEHAVIOUR_DATASET/clustering/20260611_134902.wav,clustering,clustering
/media/feliciano/Aux/AI_AFS_DATASET/AFS_BEHAVIOUR_DATASET/clustering/20260611_134904.wav,clustering,clustering
/media/feliciano/Aux/AI_AFS_DATASET/AFS_BEHAVIOUR_DATASET/clustering/20260611_134906.wav,clustering,clustering
/media/feliciano/Aux/AI_AFS_DATASET/AFS_BEHAVIOUR_DATASET/clustering/20260611_134908.wav,clustering,clustering
/media/feliciano/Aux/AI_AFS_DATASET/AFS_BEHAVIOUR_DATASET/clustering/20260611_134910.wav,clustering,clustering
/media/feliciano/Aux/AI_AFS_DATASET/AFS_BEHAVIOUR_DATASET/clustering/20260611_134912.wav,clustering,clustering
/media/feliciano/Aux/AI_AFS_DATASET/AFS_BEHAVIOUR_DATASET/clustering/20260611_134914.wav,clustering,clustering
/media/feliciano/Aux/AI_AFS_DATASET/AFS_BEHAVIOUR_DATASET/clustering/20260611_134916.wav,clustering,clustering
/media/feliciano/Aux/AI_AFS_DATASET/AFS_BEHAVIOUR_DATASET/clustering/20260611_134918.wav,clustering,clustering
/media/feliciano/Aux/AI_AFS_DATASET/AFS_BEHAVIOUR_DATASET/clustering/20260611_134920.wav,clustering,clustering
/media/feliciano/Aux/AI_AFS_DATASET/AFS_BEHAVIOUR_DATASET/clustering/20260611_134922.wav,clustering,clustering
/media/feliciano/Aux/AI_AFS_DATASET/AFS_BEHAVIOUR_DATASET/clustering/20260611_134924.wav,clustering,clustering
/media/feliciano/Aux/AI_AFS_DATASET/AFS_BEHAVIOUR_DATASET/clustering/20260611_134926.wav,clustering,clustering
/media/feliciano/Aux/AI_AFS_DATASET/AFS_BEHAVIOUR_DATASET/clustering/20260611_134928.wav,clustering,clustering
/media/feliciano/Aux/AI_AFS_DATASET/AFS_BEHAVIOUR_DATASET/clustering/20260611_134930.wav,clustering,clustering
/media/feliciano/Aux/AI_AFS_DATASET/AFS_BEHAVIOUR_DATASET/clustering/20260611_134932.wav,clustering,clustering
/media/feliciano/Aux/AI_AFS_DATASET/AFS_BEHAVIOUR_DATASET/clustering/20260611_134934.wav,clustering,clustering
/media/feliciano/Aux/AI_AFS_DATASET/AFS_BEHAVIOUR_DATASET/clustering/20260611_134936.wav,clustering,clustering
/media/feliciano/Aux/AI_AFS_DATASET/AFS_BEHAVIOUR_DATASET/clustering/20260611_134938.wav,clustering,clustering
/media/feliciano/Aux/AI_AFS_DATASET/AFS_BEHAVIOUR_DATASET/clustering/20260611_134940.wav,clustering,clustering
/media/feliciano/Aux/AI_AFS_DATASET/AFS_BEHAVIOUR_DATASET/clustering/20260611_134942.wav,clustering,clustering
/media/feliciano/Aux/AI_AFS_DATASET/AFS_BEHAVIOUR_DATASET/clustering/20260611_134944.wav,clustering,clustering
/media/feliciano/Aux/AI_AFS_DATASET/AFS_BEHAVIOUR_DATASET/clustering/20260611_134946.wav,clustering,clustering
/media/feliciano/Aux/AI_AFS_DATASET/AFS_BEHAVIOUR_DATASET/clustering/20260611_134948.wav,clustering,clustering
/media/feliciano/Aux/AI_AFS_DATASET/AFS_BEHAVIOUR_DATASET/clustering/20260611_134950.wav,clustering,clustering
/media/feliciano/Aux/AI_AFS_DATASET/AFS_BEHAVIOUR_DATASET/clustering/20260611_134952.wav,clustering,clustering
/media/feliciano/Aux/AI_AFS_DATASET/AFS_BEHAVIOUR_DATASET/clustering/20260611_134954.wav,clustering,clustering
/media/feliciano/Aux/AI_AFS_DATASET/AFS_BEHAVIOUR_DATASET/clustering/20260611_134956.wav,clustering,clustering
/media/feliciano/Aux/AI_AFS_DATASET/AFS_BEHAVIOUR_DATASET/clustering/20260611_134958.wav,clustering,clustering
/media/feliciano/Aux/AI_AFS_DATASET/AFS_BEHAVIOUR_DATASET/agitation/20260513_144000.wav,agitation,agitation
/media/feliciano/Aux/AI_AFS_DATASET/AFS_BEHAVIOUR_DATASET/agitation/20260513_144002.wav,agitation,agitation
/media/feliciano/Aux/AI_AFS_DATASET/AFS_BEHAVIOUR_DATASET/agitation/20260513_144004.wav,agitation,agitation
/media/feliciano/Aux/AI_AFS_DATASET/AFS_BEHAVIOUR_DATASET/agitation/20260513_144006.wav,agitation,agitation
/media/feliciano/Aux/AI_AFS_DATASET/AFS_BEHAVIOUR_DATASET/agitation/20260513_144008.wav,agitation,agitation
/media/feliciano/Aux/AI_AFS_DATASET/AFS_BEHAVIOUR_DATASET/agitation/20260513_144010.wav,agitation,normal
/media/feliciano/Aux/AI_AFS_DATASET/AFS_BEHAVIOUR_DATASET/agitation/20260513_144012.wav,agitation,agitation
/media/feliciano/Aux/AI_AFS_DATASET/AFS_BEHAVIOUR_DATASET/agitation/20260513_144014.wav,agitation,agitation
/media/feliciano/Aux/AI_AFS_DATASET/AFS_BEHAVIOUR_DATASET/agitation/20260513_144016.wav,agitation,agitation
/media/feliciano/Aux/AI_AFS_DATASET/AFS_BEHAVIOUR_DATASET/agitation/20260513_144018.wav,agitation,normal
/media/feliciano/Aux/AI_AFS_DATASET/AFS_BEHAVIOUR_DATASET/agitation/20260513_144020.wav,agitation,agitation
/media/feliciano/Aux/AI_AFS_DATASET/AFS_BEHAVIOUR_DATASET/agitation/20260513_144022.wav,agitation,agitation
/media/feliciano/Aux/AI_AFS_DATASET/AFS_BEHAVIOUR_DATASET/agitation/20260513_144024.wav,agitation,agitation
/media/feliciano/Aux/AI_AFS_DATASET/AFS_BEHAVIOUR_DATASET/agitation/20260513_144026.wav,agitation,agitation
/media/feliciano/Aux/AI_AFS_DATASET/AFS_BEHAVIOUR_DATASET/agitation/20260513_144028.wav,agitation,agitation
/media/feliciano/Aux/AI_AFS_DATASET/AFS_BEHAVIOUR_DATASET/agitation/20260513_144030.wav,agitation,agitation
/media/feliciano/Aux/AI_AFS_DATASET/AFS_BEHAVIOUR_DATASET/agitation/20260513_144032.wav,agitation,agitation
/media/feliciano/Aux/AI_AFS_DATASET/AFS_BEHAVIOUR_DATASET/agitation/20260513_144034.wav,agitation,agitation
/media/feliciano/Aux/AI_AFS_DATASET/AFS_BEHAVIOUR_DATASET/agitation/20260513_144036.wav,agitation,normal
/media/feliciano/Aux/AI_AFS_DATASET/AFS_BEHAVIOUR_DATASET/agitation/20260513_144038.wav,agitation,agitation
/media/feliciano/Aux/AI_AFS_DATASET/AFS_BEHAVIOUR_DATASET/agitation/20260513_144040.wav,agitation,agitation
/media/feliciano/Aux/AI_AFS_DATASET/AFS_BEHAVIOUR_DATASET/agitation/20260513_144042.wav,agitation,agitation
/media/feliciano/Aux/AI_AFS_DATASET/AFS_BEHAVIOUR_DATASET/agitation/20260513_144044.wav,agitation,agitation
/media/feliciano/Aux/AI_AFS_DATASET/AFS_BEHAVIOUR_DATASET/agitation/20260513_144046.wav,agitation,agitation
/media/feliciano/Aux/AI_AFS_DATASET/AFS_BEHAVIOUR_DATASET/agitation/20260513_144048.wav,agitation,normal
/media/feliciano/Aux/AI_AFS_DATASET/AFS_BEHAVIOUR_DATASET/agitation/20260513_144050.wav,agitation,normal
/media/feliciano/Aux/AI_AFS_DATASET/AFS_BEHAVIOUR_DATASET/agitation/20260513_144052.wav,agitation,normal
/media/feliciano/Aux/AI_AFS_DATASET/AFS_BEHAVIOUR_DATASET/agitation/20260513_144054.wav,agitation,agitation
/media/feliciano/Aux/AI_AFS_DATASET/AFS_BEHAVIOUR_DATASET/agitation/20260513_144056.wav,agitation,agitation
/media/feliciano/Aux/AI_AFS_DATASET/AFS_BEHAVIOUR_DATASET/agitation/20260513_144058.wav,agitation,agitation
/media/feliciano/Aux/AI_AFS_DATASET/AFS_BEHAVIOUR_DATASET/agitation/20260513_144100.wav,agitation,agitation
/media/feliciano/Aux/AI_AFS_DATASET/AFS_BEHAVIOUR_DATASET/agitation/20260513_144102.wav,agitation,agitation
/media/feliciano/Aux/AI_AFS_DATASET/AFS_BEHAVIOUR_DATASET/agitation/20260513_144104.wav,agitation,agitation
/media/feliciano/Aux/AI_AFS_DATASET/AFS_BEHAVIOUR_DATASET/agitation/20260513_144106.wav,agitation,agitation
/media/feliciano/Aux/AI_AFS_DATASET/AFS_BEHAVIOUR_DATASET/agitation/20260513_144108.wav,agitation,agitation
/media/feliciano/Aux/AI_AFS_DATASET/AFS_BEHAVIOUR_DATASET/agitation/20260513_144110.wav,agitation,normal
/media/feliciano/Aux/AI_AFS_DATASET/AFS_BEHAVIOUR_DATASET/agitation/20260513_144112.wav,agitation,agitation
/media/feliciano/Aux/AI_AFS_DATASET/AFS_BEHAVIOUR_DATASET/agitation/20260513_144114.wav,agitation,agitation
/media/feliciano/Aux/AI_AFS_DATASET/AFS_BEHAVIOUR_DATASET/agitation/20260513_144116.wav,agitation,agitation
/media/feliciano/Aux/AI_AFS_DATASET/AFS_BEHAVIOUR_DATASET/agitation/20260513_144118.wav,agitation,normal
/media/feliciano/Aux/AI_AFS_DATASET/AFS_BEHAVIOUR_DATASET/agitation/20260513_144120.wav,agitation,normal
/media/feliciano/Aux/AI_AFS_DATASET/AFS_BEHAVIOUR_DATASET/agitation/20260513_144122.wav,agitation,normal
/media/feliciano/Aux/AI_AFS_DATASET/AFS_BEHAVIOUR_DATASET/agitation/20260513_144124.wav,agitation,normal
/media/feliciano/Aux/AI_AFS_DATASET/AFS_BEHAVIOUR_DATASET/agitation/20260513_144126.wav,agitation,normal
/media/feliciano/Aux/AI_AFS_DATASET/AFS_BEHAVIOUR_DATASET/agitation/20260513_144128.wav,agitation,normal
/media/feliciano/Aux/AI_AFS_DATASET/AFS_BEHAVIOUR_DATASET/agitation/20260513_144130.wav,agitation,agitation
/media/feliciano/Aux/AI_AFS_DATASET/AFS_BEHAVIOUR_DATASET/agitation/20260513_144132.wav,agitation,agitation
/media/feliciano/Aux/AI_AFS_DATASET/AFS_BEHAVIOUR_DATASET/agitation/20260513_144134.wav,agitation,agitation
/media/feliciano/Aux/AI_AFS_DATASET/AFS_BEHAVIOUR_DATASET/agitation/20260513_144136.wav,agitation,normal
/media/feliciano/Aux/AI_AFS_DATASET/AFS_BEHAVIOUR_DATASET/agitation/20260513_144138.wav,agitation,normal
/media/feliciano/Aux/AI_AFS_DATASET/AFS_BEHAVIOUR_DATASET/agitation/20260513_144140.wav,agitation,agitation
/media/feliciano/Aux/AI_AFS_DATASET/AFS_BEHAVIOUR_DATASET/agitation/20260513_144142.wav,agitation,normal
/media/feliciano/Aux/AI_AFS_DATASET/AFS_BEHAVIOUR_DATASET/agitation/20260513_144144.wav,agitation,normal
/media/feliciano/Aux/AI_AFS_DATASET/AFS_BEHAVIOUR_DATASET/agitation/20260513_144146.wav,agitation,agitation
/media/feliciano/Aux/AI_AFS_DATASET/AFS_BEHAVIOUR_DATASET/agitation/20260513_144148.wav,agitation,normal
/media/feliciano/Aux/AI_AFS_DATASET/AFS_BEHAVIOUR_DATASET/agitation/20260513_144150.wav,agitation,agitation
/media/feliciano/Aux/AI_AFS_DATASET/AFS_BEHAVIOUR_DATASET/agitation/20260513_144152.wav,agitation,agitation
/media/feliciano/Aux/AI_AFS_DATASET/AFS_BEHAVIOUR_DATASET/agitation/20260513_144154.wav,agitation,normal
/media/feliciano/Aux/AI_AFS_DATASET/AFS_BEHAVIOUR_DATASET/agitation/20260513_144156.wav,agitation,agitation
/media/feliciano/Aux/AI_AFS_DATASET/AFS_BEHAVIOUR_DATASET/agitation/20260513_144158.wav,agitation,agitation
/media/feliciano/Aux/AI_AFS_DATASET/AFS_BEHAVIOUR_DATASET/agitation/20260513_144200.wav,agitation,normal
/media/feliciano/Aux/AI_AFS_DATASET/AFS_BEHAVIOUR_DATASET/agitation/20260513_144202.wav,agitation,normal
/media/feliciano/Aux/AI_AFS_DATASET/AFS_BEHAVIOUR_DATASET/agitation/20260513_144204.wav,agitation,agitation
/media/feliciano/Aux/AI_AFS_DATASET/AFS_BEHAVIOUR_DATASET/agitation/20260513_144206.wav,agitation,agitation
/media/feliciano/Aux/AI_AFS_DATASET/AFS_BEHAVIOUR_DATASET/agitation/20260513_144208.wav,agitation,agitation
/media/feliciano/Aux/AI_AFS_DATASET/AFS_BEHAVIOUR_DATASET/agitation/20260513_144210.wav,agitation,agitation
/media/feliciano/Aux/AI_AFS_DATASET/AFS_BEHAVIOUR_DATASET/agitation/20260513_144212.wav,agitation,agitation
/media/feliciano/Aux/AI_AFS_DATASET/AFS_BEHAVIOUR_DATASET/agitation/20260513_144214.wav,agitation,agitation
/media/feliciano/Aux/AI_AFS_DATASET/AFS_BEHAVIOUR_DATASET/agitation/20260513_144216.wav,agitation,agitation
/media/feliciano/Aux/AI_AFS_DATASET/AFS_BEHAVIOUR_DATASET/agitation/20260513_144218.wav,agitation,agitation
/media/feliciano/Aux/AI_AFS_DATASET/AFS_BEHAVIOUR_DATASET/agitation/20260513_144220.wav,agitation,normal
/media/feliciano/Aux/AI_AFS_DATASET/AFS_BEHAVIOUR_DATASET/agitation/20260513_144222.wav,agitation,agitation
/media/feliciano/Aux/AI_AFS_DATASET/AFS_BEHAVIOUR_DATASET/agitation/20260513_144224.wav,agitation,normal
/media/feliciano/Aux/AI_AFS_DATASET/AFS_BEHAVIOUR_DATASET/agitation/20260513_144226.wav,agitation,agitation
/media/feliciano/Aux/AI_AFS_DATASET/AFS_BEHAVIOUR_DATASET/agitation/20260513_144228.wav,agitation,agitation
/media/feliciano/Aux/AI_AFS_DATASET/AFS_BEHAVIOUR_DATASET/agitation/20260513_144230.wav,agitation,normal
/media/feliciano/Aux/AI_AFS_DATASET/AFS_BEHAVIOUR_DATASET/agitation/20260513_144232.wav,agitation,normal
/media/feliciano/Aux/AI_AFS_DATASET/AFS_BEHAVIOUR_DATASET/agitation/20260513_144234.wav,agitation,normal
/media/feliciano/Aux/AI_AFS_DATASET/AFS_BEHAVIOUR_DATASET/agitation/20260513_144236.wav,agitation,normal
/media/feliciano/Aux/AI_AFS_DATASET/AFS_BEHAVIOUR_DATASET/agitation/20260513_144238.wav,agitation,agitation
/media/feliciano/Aux/AI_AFS_DATASET/AFS_BEHAVIOUR_DATASET/agitation/20260513_144240.wav,agitation,normal
/media/feliciano/Aux/AI_AFS_DATASET/AFS_BEHAVIOUR_DATASET/agitation/20260513_144242.wav,agitation,normal
/media/feliciano/Aux/AI_AFS_DATASET/AFS_BEHAVIOUR_DATASET/agitation/20260513_144244.wav,agitation,normal
/media/feliciano/Aux/AI_AFS_DATASET/AFS_BEHAVIOUR_DATASET/agitation/20260513_144246.wav,agitation,normal
/media/feliciano/Aux/AI_AFS_DATASET/AFS_BEHAVIOUR_DATASET/agitation/20260513_144248.wav,agitation,normal
/media/feliciano/Aux/AI_AFS_DATASET/AFS_BEHAVIOUR_DATASET/agitation/20260513_144250.wav,agitation,normal
/media/feliciano/Aux/AI_AFS_DATASET/AFS_BEHAVIOUR_DATASET/agitation/20260513_144252.wav,agitation,normal
/media/feliciano/Aux/AI_AFS_DATASET/AFS_BEHAVIOUR_DATASET/agitation/20260513_144254.wav,agitation,normal
/media/feliciano/Aux/AI_AFS_DATASET/AFS_BEHAVIOUR_DATASET/agitation/20260513_144256.wav,agitation,normal
/media/feliciano/Aux/AI_AFS_DATASET/AFS_BEHAVIOUR_DATASET/agitation/20260513_144258.wav,agitation,normal
/media/feliciano/Aux/AI_AFS_DATASET/AFS_BEHAVIOUR_DATASET/agitation/20260516_091000.wav,agitation,agitation
/media/feliciano/Aux/AI_AFS_DATASET/AFS_BEHAVIOUR_DATASET/agitation/20260516_091002.wav,agitation,agitation
/media/feliciano/Aux/AI_AFS_DATASET/AFS_BEHAVIOUR_DATASET/agitation/20260516_091004.wav,agitation,agitation
/media/feliciano/Aux/AI_AFS_DATASET/AFS_BEHAVIOUR_DATASET/agitation/20260516_091006.wav,agitation,agitation
/media/feliciano/Aux/AI_AFS_DATASET/AFS_BEHAVIOUR_DATASET/agitation/20260516_091008.wav,agitation,agitation
/media/feliciano/Aux/AI_AFS_DATASET/AFS_BEHAVIOUR_DATASET/agitation/20260516_091010.wav,agitation,agitation
/media/feliciano/Aux/AI_AFS_DATASET/AFS_BEHAVIOUR_DATASET/agitation/20260516_091012.wav,agitation,agitation
/media/feliciano/Aux/AI_AFS_DATASET/AFS_BEHAVIOUR_DATASET/agitation/20260516_091014.wav,agitation,agitation
/media/feliciano/Aux/AI_AFS_DATASET/AFS_BEHAVIOUR_DATASET/agitation/20260516_091016.wav,agitation,agitation
/media/feliciano/Aux/AI_AFS_DATASET/AFS_BEHAVIOUR_DATASET/agitation/20260516_091018.wav,agitation,agitation
/media/feliciano/Aux/AI_AFS_DATASET/AFS_BEHAVIOUR_DATASET/agitation/20260516_091020.wav,agitation,agitation
/media/feliciano/Aux/AI_AFS_DATASET/AFS_BEHAVIOUR_DATASET/agitation/20260516_091022.wav,agitation,agitation
/media/feliciano/Aux/AI_AFS_DATASET/AFS_BEHAVIOUR_DATASET/agitation/20260516_091024.wav,agitation,agitation
/media/feliciano/Aux/AI_AFS_DATASET/AFS_BEHAVIOUR_DATASET/agitation/20260516_091026.wav,agitation,agitation
/media/feliciano/Aux/AI_AFS_DATASET/AFS_BEHAVIOUR_DATASET/agitation/20260516_091028.wav,agitation,normal
/media/feliciano/Aux/AI_AFS_DATASET/AFS_BEHAVIOUR_DATASET/agitation/20260516_091030.wav,agitation,agitation
/media/feliciano/Aux/AI_AFS_DATASET/AFS_BEHAVIOUR_DATASET/agitation/20260516_091032.wav,agitation,agitation
/media/feliciano/Aux/AI_AFS_DATASET/AFS_BEHAVIOUR_DATASET/agitation/20260516_091034.wav,agitation,agitation
/media/feliciano/Aux/AI_AFS_DATASET/AFS_BEHAVIOUR_DATASET/agitation/20260516_091036.wav,agitation,agitation
/media/feliciano/Aux/AI_AFS_DATASET/AFS_BEHAVIOUR_DATASET/agitation/20260516_091038.wav,agitation,agitation
/media/feliciano/Aux/AI_AFS_DATASET/AFS_BEHAVIOUR_DATASET/agitation/20260516_091040.wav,agitation,agitation
/media/feliciano/Aux/AI_AFS_DATASET/AFS_BEHAVIOUR_DATASET/agitation/20260516_091042.wav,agitation,agitation
/media/feliciano/Aux/AI_AFS_DATASET/AFS_BEHAVIOUR_DATASET/agitation/20260516_091044.wav,agitation,agitation
/media/feliciano/Aux/AI_AFS_DATASET/AFS_BEHAVIOUR_DATASET/agitation/20260516_091046.wav,agitation,agitation
/media/feliciano/Aux/AI_AFS_DATASET/AFS_BEHAVIOUR_DATASET/agitation/20260516_091048.wav,agitation,agitation
/media/feliciano/Aux/AI_AFS_DATASET/AFS_BEHAVIOUR_DATASET/agitation/20260516_091050.wav,agitation,agitation
/media/feliciano/Aux/AI_AFS_DATASET/AFS_BEHAVIOUR_DATASET/agitation/20260516_091052.wav,agitation,agitation
/media/feliciano/Aux/AI_AFS_DATASET/AFS_BEHAVIOUR_DATASET/agitation/20260516_091054.wav,agitation,agitation
/media/feliciano/Aux/AI_AFS_DATASET/AFS_BEHAVIOUR_DATASET/agitation/20260516_091056.wav,agitation,agitation
/media/feliciano/Aux/AI_AFS_DATASET/AFS_BEHAVIOUR_DATASET/agitation/20260516_091058.wav,agitation,agitation
/media/feliciano/Aux/AI_AFS_DATASET/AFS_BEHAVIOUR_DATASET/agitation/20260516_091100.wav,agitation,agitation
/media/feliciano/Aux/AI_AFS_DATASET/AFS_BEHAVIOUR_DATASET/agitation/20260516_091102.wav,agitation,agitation
/media/feliciano/Aux/AI_AFS_DATASET/AFS_BEHAVIOUR_DATASET/agitation/20260516_091104.wav,agitation,agitation
/media/feliciano/Aux/AI_AFS_DATASET/AFS_BEHAVIOUR_DATASET/agitation/20260516_091106.wav,agitation,agitation
/media/feliciano/Aux/AI_AFS_DATASET/AFS_BEHAVIOUR_DATASET/agitation/20260516_091108.wav,agitation,agitation
/media/feliciano/Aux/AI_AFS_DATASET/AFS_BEHAVIOUR_DATASET/agitation/20260516_091110.wav,agitation,agitation
/media/feliciano/Aux/AI_AFS_DATASET/AFS_BEHAVIOUR_DATASET/agitation/20260516_091112.wav,agitation,agitation
/media/feliciano/Aux/AI_AFS_DATASET/AFS_BEHAVIOUR_DATASET/agitation/20260516_091114.wav,agitation,agitation
/media/feliciano/Aux/AI_AFS_DATASET/AFS_BEHAVIOUR_DATASET/agitation/20260516_091116.wav,agitation,agitation
/media/feliciano/Aux/AI_AFS_DATASET/AFS_BEHAVIOUR_DATASET/agitation/20260516_091118.wav,agitation,agitation
/media/feliciano/Aux/AI_AFS_DATASET/AFS_BEHAVIOUR_DATASET/agitation/20260516_091120.wav,agitation,agitation
/media/feliciano/Aux/AI_AFS_DATASET/AFS_BEHAVIOUR_DATASET/agitation/20260516_091122.wav,agitation,agitation
/media/feliciano/Aux/AI_AFS_DATASET/AFS_BEHAVIOUR_DATASET/agitation/20260516_091124.wav,agitation,agitation
/media/feliciano/Aux/AI_AFS_DATASET/AFS_BEHAVIOUR_DATASET/agitation/20260516_091126.wav,agitation,agitation
/media/feliciano/Aux/AI_AFS_DATASET/AFS_BEHAVIOUR_DATASET/agitation/20260516_091128.wav,agitation,agitation
/media/feliciano/Aux/AI_AFS_DATASET/AFS_BEHAVIOUR_DATASET/agitation/20260516_091130.wav,agitation,agitation
/media/feliciano/Aux/AI_AFS_DATASET/AFS_BEHAVIOUR_DATASET/agitation/20260516_091132.wav,agitation,agitation
/media/feliciano/Aux/AI_AFS_DATASET/AFS_BEHAVIOUR_DATASET/agitation/20260516_091134.wav,agitation,agitation
/media/feliciano/Aux/AI_AFS_DATASET/AFS_BEHAVIOUR_DATASET/agitation/20260516_091136.wav,agitation,agitation
/media/feliciano/Aux/AI_AFS_DATASET/AFS_BEHAVIOUR_DATASET/agitation/20260516_091138.wav,agitation,agitation
/media/feliciano/Aux/AI_AFS_DATASET/AFS_BEHAVIOUR_DATASET/agitation/20260516_091140.wav,agitation,agitation
/media/feliciano/Aux/AI_AFS_DATASET/AFS_BEHAVIOUR_DATASET/agitation/20260516_091142.wav,agitation,agitation
/media/feliciano/Aux/AI_AFS_DATASET/AFS_BEHAVIOUR_DATASET/agitation/20260516_091144.wav,agitation,agitation
/media/feliciano/Aux/AI_AFS_DATASET/AFS_BEHAVIOUR_DATASET/agitation/20260516_091146.wav,agitation,agitation
/media/feliciano/Aux/AI_AFS_DATASET/AFS_BEHAVIOUR_DATASET/agitation/20260516_091148.wav,agitation,agitation
/media/feliciano/Aux/AI_AFS_DATASET/AFS_BEHAVIOUR_DATASET/agitation/20260516_091150.wav,agitation,agitation
/media/feliciano/Aux/AI_AFS_DATASET/AFS_BEHAVIOUR_DATASET/agitation/20260516_091152.wav,agitation,agitation
/media/feliciano/Aux/AI_AFS_DATASET/AFS_BEHAVIOUR_DATASET/agitation/20260516_091154.wav,agitation,agitation
/media/feliciano/Aux/AI_AFS_DATASET/AFS_BEHAVIOUR_DATASET/agitation/20260516_091156.wav,agitation,normal
/media/feliciano/Aux/AI_AFS_DATASET/AFS_BEHAVIOUR_DATASET/agitation/20260516_091158.wav,agitation,agitation
/media/feliciano/Aux/AI_AFS_DATASET/AFS_BEHAVIOUR_DATASET/agitation/20260516_091200.wav,agitation,normal
/media/feliciano/Aux/AI_AFS_DATASET/AFS_BEHAVIOUR_DATASET/agitation/20260516_091202.wav,agitation,agitation
/media/feliciano/Aux/AI_AFS_DATASET/AFS_BEHAVIOUR_DATASET/agitation/20260516_091204.wav,agitation,agitation
/media/feliciano/Aux/AI_AFS_DATASET/AFS_BEHAVIOUR_DATASET/agitation/20260516_091206.wav,agitation,agitation
/media/feliciano/Aux/AI_AFS_DATASET/AFS_BEHAVIOUR_DATASET/agitation/20260516_091208.wav,agitation,agitation
/media/feliciano/Aux/AI_AFS_DATASET/AFS_BEHAVIOUR_DATASET/agitation/20260516_091210.wav,agitation,agitation
/media/feliciano/Aux/AI_AFS_DATASET/AFS_BEHAVIOUR_DATASET/agitation/20260516_091212.wav,agitation,agitation
/media/feliciano/Aux/AI_AFS_DATASET/AFS_BEHAVIOUR_DATASET/agitation/20260516_091214.wav,agitation,agitation
/media/feliciano/Aux/AI_AFS_DATASET/AFS_BEHAVIOUR_DATASET/agitation/20260516_091216.wav,agitation,normal
/media/feliciano/Aux/AI_AFS_DATASET/AFS_BEHAVIOUR_DATASET/agitation/20260516_091218.wav,agitation,agitation
/media/feliciano/Aux/AI_AFS_DATASET/AFS_BEHAVIOUR_DATASET/agitation/20260516_091220.wav,agitation,normal
/media/feliciano/Aux/AI_AFS_DATASET/AFS_BEHAVIOUR_DATASET/agitation/20260516_091222.wav,agitation,agitation
/media/feliciano/Aux/AI_AFS_DATASET/AFS_BEHAVIOUR_DATASET/agitation/20260516_091224.wav,agitation,agitation
/media/feliciano/Aux/AI_AFS_DATASET/AFS_BEHAVIOUR_DATASET/agitation/20260516_091226.wav,agitation,agitation
/media/feliciano/Aux/AI_AFS_DATASET/AFS_BEHAVIOUR_DATASET/agitation/20260516_091228.wav,agitation,agitation
/media/feliciano/Aux/AI_AFS_DATASET/AFS_BEHAVIOUR_DATASET/agitation/20260516_091230.wav,agitation,agitation
/media/feliciano/Aux/AI_AFS_DATASET/AFS_BEHAVIOUR_DATASET/agitation/20260516_091232.wav,agitation,agitation
/media/feliciano/Aux/AI_AFS_DATASET/AFS_BEHAVIOUR_DATASET/agitation/20260516_091234.wav,agitation,normal
/media/feliciano/Aux/AI_AFS_DATASET/AFS_BEHAVIOUR_DATASET/agitation/20260516_091236.wav,agitation,normal
/media/feliciano/Aux/AI_AFS_DATASET/AFS_BEHAVIOUR_DATASET/agitation/20260516_091238.wav,agitation,agitation
/media/feliciano/Aux/AI_AFS_DATASET/AFS_BEHAVIOUR_DATASET/agitation/20260516_091240.wav,agitation,agitation
/media/feliciano/Aux/AI_AFS_DATASET/AFS_BEHAVIOUR_DATASET/agitation/20260516_091242.wav,agitation,agitation
/media/feliciano/Aux/AI_AFS_DATASET/AFS_BEHAVIOUR_DATASET/agitation/20260516_091244.wav,agitation,agitation
/media/feliciano/Aux/AI_AFS_DATASET/AFS_BEHAVIOUR_DATASET/agitation/20260516_091246.wav,agitation,normal
/media/feliciano/Aux/AI_AFS_DATASET/AFS_BEHAVIOUR_DATASET/agitation/20260516_091248.wav,agitation,agitation
/media/feliciano/Aux/AI_AFS_DATASET/AFS_BEHAVIOUR_DATASET/agitation/20260516_091250.wav,agitation,agitation
/media/feliciano/Aux/AI_AFS_DATASET/AFS_BEHAVIOUR_DATASET/agitation/20260516_091252.wav,agitation,agitation
/media/feliciano/Aux/AI_AFS_DATASET/AFS_BEHAVIOUR_DATASET/agitation/20260516_091254.wav,agitation,agitation
/media/feliciano/Aux/AI_AFS_DATASET/AFS_BEHAVIOUR_DATASET/agitation/20260516_091256.wav,agitation,agitation
/media/feliciano/Aux/AI_AFS_DATASET/AFS_BEHAVIOUR_DATASET/agitation/20260516_091258.wav,agitation,agitation
/media/feliciano/Aux/AI_AFS_DATASET/AFS_BEHAVIOUR_DATASET/agitation/20260516_091300.wav,agitation,agitation
/media/feliciano/Aux/AI_AFS_DATASET/AFS_BEHAVIOUR_DATASET/agitation/20260516_091302.wav,agitation,agitation
/media/feliciano/Aux/AI_AFS_DATASET/AFS_BEHAVIOUR_DATASET/agitation/20260516_091304.wav,agitation,agitation
/media/feliciano/Aux/AI_AFS_DATASET/AFS_BEHAVIOUR_DATASET/agitation/20260516_091306.wav,agitation,agitation
/media/feliciano/Aux/AI_AFS_DATASET/AFS_BEHAVIOUR_DATASET/agitation/20260516_091308.wav,agitation,agitation
/media/feliciano/Aux/AI_AFS_DATASET/AFS_BEHAVIOUR_DATASET/agitation/20260516_091310.wav,agitation,agitation
/media/feliciano/Aux/AI_AFS_DATASET/AFS_BEHAVIOUR_DATASET/agitation/20260516_091312.wav,agitation,agitation
/media/feliciano/Aux/AI_AFS_DATASET/AFS_BEHAVIOUR_DATASET/agitation/20260516_091314.wav,agitation,agitation
/media/feliciano/Aux/AI_AFS_DATASET/AFS_BEHAVIOUR_DATASET/agitation/20260516_091316.wav,agitation,agitation
/media/feliciano/Aux/AI_AFS_DATASET/AFS_BEHAVIOUR_DATASET/agitation/20260516_091318.wav,agitation,agitation
/media/feliciano/Aux/AI_AFS_DATASET/AFS_BEHAVIOUR_DATASET/agitation/20260516_091320.wav,agitation,agitation
/media/feliciano/Aux/AI_AFS_DATASET/AFS_BEHAVIOUR_DATASET/agitation/20260516_091322.wav,agitation,agitation
/media/feliciano/Aux/AI_AFS_DATASET/AFS_BEHAVIOUR_DATASET/agitation/20260516_091324.wav,agitation,agitation
/media/feliciano/Aux/AI_AFS_DATASET/AFS_BEHAVIOUR_DATASET/agitation/20260516_091326.wav,agitation,agitation
/media/feliciano/Aux/AI_AFS_DATASET/AFS_BEHAVIOUR_DATASET/agitation/20260516_091328.wav,agitation,agitation
/media/feliciano/Aux/AI_AFS_DATASET/AFS_BEHAVIOUR_DATASET/agitation/20260516_091330.wav,agitation,agitation
/media/feliciano/Aux/AI_AFS_DATASET/AFS_BEHAVIOUR_DATASET/agitation/20260516_091332.wav,agitation,normal
/media/feliciano/Aux/AI_AFS_DATASET/AFS_BEHAVIOUR_DATASET/agitation/20260516_091334.wav,agitation,agitation
/media/feliciano/Aux/AI_AFS_DATASET/AFS_BEHAVIOUR_DATASET/agitation/20260516_091336.wav,agitation,agitation
/media/feliciano/Aux/AI_AFS_DATASET/AFS_BEHAVIOUR_DATASET/agitation/20260516_091338.wav,agitation,agitation
/media/feliciano/Aux/AI_AFS_DATASET/AFS_BEHAVIOUR_DATASET/agitation/20260516_091340.wav,agitation,agitation
/media/feliciano/Aux/AI_AFS_DATASET/AFS_BEHAVIOUR_DATASET/agitation/20260516_091342.wav,agitation,agitation
/media/feliciano/Aux/AI_AFS_DATASET/AFS_BEHAVIOUR_DATASET/agitation/20260516_091344.wav,agitation,agitation
/media/feliciano/Aux/AI_AFS_DATASET/AFS_BEHAVIOUR_DATASET/agitation/20260516_091346.wav,agitation,agitation
/media/feliciano/Aux/AI_AFS_DATASET/AFS_BEHAVIOUR_DATASET/agitation/20260516_091348.wav,agitation,agitation
/media/feliciano/Aux/AI_AFS_DATASET/AFS_BEHAVIOUR_DATASET/agitation/20260516_091350.wav,agitation,normal
/media/feliciano/Aux/AI_AFS_DATASET/AFS_BEHAVIOUR_DATASET/agitation/20260516_091352.wav,agitation,agitation
/media/feliciano/Aux/AI_AFS_DATASET/AFS_BEHAVIOUR_DATASET/agitation/20260516_091354.wav,agitation,agitation
/media/feliciano/Aux/AI_AFS_DATASET/AFS_BEHAVIOUR_DATASET/agitation/20260516_091356.wav,agitation,agitation
/media/feliciano/Aux/AI_AFS_DATASET/AFS_BEHAVIOUR_DATASET/agitation/20260516_091358.wav,agitation,agitation
/media/feliciano/Aux/AI_AFS_DATASET/AFS_BEHAVIOUR_DATASET/agitation/20260516_091400.wav,agitation,agitation
/media/feliciano/Aux/AI_AFS_DATASET/AFS_BEHAVIOUR_DATASET/agitation/20260516_091402.wav,agitation,agitation
/media/feliciano/Aux/AI_AFS_DATASET/AFS_BEHAVIOUR_DATASET/agitation/20260516_091404.wav,agitation,normal
/media/feliciano/Aux/AI_AFS_DATASET/AFS_BEHAVIOUR_DATASET/agitation/20260516_091406.wav,agitation,normal
/media/feliciano/Aux/AI_AFS_DATASET/AFS_BEHAVIOUR_DATASET/agitation/20260516_091408.wav,agitation,agitation
/media/feliciano/Aux/AI_AFS_DATASET/AFS_BEHAVIOUR_DATASET/agitation/20260516_091410.wav,agitation,agitation
/media/feliciano/Aux/AI_AFS_DATASET/AFS_BEHAVIOUR_DATASET/agitation/20260516_091412.wav,agitation,agitation
/media/feliciano/Aux/AI_AFS_DATASET/AFS_BEHAVIOUR_DATASET/agitation/20260516_091414.wav,agitation,agitation
/media/feliciano/Aux/AI_AFS_DATASET/AFS_BEHAVIOUR_DATASET/agitation/20260516_091416.wav,agitation,agitation
/media/feliciano/Aux/AI_AFS_DATASET/AFS_BEHAVIOUR_DATASET/agitation/20260516_091418.wav,agitation,agitation
/media/feliciano/Aux/AI_AFS_DATASET/AFS_BEHAVIOUR_DATASET/agitation/20260516_091420.wav,agitation,agitation
/media/feliciano/Aux/AI_AFS_DATASET/AFS_BEHAVIOUR_DATASET/agitation/20260516_091422.wav,agitation,agitation
/media/feliciano/Aux/AI_AFS_DATASET/AFS_BEHAVIOUR_DATASET/agitation/20260516_091424.wav,agitation,agitation
/media/feliciano/Aux/AI_AFS_DATASET/AFS_BEHAVIOUR_DATASET/agitation/20260516_091426.wav,agitation,normal
/media/feliciano/Aux/AI_AFS_DATASET/AFS_BEHAVIOUR_DATASET/agitation/20260516_091428.wav,agitation,agitation
/media/feliciano/Aux/AI_AFS_DATASET/AFS_BEHAVIOUR_DATASET/agitation/20260516_091430.wav,agitation,agitation
/media/feliciano/Aux/AI_AFS_DATASET/AFS_BEHAVIOUR_DATASET/agitation/20260516_091432.wav,agitation,agitation
/media/feliciano/Aux/AI_AFS_DATASET/AFS_BEHAVIOUR_DATASET/agitation/20260516_091434.wav,agitation,agitation
/media/feliciano/Aux/AI_AFS_DATASET/AFS_BEHAVIOUR_DATASET/agitation/20260516_091436.wav,agitation,agitation
/media/feliciano/Aux/AI_AFS_DATASET/AFS_BEHAVIOUR_DATASET/agitation/20260516_091438.wav,agitation,agitation
/media/feliciano/Aux/AI_AFS_DATASET/AFS_BEHAVIOUR_DATASET/agitation/20260516_091440.wav,agitation,agitation
/media/feliciano/Aux/AI_AFS_DATASET/AFS_BEHAVIOUR_DATASET/agitation/20260516_091442.wav,agitation,agitation
/media/feliciano/Aux/AI_AFS_DATASET/AFS_BEHAVIOUR_DATASET/agitation/20260516_091444.wav,agitation,agitation
/media/feliciano/Aux/AI_AFS_DATASET/AFS_BEHAVIOUR_DATASET/agitation/20260516_091446.wav,agitation,agitation
/media/feliciano/Aux/AI_AFS_DATASET/AFS_BEHAVIOUR_DATASET/agitation/20260516_091448.wav,agitation,agitation
/media/feliciano/Aux/AI_AFS_DATASET/AFS_BEHAVIOUR_DATASET/agitation/20260516_091450.wav,agitation,agitation
/media/feliciano/Aux/AI_AFS_DATASET/AFS_BEHAVIOUR_DATASET/agitation/20260516_091452.wav,agitation,agitation
/media/feliciano/Aux/AI_AFS_DATASET/AFS_BEHAVIOUR_DATASET/agitation/20260516_091454.wav,agitation,agitation
/media/feliciano/Aux/AI_AFS_DATASET/AFS_BEHAVIOUR_DATASET/agitation/20260516_091456.wav,agitation,agitation
/media/feliciano/Aux/AI_AFS_DATASET/AFS_BEHAVIOUR_DATASET/agitation/20260516_091458.wav,agitation,agitation
/media/feliciano/Aux/AI_AFS_DATASET/AFS_BEHAVIOUR_DATASET/agitation/20260516_103900.wav,agitation,agitation
/media/feliciano/Aux/AI_AFS_DATASET/AFS_BEHAVIOUR_DATASET/agitation/20260516_103902.wav,agitation,agitation
/media/feliciano/Aux/AI_AFS_DATASET/AFS_BEHAVIOUR_DATASET/agitation/20260516_103904.wav,agitation,agitation
/media/feliciano/Aux/AI_AFS_DATASET/AFS_BEHAVIOUR_DATASET/agitation/20260516_103906.wav,agitation,normal
/media/feliciano/Aux/AI_AFS_DATASET/AFS_BEHAVIOUR_DATASET/agitation/20260516_103908.wav,agitation,agitation
/media/feliciano/Aux/AI_AFS_DATASET/AFS_BEHAVIOUR_DATASET/agitation/20260516_103910.wav,agitation,normal
/media/feliciano/Aux/AI_AFS_DATASET/AFS_BEHAVIOUR_DATASET/agitation/20260516_103912.wav,agitation,normal
/media/feliciano/Aux/AI_AFS_DATASET/AFS_BEHAVIOUR_DATASET/agitation/20260516_103914.wav,agitation,agitation
/media/feliciano/Aux/AI_AFS_DATASET/AFS_BEHAVIOUR_DATASET/agitation/20260516_103916.wav,agitation,normal
/media/feliciano/Aux/AI_AFS_DATASET/AFS_BEHAVIOUR_DATASET/agitation/20260516_103918.wav,agitation,normal
/media/feliciano/Aux/AI_AFS_DATASET/AFS_BEHAVIOUR_DATASET/agitation/20260516_103920.wav,agitation,agitation
/media/feliciano/Aux/AI_AFS_DATASET/AFS_BEHAVIOUR_DATASET/agitation/20260516_103922.wav,agitation,agitation
/media/feliciano/Aux/AI_AFS_DATASET/AFS_BEHAVIOUR_DATASET/agitation/20260516_103924.wav,agitation,normal
/media/feliciano/Aux/AI_AFS_DATASET/AFS_BEHAVIOUR_DATASET/agitation/20260516_103926.wav,agitation,agitation
/media/feliciano/Aux/AI_AFS_DATASET/AFS_BEHAVIOUR_DATASET/agitation/20260516_103928.wav,agitation,agitation
/media/feliciano/Aux/AI_AFS_DATASET/AFS_BEHAVIOUR_DATASET/agitation/20260516_103930.wav,agitation,normal
/media/feliciano/Aux/AI_AFS_DATASET/AFS_BEHAVIOUR_DATASET/agitation/20260516_103932.wav,agitation,normal
/media/feliciano/Aux/AI_AFS_DATASET/AFS_BEHAVIOUR_DATASET/agitation/20260516_103934.wav,agitation,agitation
/media/feliciano/Aux/AI_AFS_DATASET/AFS_BEHAVIOUR_DATASET/agitation/20260516_103936.wav,agitation,agitation
/media/feliciano/Aux/AI_AFS_DATASET/AFS_BEHAVIOUR_DATASET/agitation/20260516_103938.wav,agitation,agitation
/media/feliciano/Aux/AI_AFS_DATASET/AFS_BEHAVIOUR_DATASET/agitation/20260516_103940.wav,agitation,agitation
/media/feliciano/Aux/AI_AFS_DATASET/AFS_BEHAVIOUR_DATASET/agitation/20260516_103942.wav,agitation,agitation
/media/feliciano/Aux/AI_AFS_DATASET/AFS_BEHAVIOUR_DATASET/agitation/20260516_103944.wav,agitation,agitation
/media/feliciano/Aux/AI_AFS_DATASET/AFS_BEHAVIOUR_DATASET/agitation/20260516_103946.wav,agitation,agitation
/media/feliciano/Aux/AI_AFS_DATASET/AFS_BEHAVIOUR_DATASET/agitation/20260516_103948.wav,agitation,agitation
/media/feliciano/Aux/AI_AFS_DATASET/AFS_BEHAVIOUR_DATASET/agitation/20260516_103950.wav,agitation,agitation
/media/feliciano/Aux/AI_AFS_DATASET/AFS_BEHAVIOUR_DATASET/agitation/20260516_103952.wav,agitation,agitation
/media/feliciano/Aux/AI_AFS_DATASET/AFS_BEHAVIOUR_DATASET/agitation/20260516_103954.wav,agitation,agitation
/media/feliciano/Aux/AI_AFS_DATASET/AFS_BEHAVIOUR_DATASET/agitation/20260516_103956.wav,agitation,agitation
/media/feliciano/Aux/AI_AFS_DATASET/AFS_BEHAVIOUR_DATASET/agitation/20260516_103958.wav,agitation,agitation
/media/feliciano/Aux/AI_AFS_DATASET/AFS_BEHAVIOUR_DATASET/agitation/20260621_111000.wav,agitation,normal
/media/feliciano/Aux/AI_AFS_DATASET/AFS_BEHAVIOUR_DATASET/agitation/20260621_111002.wav,agitation,normal
/media/feliciano/Aux/AI_AFS_DATASET/AFS_BEHAVIOUR_DATASET/agitation/20260621_111004.wav,agitation,normal
/media/feliciano/Aux/AI_AFS_DATASET/AFS_BEHAVIOUR_DATASET/agitation/20260621_111006.wav,agitation,normal
/media/feliciano/Aux/AI_AFS_DATASET/AFS_BEHAVIOUR_DATASET/agitation/20260621_111008.wav,agitation,normal
/media/feliciano/Aux/AI_AFS_DATASET/AFS_BEHAVIOUR_DATASET/agitation/20260621_111010.wav,agitation,normal
/media/feliciano/Aux/AI_AFS_DATASET/AFS_BEHAVIOUR_DATASET/agitation/20260621_111012.wav,agitation,normal
/media/feliciano/Aux/AI_AFS_DATASET/AFS_BEHAVIOUR_DATASET/agitation/20260621_111014.wav,agitation,normal
/media/feliciano/Aux/AI_AFS_DATASET/AFS_BEHAVIOUR_DATASET/agitation/20260621_111016.wav,agitation,normal
/media/feliciano/Aux/AI_AFS_DATASET/AFS_BEHAVIOUR_DATASET/agitation/20260621_111018.wav,agitation,normal
/media/feliciano/Aux/AI_AFS_DATASET/AFS_BEHAVIOUR_DATASET/agitation/20260621_111020.wav,agitation,normal
/media/feliciano/Aux/AI_AFS_DATASET/AFS_BEHAVIOUR_DATASET/agitation/20260621_111022.wav,agitation,normal
/media/feliciano/Aux/AI_AFS_DATASET/AFS_BEHAVIOUR_DATASET/agitation/20260621_111024.wav,agitation,normal
/media/feliciano/Aux/AI_AFS_DATASET/AFS_BEHAVIOUR_DATASET/agitation/20260621_111026.wav,agitation,normal
/media/feliciano/Aux/AI_AFS_DATASET/AFS_BEHAVIOUR_DATASET/agitation/20260621_111028.wav,agitation,normal
/media/feliciano/Aux/AI_AFS_DATASET/AFS_BEHAVIOUR_DATASET/agitation/20260621_111030.wav,agitation,normal
/media/feliciano/Aux/AI_AFS_DATASET/AFS_BEHAVIOUR_DATASET/agitation/20260621_111032.wav,agitation,normal
/media/feliciano/Aux/AI_AFS_DATASET/AFS_BEHAVIOUR_DATASET/agitation/20260621_111034.wav,agitation,normal
/media/feliciano/Aux/AI_AFS_DATASET/AFS_BEHAVIOUR_DATASET/agitation/20260621_111036.wav,agitation,normal
/media/feliciano/Aux/AI_AFS_DATASET/AFS_BEHAVIOUR_DATASET/agitation/20260621_111038.wav,agitation,normal
/media/feliciano/Aux/AI_AFS_DATASET/AFS_BEHAVIOUR_DATASET/agitation/20260621_111040.wav,agitation,normal
/media/feliciano/Aux/AI_AFS_DATASET/AFS_BEHAVIOUR_DATASET/agitation/20260621_111042.wav,agitation,normal
/media/feliciano/Aux/AI_AFS_DATASET/AFS_BEHAVIOUR_DATASET/agitation/20260621_111044.wav,agitation,normal
/media/feliciano/Aux/AI_AFS_DATASET/AFS_BEHAVIOUR_DATASET/agitation/20260621_111046.wav,agitation,normal
/media/feliciano/Aux/AI_AFS_DATASET/AFS_BEHAVIOUR_DATASET/agitation/20260621_111048.wav,agitation,normal
/media/feliciano/Aux/AI_AFS_DATASET/AFS_BEHAVIOUR_DATASET/agitation/20260621_111050.wav,agitation,normal
/media/feliciano/Aux/AI_AFS_DATASET/AFS_BEHAVIOUR_DATASET/agitation/20260621_111052.wav,agitation,normal
/media/feliciano/Aux/AI_AFS_DATASET/AFS_BEHAVIOUR_DATASET/agitation/20260621_111054.wav,agitation,normal
/media/feliciano/Aux/AI_AFS_DATASET/AFS_BEHAVIOUR_DATASET/agitation/20260621_111056.wav,agitation,normal
/media/feliciano/Aux/AI_AFS_DATASET/AFS_BEHAVIOUR_DATASET/agitation/20260621_111058.wav,agitation,normal
/media/feliciano/Aux/AI_AFS_DATASET/AFS_BEHAVIOUR_DATASET/agitation/20260621_111100.wav,agitation,normal
/media/feliciano/Aux/AI_AFS_DATASET/AFS_BEHAVIOUR_DATASET/agitation/20260621_111102.wav,agitation,normal
/media/feliciano/Aux/AI_AFS_DATASET/AFS_BEHAVIOUR_DATASET/agitation/20260621_111104.wav,agitation,normal
/media/feliciano/Aux/AI_AFS_DATASET/AFS_BEHAVIOUR_DATASET/agitation/20260621_111106.wav,agitation,normal
/media/feliciano/Aux/AI_AFS_DATASET/AFS_BEHAVIOUR_DATASET/agitation/20260621_111108.wav,agitation,normal
/media/feliciano/Aux/AI_AFS_DATASET/AFS_BEHAVIOUR_DATASET/agitation/20260621_111110.wav,agitation,normal
/media/feliciano/Aux/AI_AFS_DATASET/AFS_BEHAVIOUR_DATASET/agitation/20260621_111112.wav,agitation,normal
/media/feliciano/Aux/AI_AFS_DATASET/AFS_BEHAVIOUR_DATASET/agitation/20260621_111114.wav,agitation,normal
/media/feliciano/Aux/AI_AFS_DATASET/AFS_BEHAVIOUR_DATASET/agitation/20260621_111116.wav,agitation,normal
/media/feliciano/Aux/AI_AFS_DATASET/AFS_BEHAVIOUR_DATASET/agitation/20260621_111118.wav,agitation,normal
/media/feliciano/Aux/AI_AFS_DATASET/AFS_BEHAVIOUR_DATASET/agitation/20260621_111120.wav,agitation,normal
/media/feliciano/Aux/AI_AFS_DATASET/AFS_BEHAVIOUR_DATASET/agitation/20260621_111122.wav,agitation,normal
/media/feliciano/Aux/AI_AFS_DATASET/AFS_BEHAVIOUR_DATASET/agitation/20260621_111124.wav,agitation,normal
/media/feliciano/Aux/AI_AFS_DATASET/AFS_BEHAVIOUR_DATASET/agitation/20260621_111126.wav,agitation,normal
/media/feliciano/Aux/AI_AFS_DATASET/AFS_BEHAVIOUR_DATASET/agitation/20260621_111128.wav,agitation,normal
/media/feliciano/Aux/AI_AFS_DATASET/AFS_BEHAVIOUR_DATASET/agitation/20260621_111130.wav,agitation,normal
/media/feliciano/Aux/AI_AFS_DATASET/AFS_BEHAVIOUR_DATASET/agitation/20260621_111132.wav,agitation,normal
/media/feliciano/Aux/AI_AFS_DATASET/AFS_BEHAVIOUR_DATASET/agitation/20260621_111134.wav,agitation,normal
/media/feliciano/Aux/AI_AFS_DATASET/AFS_BEHAVIOUR_DATASET/agitation/20260621_111136.wav,agitation,normal
/media/feliciano/Aux/AI_AFS_DATASET/AFS_BEHAVIOUR_DATASET/agitation/20260621_111138.wav,agitation,normal
/media/feliciano/Aux/AI_AFS_DATASET/AFS_BEHAVIOUR_DATASET/agitation/20260621_111140.wav,agitation,normal
/media/feliciano/Aux/AI_AFS_DATASET/AFS_BEHAVIOUR_DATASET/agitation/20260621_111142.wav,agitation,normal
/media/feliciano/Aux/AI_AFS_DATASET/AFS_BEHAVIOUR_DATASET/agitation/20260621_111144.wav,agitation,normal
/media/feliciano/Aux/AI_AFS_DATASET/AFS_BEHAVIOUR_DATASET/agitation/20260621_111146.wav,agitation,normal
/media/feliciano/Aux/AI_AFS_DATASET/AFS_BEHAVIOUR_DATASET/agitation/20260621_111148.wav,agitation,normal
/media/feliciano/Aux/AI_AFS_DATASET/AFS_BEHAVIOUR_DATASET/agitation/20260621_111150.wav,agitation,normal
/media/feliciano/Aux/AI_AFS_DATASET/AFS_BEHAVIOUR_DATASET/agitation/20260621_111152.wav,agitation,normal
/media/feliciano/Aux/AI_AFS_DATASET/AFS_BEHAVIOUR_DATASET/agitation/20260621_111154.wav,agitation,normal
/media/feliciano/Aux/AI_AFS_DATASET/AFS_BEHAVIOUR_DATASET/agitation/20260621_111156.wav,agitation,normal
/media/feliciano/Aux/AI_AFS_DATASET/AFS_BEHAVIOUR_DATASET/agitation/20260621_111158.wav,agitation,normal
/media/feliciano/Aux/AI_AFS_DATASET/AFS_BEHAVIOUR_DATASET/agitation/20260621_111200.wav,agitation,normal
/media/feliciano/Aux/AI_AFS_DATASET/AFS_BEHAVIOUR_DATASET/agitation/20260621_111202.wav,agitation,normal
/media/feliciano/Aux/AI_AFS_DATASET/AFS_BEHAVIOUR_DATASET/agitation/20260621_111204.wav,agitation,normal
/media/feliciano/Aux/AI_AFS_DATASET/AFS_BEHAVIOUR_DATASET/agitation/20260621_111206.wav,agitation,normal
/media/feliciano/Aux/AI_AFS_DATASET/AFS_BEHAVIOUR_DATASET/agitation/20260621_111208.wav,agitation,normal
/media/feliciano/Aux/AI_AFS_DATASET/AFS_BEHAVIOUR_DATASET/agitation/20260621_111210.wav,agitation,normal
/media/feliciano/Aux/AI_AFS_DATASET/AFS_BEHAVIOUR_DATASET/agitation/20260621_111212.wav,agitation,normal
/media/feliciano/Aux/AI_AFS_DATASET/AFS_BEHAVIOUR_DATASET/agitation/20260621_111214.wav,agitation,normal
/media/feliciano/Aux/AI_AFS_DATASET/AFS_BEHAVIOUR_DATASET/agitation/20260621_111216.wav,agitation,normal
/media/feliciano/Aux/AI_AFS_DATASET/AFS_BEHAVIOUR_DATASET/agitation/20260621_111218.wav,agitation,normal
/media/feliciano/Aux/AI_AFS_DATASET/AFS_BEHAVIOUR_DATASET/agitation/20260621_111220.wav,agitation,normal
/media/feliciano/Aux/AI_AFS_DATASET/AFS_BEHAVIOUR_DATASET/agitation/20260621_111222.wav,agitation,normal
/media/feliciano/Aux/AI_AFS_DATASET/AFS_BEHAVIOUR_DATASET/agitation/20260621_111224.wav,agitation,normal
/media/feliciano/Aux/AI_AFS_DATASET/AFS_BEHAVIOUR_DATASET/agitation/20260621_111226.wav,agitation,normal
/media/feliciano/Aux/AI_AFS_DATASET/AFS_BEHAVIOUR_DATASET/agitation/20260621_111228.wav,agitation,normal
/media/feliciano/Aux/AI_AFS_DATASET/AFS_BEHAVIOUR_DATASET/agitation/20260621_111230.wav,agitation,normal
/media/feliciano/Aux/AI_AFS_DATASET/AFS_BEHAVIOUR_DATASET/agitation/20260621_111232.wav,agitation,normal
/media/feliciano/Aux/AI_AFS_DATASET/AFS_BEHAVIOUR_DATASET/agitation/20260621_111234.wav,agitation,normal
/media/feliciano/Aux/AI_AFS_DATASET/AFS_BEHAVIOUR_DATASET/agitation/20260621_111236.wav,agitation,normal
/media/feliciano/Aux/AI_AFS_DATASET/AFS_BEHAVIOUR_DATASET/agitation/20260621_111238.wav,agitation,normal
/media/feliciano/Aux/AI_AFS_DATASET/AFS_BEHAVIOUR_DATASET/agitation/20260621_111240.wav,agitation,normal
/media/feliciano/Aux/AI_AFS_DATASET/AFS_BEHAVIOUR_DATASET/agitation/20260621_111242.wav,agitation,normal
/media/feliciano/Aux/AI_AFS_DATASET/AFS_BEHAVIOUR_DATASET/agitation/20260621_111244.wav,agitation,normal
/media/feliciano/Aux/AI_AFS_DATASET/AFS_BEHAVIOUR_DATASET/agitation/20260621_111246.wav,agitation,normal
/media/feliciano/Aux/AI_AFS_DATASET/AFS_BEHAVIOUR_DATASET/agitation/20260621_111248.wav,agitation,normal
/media/feliciano/Aux/AI_AFS_DATASET/AFS_BEHAVIOUR_DATASET/agitation/20260621_111250.wav,agitation,normal
/media/feliciano/Aux/AI_AFS_DATASET/AFS_BEHAVIOUR_DATASET/agitation/20260621_111252.wav,agitation,normal
/media/feliciano/Aux/AI_AFS_DATASET/AFS_BEHAVIOUR_DATASET/agitation/20260621_111254.wav,agitation,normal
/media/feliciano/Aux/AI_AFS_DATASET/AFS_BEHAVIOUR_DATASET/agitation/20260621_111256.wav,agitation,normal
/media/feliciano/Aux/AI_AFS_DATASET/AFS_BEHAVIOUR_DATASET/agitation/20260621_111258.wav,agitation,normal
/media/feliciano/Aux/AI_AFS_DATASET/AFS_BEHAVIOUR_DATASET/agitation/20260621_111300.wav,agitation,normal
/media/feliciano/Aux/AI_AFS_DATASET/AFS_BEHAVIOUR_DATASET/agitation/20260621_111302.wav,agitation,normal
/media/feliciano/Aux/AI_AFS_DATASET/AFS_BEHAVIOUR_DATASET/agitation/20260621_111304.wav,agitation,normal
/media/feliciano/Aux/AI_AFS_DATASET/AFS_BEHAVIOUR_DATASET/agitation/20260621_111306.wav,agitation,normal
/media/feliciano/Aux/AI_AFS_DATASET/AFS_BEHAVIOUR_DATASET/agitation/20260621_111308.wav,agitation,normal
/media/feliciano/Aux/AI_AFS_DATASET/AFS_BEHAVIOUR_DATASET/agitation/20260621_111310.wav,agitation,normal
/media/feliciano/Aux/AI_AFS_DATASET/AFS_BEHAVIOUR_DATASET/agitation/20260621_111312.wav,agitation,normal
/media/feliciano/Aux/AI_AFS_DATASET/AFS_BEHAVIOUR_DATASET/agitation/20260621_111314.wav,agitation,normal
/media/feliciano/Aux/AI_AFS_DATASET/AFS_BEHAVIOUR_DATASET/agitation/20260621_111316.wav,agitation,normal
/media/feliciano/Aux/AI_AFS_DATASET/AFS_BEHAVIOUR_DATASET/agitation/20260621_111318.wav,agitation,normal
/media/feliciano/Aux/AI_AFS_DATASET/AFS_BEHAVIOUR_DATASET/agitation/20260621_111320.wav,agitation,normal
/media/feliciano/Aux/AI_AFS_DATASET/AFS_BEHAVIOUR_DATASET/agitation/20260621_111322.wav,agitation,normal
/media/feliciano/Aux/AI_AFS_DATASET/AFS_BEHAVIOUR_DATASET/agitation/20260621_111324.wav,agitation,normal
/media/feliciano/Aux/AI_AFS_DATASET/AFS_BEHAVIOUR_DATASET/agitation/20260621_111326.wav,agitation,normal
/media/feliciano/Aux/AI_AFS_DATASET/AFS_BEHAVIOUR_DATASET/agitation/20260621_111328.wav,agitation,normal
/media/feliciano/Aux/AI_AFS_DATASET/AFS_BEHAVIOUR_DATASET/agitation/20260621_111330.wav,agitation,normal
/media/feliciano/Aux/AI_AFS_DATASET/AFS_BEHAVIOUR_DATASET/agitation/20260621_111332.wav,agitation,normal
/media/feliciano/Aux/AI_AFS_DATASET/AFS_BEHAVIOUR_DATASET/agitation/20260621_111334.wav,agitation,normal
/media/feliciano/Aux/AI_AFS_DATASET/AFS_BEHAVIOUR_DATASET/agitation/20260621_111336.wav,agitation,normal
/media/feliciano/Aux/AI_AFS_DATASET/AFS_BEHAVIOUR_DATASET/agitation/20260621_111338.wav,agitation,normal
/media/feliciano/Aux/AI_AFS_DATASET/AFS_BEHAVIOUR_DATASET/agitation/20260621_111340.wav,agitation,normal
/media/feliciano/Aux/AI_AFS_DATASET/AFS_BEHAVIOUR_DATASET/agitation/20260621_111342.wav,agitation,normal
/media/feliciano/Aux/AI_AFS_DATASET/AFS_BEHAVIOUR_DATASET/agitation/20260621_111344.wav,agitation,normal
/media/feliciano/Aux/AI_AFS_DATASET/AFS_BEHAVIOUR_DATASET/agitation/20260621_111346.wav,agitation,agitation
/media/feliciano/Aux/AI_AFS_DATASET/AFS_BEHAVIOUR_DATASET/agitation/20260621_111348.wav,agitation,normal
/media/feliciano/Aux/AI_AFS_DATASET/AFS_BEHAVIOUR_DATASET/agitation/20260621_111350.wav,agitation,normal
/media/feliciano/Aux/AI_AFS_DATASET/AFS_BEHAVIOUR_DATASET/agitation/20260621_111352.wav,agitation,normal
/media/feliciano/Aux/AI_AFS_DATASET/AFS_BEHAVIOUR_DATASET/agitation/20260621_111354.wav,agitation,normal
/media/feliciano/Aux/AI_AFS_DATASET/AFS_BEHAVIOUR_DATASET/agitation/20260621_111356.wav,agitation,normal
/media/feliciano/Aux/AI_AFS_DATASET/AFS_BEHAVIOUR_DATASET/agitation/20260621_111358.wav,agitation,normal
/media/feliciano/Aux/AI_AFS_DATASET/AFS_BEHAVIOUR_DATASET/background/background_00820.wav,background,background
/media/feliciano/Aux/AI_AFS_DATASET/AFS_BEHAVIOUR_DATASET/background/background_00439.wav,background,background
/media/feliciano/Aux/AI_AFS_DATASET/AFS_BEHAVIOUR_DATASET/background/background_01145.wav,background,background
/media/feliciano/Aux/AI_AFS_DATASET/AFS_BEHAVIOUR_DATASET/background/background_00811.wav,background,background
/media/feliciano/Aux/AI_AFS_DATASET/AFS_BEHAVIOUR_DATASET/background/background_00258.wav,background,background
/media/feliciano/Aux/AI_AFS_DATASET/AFS_BEHAVIOUR_DATASET/background/background_00323.wav,background,background
/media/feliciano/Aux/AI_AFS_DATASET/AFS_BEHAVIOUR_DATASET/background/background_00828.wav,background,background
/media/feliciano/Aux/AI_AFS_DATASET/AFS_BEHAVIOUR_DATASET/background/background_00817.wav,background,background
/media/feliciano/Aux/AI_AFS_DATASET/AFS_BEHAVIOUR_DATASET/background/background_01213.wav,background,background
/media/feliciano/Aux/AI_AFS_DATASET/AFS_BEHAVIOUR_DATASET/background/background_00101.wav,background,background
/media/feliciano/Aux/AI_AFS_DATASET/AFS_BEHAVIOUR_DATASET/background/background_01335.wav,background,background
/media/feliciano/Aux/AI_AFS_DATASET/AFS_BEHAVIOUR_DATASET/background/background_00120.wav,background,background
/media/feliciano/Aux/AI_AFS_DATASET/AFS_BEHAVIOUR_DATASET/background/background_00260.wav,background,background
/media/feliciano/Aux/AI_AFS_DATASET/AFS_BEHAVIOUR_DATASET/background/background_00161.wav,background,background
/media/feliciano/Aux/AI_AFS_DATASET/AFS_BEHAVIOUR_DATASET/background/background_00310.wav,background,background
/media/feliciano/Aux/AI_AFS_DATASET/AFS_BEHAVIOUR_DATASET/background/background_00257.wav,background,background
/media/feliciano/Aux/AI_AFS_DATASET/AFS_BEHAVIOUR_DATASET/background/background_00955.wav,background,background
/media/feliciano/Aux/AI_AFS_DATASET/AFS_BEHAVIOUR_DATASET/background/background_00982.wav,background,background
/media/feliciano/Aux/AI_AFS_DATASET/AFS_BEHAVIOUR_DATASET/background/background_00594.wav,background,background
/media/feliciano/Aux/AI_AFS_DATASET/AFS_BEHAVIOUR_DATASET/background/background_01105.wav,background,background
/media/feliciano/Aux/AI_AFS_DATASET/AFS_BEHAVIOUR_DATASET/background/background_00263.wav,background,background
/media/feliciano/Aux/AI_AFS_DATASET/AFS_BEHAVIOUR_DATASET/background/background_00670.wav,background,background
/media/feliciano/Aux/AI_AFS_DATASET/AFS_BEHAVIOUR_DATASET/background/background_00307.wav,background,background
/media/feliciano/Aux/AI_AFS_DATASET/AFS_BEHAVIOUR_DATASET/background/background_00382.wav,background,background
/media/feliciano/Aux/AI_AFS_DATASET/AFS_BEHAVIOUR_DATASET/background/background_00391.wav,background,background
/media/feliciano/Aux/AI_AFS_DATASET/AFS_BEHAVIOUR_DATASET/background/background_00375.wav,background,background
/media/feliciano/Aux/AI_AFS_DATASET/AFS_BEHAVIOUR_DATASET/background/background_00363.wav,background,background
/media/feliciano/Aux/AI_AFS_DATASET/AFS_BEHAVIOUR_DATASET/background/background_00192.wav,background,background
/media/feliciano/Aux/AI_AFS_DATASET/AFS_BEHAVIOUR_DATASET/background/background_00488.wav,background,background
/media/feliciano/Aux/AI_AFS_DATASET/AFS_BEHAVIOUR_DATASET/background/background_00517.wav,background,background
/media/feliciano/Aux/AI_AFS_DATASET/AFS_BEHAVIOUR_DATASET/background/background_00028.wav,background,background
/media/feliciano/Aux/AI_AFS_DATASET/AFS_BEHAVIOUR_DATASET/background/background_01073.wav,background,background
/media/feliciano/Aux/AI_AFS_DATASET/AFS_BEHAVIOUR_DATASET/background/background_01356.wav,background,background
/media/feliciano/Aux/AI_AFS_DATASET/AFS_BEHAVIOUR_DATASET/background/background_01473.wav,background,background
/media/feliciano/Aux/AI_AFS_DATASET/AFS_BEHAVIOUR_DATASET/background/background_01017.wav,background,background
/media/feliciano/Aux/AI_AFS_DATASET/AFS_BEHAVIOUR_DATASET/background/background_00920.wav,background,background
/media/feliciano/Aux/AI_AFS_DATASET/AFS_BEHAVIOUR_DATASET/background/background_00570.wav,background,background
/media/feliciano/Aux/AI_AFS_DATASET/AFS_BEHAVIOUR_DATASET/background/background_00000.wav,background,background
/media/feliciano/Aux/AI_AFS_DATASET/AFS_BEHAVIOUR_DATASET/background/background_00058.wav,background,background
/media/feliciano/Aux/AI_AFS_DATASET/AFS_BEHAVIOUR_DATASET/background/background_01155.wav,background,background
/media/feliciano/Aux/AI_AFS_DATASET/AFS_BEHAVIOUR_DATASET/background/background_00951.wav,background,background
/media/feliciano/Aux/AI_AFS_DATASET/AFS_BEHAVIOUR_DATASET/background/background_00486.wav,background,background
/media/feliciano/Aux/AI_AFS_DATASET/AFS_BEHAVIOUR_DATASET/background/background_00195.wav,background,background
/media/feliciano/Aux/AI_AFS_DATASET/AFS_BEHAVIOUR_DATASET/background/background_00180.wav,background,background
/media/feliciano/Aux/AI_AFS_DATASET/AFS_BEHAVIOUR_DATASET/background/background_00201.wav,background,background
/media/feliciano/Aux/AI_AFS_DATASET/AFS_BEHAVIOUR_DATASET/background/background_00665.wav,background,background
/media/feliciano/Aux/AI_AFS_DATASET/AFS_BEHAVIOUR_DATASET/background/background_01329.wav,background,background
/media/feliciano/Aux/AI_AFS_DATASET/AFS_BEHAVIOUR_DATASET/background/background_00479.wav,background,background
/media/feliciano/Aux/AI_AFS_DATASET/AFS_BEHAVIOUR_DATASET/background/background_01132.wav,background,background
/media/feliciano/Aux/AI_AFS_DATASET/AFS_BEHAVIOUR_DATASET/background/background_00303.wav,background,background
/media/feliciano/Aux/AI_AFS_DATASET/AFS_BEHAVIOUR_DATASET/background/background_01144.wav,background,background
/media/feliciano/Aux/AI_AFS_DATASET/AFS_BEHAVIOUR_DATASET/background/background_00277.wav,background,background
/media/feliciano/Aux/AI_AFS_DATASET/AFS_BEHAVIOUR_DATASET/background/background_01138.wav,background,background
/media/feliciano/Aux/AI_AFS_DATASET/AFS_BEHAVIOUR_DATASET/background/background_00063.wav,background,background
/media/feliciano/Aux/AI_AFS_DATASET/AFS_BEHAVIOUR_DATASET/background/background_00009.wav,background,background
/media/feliciano/Aux/AI_AFS_DATASET/AFS_BEHAVIOUR_DATASET/background/background_00425.wav,background,background
/media/feliciano/Aux/AI_AFS_DATASET/AFS_BEHAVIOUR_DATASET/background/background_00067.wav,background,background
/media/feliciano/Aux/AI_AFS_DATASET/AFS_BEHAVIOUR_DATASET/background/background_00271.wav,background,background
/media/feliciano/Aux/AI_AFS_DATASET/AFS_BEHAVIOUR_DATASET/background/background_00519.wav,background,background
/media/feliciano/Aux/AI_AFS_DATASET/AFS_BEHAVIOUR_DATASET/background/background_00099.wav,background,background
/media/feliciano/Aux/AI_AFS_DATASET/AFS_BEHAVIOUR_DATASET/background/background_01042.wav,background,background
/media/feliciano/Aux/AI_AFS_DATASET/AFS_BEHAVIOUR_DATASET/background/background_01318.wav,background,background
/media/feliciano/Aux/AI_AFS_DATASET/AFS_BEHAVIOUR_DATASET/background/background_00095.wav,background,background
/media/feliciano/Aux/AI_AFS_DATASET/AFS_BEHAVIOUR_DATASET/background/background_00932.wav,background,background
/media/feliciano/Aux/AI_AFS_DATASET/AFS_BEHAVIOUR_DATASET/background/background_00722.wav,background,background
/media/feliciano/Aux/AI_AFS_DATASET/AFS_BEHAVIOUR_DATASET/background/background_00845.wav,background,background
/media/feliciano/Aux/AI_AFS_DATASET/AFS_BEHAVIOUR_DATASET/background/background_00422.wav,background,background
/media/feliciano/Aux/AI_AFS_DATASET/AFS_BEHAVIOUR_DATASET/background/background_01342.wav,background,background
/media/feliciano/Aux/AI_AFS_DATASET/AFS_BEHAVIOUR_DATASET/background/background_00389.wav,background,background
/media/feliciano/Aux/AI_AFS_DATASET/AFS_BEHAVIOUR_DATASET/background/background_01461.wav,background,background
/media/feliciano/Aux/AI_AFS_DATASET/AFS_BEHAVIOUR_DATASET/background/background_01131.wav,background,background
/media/feliciano/Aux/AI_AFS_DATASET/AFS_BEHAVIOUR_DATASET/background/background_01422.wav,background,background
/media/feliciano/Aux/AI_AFS_DATASET/AFS_BEHAVIOUR_DATASET/background/background_01153.wav,background,background
/media/feliciano/Aux/AI_AFS_DATASET/AFS_BEHAVIOUR_DATASET/background/background_01208.wav,background,background
/media/feliciano/Aux/AI_AFS_DATASET/AFS_BEHAVIOUR_DATASET/background/background_00730.wav,background,background
/media/feliciano/Aux/AI_AFS_DATASET/AFS_BEHAVIOUR_DATASET/background/background_00768.wav,background,background
/media/feliciano/Aux/AI_AFS_DATASET/AFS_BEHAVIOUR_DATASET/background/background_00489.wav,background,background
/media/feliciano/Aux/AI_AFS_DATASET/AFS_BEHAVIOUR_DATASET/background/background_01313.wav,background,background
/media/feliciano/Aux/AI_AFS_DATASET/AFS_BEHAVIOUR_DATASET/background/background_01280.wav,background,background
/media/feliciano/Aux/AI_AFS_DATASET/AFS_BEHAVIOUR_DATASET/background/background_00238.wav,background,background
/media/feliciano/Aux/AI_AFS_DATASET/AFS_BEHAVIOUR_DATASET/background/background_01218.wav,background,background
/media/feliciano/Aux/AI_AFS_DATASET/AFS_BEHAVIOUR_DATASET/background/background_00141.wav,background,background
/media/feliciano/Aux/AI_AFS_DATASET/AFS_BEHAVIOUR_DATASET/background/background_00385.wav,background,background
/media/feliciano/Aux/AI_AFS_DATASET/AFS_BEHAVIOUR_DATASET/background/background_00805.wav,background,background
/media/feliciano/Aux/AI_AFS_DATASET/AFS_BEHAVIOUR_DATASET/background/background_01399.wav,background,background
/media/feliciano/Aux/AI_AFS_DATASET/AFS_BEHAVIOUR_DATASET/background/background_00043.wav,background,background
/media/feliciano/Aux/AI_AFS_DATASET/AFS_BEHAVIOUR_DATASET/background/background_00601.wav,background,background
/media/feliciano/Aux/AI_AFS_DATASET/AFS_BEHAVIOUR_DATASET/background/background_01305.wav,background,background
/media/feliciano/Aux/AI_AFS_DATASET/AFS_BEHAVIOUR_DATASET/background/background_01193.wav,background,background
/media/feliciano/Aux/AI_AFS_DATASET/AFS_BEHAVIOUR_DATASET/background/background_00967.wav,background,background
/media/feliciano/Aux/AI_AFS_DATASET/AFS_BEHAVIOUR_DATASET/background/background_00695.wav,background,background
/media/feliciano/Aux/AI_AFS_DATASET/AFS_BEHAVIOUR_DATASET/background/background_00186.wav,background,background
/media/feliciano/Aux/AI_AFS_DATASET/AFS_BEHAVIOUR_DATASET/background/background_01130.wav,background,background
/media/feliciano/Aux/AI_AFS_DATASET/AFS_BEHAVIOUR_DATASET/background/background_00133.wav,background,background
/media/feliciano/Aux/AI_AFS_DATASET/AFS_BEHAVIOUR_DATASET/background/background_01018.wav,background,background
/media/feliciano/Aux/AI_AFS_DATASET/AFS_BEHAVIOUR_DATASET/background/background_00732.wav,background,background
/media/feliciano/Aux/AI_AFS_DATASET/AFS_BEHAVIOUR_DATASET/background/background_01223.wav,background,background
/media/feliciano/Aux/AI_AFS_DATASET/AFS_BEHAVIOUR_DATASET/background/background_00966.wav,background,background
/media/feliciano/Aux/AI_AFS_DATASET/AFS_BEHAVIOUR_DATASET/background/background_00921.wav,background,background
/media/feliciano/Aux/AI_AFS_DATASET/AFS_BEHAVIOUR_DATASET/background/background_00189.wav,background,background
/media/feliciano/Aux/AI_AFS_DATASET/AFS_BEHAVIOUR_DATASET/background/background_01139.wav,background,background
/media/feliciano/Aux/AI_AFS_DATASET/AFS_BEHAVIOUR_DATASET/background/background_01236.wav,background,background
/media/feliciano/Aux/AI_AFS_DATASET/AFS_BEHAVIOUR_DATASET/background/background_00294.wav,background,background
/media/feliciano/Aux/AI_AFS_DATASET/AFS_BEHAVIOUR_DATASET/background/background_00275.wav,background,background
/media/feliciano/Aux/AI_AFS_DATASET/AFS_BEHAVIOUR_DATASET/background/background_01415.wav,background,background
/media/feliciano/Aux/AI_AFS_DATASET/AFS_BEHAVIOUR_DATASET/background/background_00998.wav,background,background
/media/feliciano/Aux/AI_AFS_DATASET/AFS_BEHAVIOUR_DATASET/background/background_00131.wav,background,background
/media/feliciano/Aux/AI_AFS_DATASET/AFS_BEHAVIOUR_DATASET/background/background_01254.wav,background,background
/media/feliciano/Aux/AI_AFS_DATASET/AFS_BEHAVIOUR_DATASET/background/background_00678.wav,background,background
/media/feliciano/Aux/AI_AFS_DATASET/AFS_BEHAVIOUR_DATASET/background/background_01183.wav,background,background
/media/feliciano/Aux/AI_AFS_DATASET/AFS_BEHAVIOUR_DATASET/background/background_00698.wav,background,background
/media/feliciano/Aux/AI_AFS_DATASET/AFS_BEHAVIOUR_DATASET/background/background_01204.wav,background,background
/media/feliciano/Aux/AI_AFS_DATASET/AFS_BEHAVIOUR_DATASET/background/background_00170.wav,background,background
/media/feliciano/Aux/AI_AFS_DATASET/AFS_BEHAVIOUR_DATASET/background/background_00960.wav,background,background
/media/feliciano/Aux/AI_AFS_DATASET/AFS_BEHAVIOUR_DATASET/background/background_00802.wav,background,background
/media/feliciano/Aux/AI_AFS_DATASET/AFS_BEHAVIOUR_DATASET/background/background_00743.wav,background,background
/media/feliciano/Aux/AI_AFS_DATASET/AFS_BEHAVIOUR_DATASET/background/background_00102.wav,background,background
/media/feliciano/Aux/AI_AFS_DATASET/AFS_BEHAVIOUR_DATASET/background/background_00851.wav,background,background
/media/feliciano/Aux/AI_AFS_DATASET/AFS_BEHAVIOUR_DATASET/background/background_01005.wav,background,background
/media/feliciano/Aux/AI_AFS_DATASET/AFS_BEHAVIOUR_DATASET/background/background_00178.wav,background,background
/media/feliciano/Aux/AI_AFS_DATASET/AFS_BEHAVIOUR_DATASET/background/background_00146.wav,background,background
/media/feliciano/Aux/AI_AFS_DATASET/AFS_BEHAVIOUR_DATASET/background/background_00687.wav,background,background
/media/feliciano/Aux/AI_AFS_DATASET/AFS_BEHAVIOUR_DATASET/background/background_00611.wav,background,background
/media/feliciano/Aux/AI_AFS_DATASET/AFS_BEHAVIOUR_DATASET/background/background_00457.wav,background,background
/media/feliciano/Aux/AI_AFS_DATASET/AFS_BEHAVIOUR_DATASET/background/background_00547.wav,background,background
/media/feliciano/Aux/AI_AFS_DATASET/AFS_BEHAVIOUR_DATASET/background/background_00402.wav,background,background
/media/feliciano/Aux/AI_AFS_DATASET/AFS_BEHAVIOUR_DATASET/background/background_00453.wav,background,background
/media/feliciano/Aux/AI_AFS_DATASET/AFS_BEHAVIOUR_DATASET/background/background_00339.wav,background,background
/media/feliciano/Aux/AI_AFS_DATASET/AFS_BEHAVIOUR_DATASET/background/background_00247.wav,background,background
/media/feliciano/Aux/AI_AFS_DATASET/AFS_BEHAVIOUR_DATASET/background/background_00451.wav,background,background
/media/feliciano/Aux/AI_AFS_DATASET/AFS_BEHAVIOUR_DATASET/background/background_00581.wav,background,background
/media/feliciano/Aux/AI_AFS_DATASET/AFS_BEHAVIOUR_DATASET/background/background_01452.wav,background,background
/media/feliciano/Aux/AI_AFS_DATASET/AFS_BEHAVIOUR_DATASET/background/background_01448.wav,background,background
/media/feliciano/Aux/AI_AFS_DATASET/AFS_BEHAVIOUR_DATASET/background/background_01234.wav,background,background
/media/feliciano/Aux/AI_AFS_DATASET/AFS_BEHAVIOUR_DATASET/background/background_00211.wav,background,background
/media/feliciano/Aux/AI_AFS_DATASET/AFS_BEHAVIOUR_DATASET/background/background_01346.wav,background,background
/media/feliciano/Aux/AI_AFS_DATASET/AFS_BEHAVIOUR_DATASET/background/background_00873.wav,background,background
/media/feliciano/Aux/AI_AFS_DATASET/AFS_BEHAVIOUR_DATASET/background/background_00979.wav,background,background
/media/feliciano/Aux/AI_AFS_DATASET/AFS_BEHAVIOUR_DATASET/background/background_00679.wav,background,background
/media/feliciano/Aux/AI_AFS_DATASET/AFS_BEHAVIOUR_DATASET/background/background_00478.wav,background,background
/media/feliciano/Aux/AI_AFS_DATASET/AFS_BEHAVIOUR_DATASET/background/background_00243.wav,background,background
/media/feliciano/Aux/AI_AFS_DATASET/AFS_BEHAVIOUR_DATASET/background/background_00788.wav,background,background
/media/feliciano/Aux/AI_AFS_DATASET/AFS_BEHAVIOUR_DATASET/background/background_00593.wav,background,background
/media/feliciano/Aux/AI_AFS_DATASET/AFS_BEHAVIOUR_DATASET/background/background_00126.wav,background,background
/media/feliciano/Aux/AI_AFS_DATASET/AFS_BEHAVIOUR_DATASET/background/background_00815.wav,background,background
/media/feliciano/Aux/AI_AFS_DATASET/AFS_BEHAVIOUR_DATASET/background/background_00854.wav,background,background
/media/feliciano/Aux/AI_AFS_DATASET/AFS_BEHAVIOUR_DATASET/background/background_00529.wav,background,background
/media/feliciano/Aux/AI_AFS_DATASET/AFS_BEHAVIOUR_DATASET/background/background_00773.wav,background,background
/media/feliciano/Aux/AI_AFS_DATASET/AFS_BEHAVIOUR_DATASET/background/background_00848.wav,background,background
/media/feliciano/Aux/AI_AFS_DATASET/AFS_BEHAVIOUR_DATASET/background/background_01246.wav,background,background
/media/feliciano/Aux/AI_AFS_DATASET/AFS_BEHAVIOUR_DATASET/background/background_00005.wav,background,background
/media/feliciano/Aux/AI_AFS_DATASET/AFS_BEHAVIOUR_DATASET/background/background_00515.wav,background,background
/media/feliciano/Aux/AI_AFS_DATASET/AFS_BEHAVIOUR_DATASET/background/background_01110.wav,background,background
/media/feliciano/Aux/AI_AFS_DATASET/AFS_BEHAVIOUR_DATASET/background/background_00301.wav,background,background
/media/feliciano/Aux/AI_AFS_DATASET/AFS_BEHAVIOUR_DATASET/background/background_01245.wav,background,background
/media/feliciano/Aux/AI_AFS_DATASET/AFS_BEHAVIOUR_DATASET/background/background_01023.wav,background,background
/media/feliciano/Aux/AI_AFS_DATASET/AFS_BEHAVIOUR_DATASET/background/background_01489.wav,background,background
/media/feliciano/Aux/AI_AFS_DATASET/AFS_BEHAVIOUR_DATASET/background/background_01195.wav,background,background
/media/feliciano/Aux/AI_AFS_DATASET/AFS_BEHAVIOUR_DATASET/background/background_00250.wav,background,background
/media/feliciano/Aux/AI_AFS_DATASET/AFS_BEHAVIOUR_DATASET/background/background_00954.wav,background,background
/media/feliciano/Aux/AI_AFS_DATASET/AFS_BEHAVIOUR_DATASET/background/background_01459.wav,background,background
/media/feliciano/Aux/AI_AFS_DATASET/AFS_BEHAVIOUR_DATASET/background/background_00874.wav,background,background
/media/feliciano/Aux/AI_AFS_DATASET/AFS_BEHAVIOUR_DATASET/background/background_00087.wav,background,background
/media/feliciano/Aux/AI_AFS_DATASET/AFS_BEHAVIOUR_DATASET/background/background_00080.wav,background,background
/media/feliciano/Aux/AI_AFS_DATASET/AFS_BEHAVIOUR_DATASET/background/background_01442.wav,background,background
/media/feliciano/Aux/AI_AFS_DATASET/AFS_BEHAVIOUR_DATASET/background/background_00196.wav,background,background
/media/feliciano/Aux/AI_AFS_DATASET/AFS_BEHAVIOUR_DATASET/background/background_00584.wav,background,background
/media/feliciano/Aux/AI_AFS_DATASET/AFS_BEHAVIOUR_DATASET/background/background_01159.wav,background,background
/media/feliciano/Aux/AI_AFS_DATASET/AFS_BEHAVIOUR_DATASET/background/background_00358.wav,background,background
/media/feliciano/Aux/AI_AFS_DATASET/AFS_BEHAVIOUR_DATASET/background/background_01479.wav,background,background
/media/feliciano/Aux/AI_AFS_DATASET/AFS_BEHAVIOUR_DATASET/background/background_00001.wav,background,background
/media/feliciano/Aux/AI_AFS_DATASET/AFS_BEHAVIOUR_DATASET/background/background_01282.wav,background,background
/media/feliciano/Aux/AI_AFS_DATASET/AFS_BEHAVIOUR_DATASET/background/background_00699.wav,background,background
/media/feliciano/Aux/AI_AFS_DATASET/AFS_BEHAVIOUR_DATASET/background/background_01233.wav,background,background
/media/feliciano/Aux/AI_AFS_DATASET/AFS_BEHAVIOUR_DATASET/background/background_00497.wav,background,background
/media/feliciano/Aux/AI_AFS_DATASET/AFS_BEHAVIOUR_DATASET/background/background_00121.wav,background,background
/media/feliciano/Aux/AI_AFS_DATASET/AFS_BEHAVIOUR_DATASET/background/background_01154.wav,background,background
/media/feliciano/Aux/AI_AFS_DATASET/AFS_BEHAVIOUR_DATASET/background/background_00922.wav,background,background
/media/feliciano/Aux/AI_AFS_DATASET/AFS_BEHAVIOUR_DATASET/background/background_01493.wav,background,background
/media/feliciano/Aux/AI_AFS_DATASET/AFS_BEHAVIOUR_DATASET/background/background_00346.wav,background,background
/media/feliciano/Aux/AI_AFS_DATASET/AFS_BEHAVIOUR_DATASET/background/background_01258.wav,background,background
/media/feliciano/Aux/AI_AFS_DATASET/AFS_BEHAVIOUR_DATASET/background/background_01099.wav,background,background
/media/feliciano/Aux/AI_AFS_DATASET/AFS_BEHAVIOUR_DATASET/background/background_01470.wav,background,background
/media/feliciano/Aux/AI_AFS_DATASET/AFS_BEHAVIOUR_DATASET/background/background_01034.wav,background,background
/media/feliciano/Aux/AI_AFS_DATASET/AFS_BEHAVIOUR_DATASET/background/background_00859.wav,background,background
/media/feliciano/Aux/AI_AFS_DATASET/AFS_BEHAVIOUR_DATASET/background/background_01164.wav,background,background
/media/feliciano/Aux/AI_AFS_DATASET/AFS_BEHAVIOUR_DATASET/background/background_01266.wav,background,background
/media/feliciano/Aux/AI_AFS_DATASET/AFS_BEHAVIOUR_DATASET/background/background_00964.wav,background,background
/media/feliciano/Aux/AI_AFS_DATASET/AFS_BEHAVIOUR_DATASET/background/background_00526.wav,background,background
/media/feliciano/Aux/AI_AFS_DATASET/AFS_BEHAVIOUR_DATASET/background/background_00011.wav,background,background
/media/feliciano/Aux/AI_AFS_DATASET/AFS_BEHAVIOUR_DATASET/background/background_00536.wav,background,background
/media/feliciano/Aux/AI_AFS_DATASET/AFS_BEHAVIOUR_DATASET/background/background_01419.wav,background,background
/media/feliciano/Aux/AI_AFS_DATASET/AFS_BEHAVIOUR_DATASET/background/background_01414.wav,background,background
/media/feliciano/Aux/AI_AFS_DATASET/AFS_BEHAVIOUR_DATASET/background/background_00484.wav,background,background
/media/feliciano/Aux/AI_AFS_DATASET/AFS_BEHAVIOUR_DATASET/background/background_00944.wav,background,background
/media/feliciano/Aux/AI_AFS_DATASET/AFS_BEHAVIOUR_DATASET/background/background_00958.wav,background,background
/media/feliciano/Aux/AI_AFS_DATASET/AFS_BEHAVIOUR_DATASET/background/background_01286.wav,background,background
/media/feliciano/Aux/AI_AFS_DATASET/AFS_BEHAVIOUR_DATASET/background/background_00236.wav,background,background
/media/feliciano/Aux/AI_AFS_DATASET/AFS_BEHAVIOUR_DATASET/background/background_00048.wav,background,background
/media/feliciano/Aux/AI_AFS_DATASET/AFS_BEHAVIOUR_DATASET/background/background_00794.wav,background,background
/media/feliciano/Aux/AI_AFS_DATASET/AFS_BEHAVIOUR_DATASET/background/background_01133.wav,background,background
/media/feliciano/Aux/AI_AFS_DATASET/AFS_BEHAVIOUR_DATASET/background/background_00576.wav,background,background
/media/feliciano/Aux/AI_AFS_DATASET/AFS_BEHAVIOUR_DATASET/background/background_01028.wav,background,background
/media/feliciano/Aux/AI_AFS_DATASET/AFS_BEHAVIOUR_DATASET/background/background_01143.wav,background,background
/media/feliciano/Aux/AI_AFS_DATASET/AFS_BEHAVIOUR_DATASET/background/background_00392.wav,background,background
/media/feliciano/Aux/AI_AFS_DATASET/AFS_BEHAVIOUR_DATASET/background/background_00624.wav,background,background
/media/feliciano/Aux/AI_AFS_DATASET/AFS_BEHAVIOUR_DATASET/background/background_00757.wav,background,background
/media/feliciano/Aux/AI_AFS_DATASET/AFS_BEHAVIOUR_DATASET/background/background_00354.wav,background,background
/media/feliciano/Aux/AI_AFS_DATASET/AFS_BEHAVIOUR_DATASET/background/background_00398.wav,background,background
/media/feliciano/Aux/AI_AFS_DATASET/AFS_BEHAVIOUR_DATASET/background/background_00222.wav,background,background
/media/feliciano/Aux/AI_AFS_DATASET/AFS_BEHAVIOUR_DATASET/background/background_00668.wav,background,background
/media/feliciano/Aux/AI_AFS_DATASET/AFS_BEHAVIOUR_DATASET/background/background_00588.wav,background,background
/media/feliciano/Aux/AI_AFS_DATASET/AFS_BEHAVIOUR_DATASET/background/background_00810.wav,background,background
/media/feliciano/Aux/AI_AFS_DATASET/AFS_BEHAVIOUR_DATASET/background/background_00905.wav,background,background
/media/feliciano/Aux/AI_AFS_DATASET/AFS_BEHAVIOUR_DATASET/background/background_00771.wav,background,background
/media/feliciano/Aux/AI_AFS_DATASET/AFS_BEHAVIOUR_DATASET/background/background_00006.wav,background,background
/media/feliciano/Aux/AI_AFS_DATASET/AFS_BEHAVIOUR_DATASET/background/background_00841.wav,background,background
/media/feliciano/Aux/AI_AFS_DATASET/AFS_BEHAVIOUR_DATASET/background/background_01368.wav,background,background
/media/feliciano/Aux/AI_AFS_DATASET/AFS_BEHAVIOUR_DATASET/background/background_00437.wav,background,background
/media/feliciano/Aux/AI_AFS_DATASET/AFS_BEHAVIOUR_DATASET/background/background_01454.wav,background,background
/media/feliciano/Aux/AI_AFS_DATASET/AFS_BEHAVIOUR_DATASET/background/background_00866.wav,background,background
/media/feliciano/Aux/AI_AFS_DATASET/AFS_BEHAVIOUR_DATASET/background/background_01483.wav,background,background
/media/feliciano/Aux/AI_AFS_DATASET/AFS_BEHAVIOUR_DATASET/background/background_00621.wav,background,background
/media/feliciano/Aux/AI_AFS_DATASET/AFS_BEHAVIOUR_DATASET/background/background_00495.wav,background,background
/media/feliciano/Aux/AI_AFS_DATASET/AFS_BEHAVIOUR_DATASET/background/background_01495.wav,background,background
/media/feliciano/Aux/AI_AFS_DATASET/AFS_BEHAVIOUR_DATASET/background/background_01202.wav,background,background
/media/feliciano/Aux/AI_AFS_DATASET/AFS_BEHAVIOUR_DATASET/background/background_00589.wav,background,background
/media/feliciano/Aux/AI_AFS_DATASET/AFS_BEHAVIOUR_DATASET/background/background_00018.wav,background,background
/media/feliciano/Aux/AI_AFS_DATASET/AFS_BEHAVIOUR_DATASET/background/background_00959.wav,background,background
/media/feliciano/Aux/AI_AFS_DATASET/AFS_BEHAVIOUR_DATASET/background/background_01090.wav,background,background
/media/feliciano/Aux/AI_AFS_DATASET/AFS_BEHAVIOUR_DATASET/background/background_00844.wav,background,background
/media/feliciano/Aux/AI_AFS_DATASET/AFS_BEHAVIOUR_DATASET/background/background_00889.wav,background,background
/media/feliciano/Aux/AI_AFS_DATASET/AFS_BEHAVIOUR_DATASET/background/background_00908.wav,background,background
/media/feliciano/Aux/AI_AFS_DATASET/AFS_BEHAVIOUR_DATASET/background/background_01389.wav,background,background
/media/feliciano/Aux/AI_AFS_DATASET/AFS_BEHAVIOUR_DATASET/background/background_00861.wav,background,background
/media/feliciano/Aux/AI_AFS_DATASET/AFS_BEHAVIOUR_DATASET/background/background_00210.wav,background,background
/media/feliciano/Aux/AI_AFS_DATASET/AFS_BEHAVIOUR_DATASET/background/background_00214.wav,background,background
/media/feliciano/Aux/AI_AFS_DATASET/AFS_BEHAVIOUR_DATASET/background/background_00132.wav,background,background
/media/feliciano/Aux/AI_AFS_DATASET/AFS_BEHAVIOUR_DATASET/background/background_00177.wav,background,background
/media/feliciano/Aux/AI_AFS_DATASET/AFS_BEHAVIOUR_DATASET/background/background_01450.wav,background,background
/media/feliciano/Aux/AI_AFS_DATASET/AFS_BEHAVIOUR_DATASET/background/background_00542.wav,background,background
/media/feliciano/Aux/AI_AFS_DATASET/AFS_BEHAVIOUR_DATASET/background/background_01273.wav,background,background
/media/feliciano/Aux/AI_AFS_DATASET/AFS_BEHAVIOUR_DATASET/background/background_01174.wav,background,background
/media/feliciano/Aux/AI_AFS_DATASET/AFS_BEHAVIOUR_DATASET/background/background_00911.wav,background,background
/media/feliciano/Aux/AI_AFS_DATASET/AFS_BEHAVIOUR_DATASET/background/background_01157.wav,background,background
/media/feliciano/Aux/AI_AFS_DATASET/AFS_BEHAVIOUR_DATASET/background/background_00124.wav,background,background
/media/feliciano/Aux/AI_AFS_DATASET/AFS_BEHAVIOUR_DATASET/background/background_00830.wav,background,background
/media/feliciano/Aux/AI_AFS_DATASET/AFS_BEHAVIOUR_DATASET/background/background_00894.wav,background,background
/media/feliciano/Aux/AI_AFS_DATASET/AFS_BEHAVIOUR_DATASET/background/background_00809.wav,background,background
/media/feliciano/Aux/AI_AFS_DATASET/AFS_BEHAVIOUR_DATASET/background/background_00658.wav,background,background
/media/feliciano/Aux/AI_AFS_DATASET/AFS_BEHAVIOUR_DATASET/background/background_00038.wav,background,background
/media/feliciano/Aux/AI_AFS_DATASET/AFS_BEHAVIOUR_DATASET/background/background_00548.wav,background,background
/media/feliciano/Aux/AI_AFS_DATASET/AFS_BEHAVIOUR_DATASET/background/background_00683.wav,background,background
/media/feliciano/Aux/AI_AFS_DATASET/AFS_BEHAVIOUR_DATASET/background/background_01189.wav,background,background
/media/feliciano/Aux/AI_AFS_DATASET/AFS_BEHAVIOUR_DATASET/background/background_00441.wav,background,background
/media/feliciano/Aux/AI_AFS_DATASET/AFS_BEHAVIOUR_DATASET/background/background_00632.wav,background,background
/media/feliciano/Aux/AI_AFS_DATASET/AFS_BEHAVIOUR_DATASET/background/background_01378.wav,background,background
/media/feliciano/Aux/AI_AFS_DATASET/AFS_BEHAVIOUR_DATASET/background/background_01330.wav,background,background
/media/feliciano/Aux/AI_AFS_DATASET/AFS_BEHAVIOUR_DATASET/background/background_00949.wav,background,background
/media/feliciano/Aux/AI_AFS_DATASET/AFS_BEHAVIOUR_DATASET/background/background_00931.wav,background,background
/media/feliciano/Aux/AI_AFS_DATASET/AFS_BEHAVIOUR_DATASET/background/background_01107.wav,background,background
/media/feliciano/Aux/AI_AFS_DATASET/AFS_BEHAVIOUR_DATASET/background/background_00511.wav,background,background
/media/feliciano/Aux/AI_AFS_DATASET/AFS_BEHAVIOUR_DATASET/background/background_00818.wav,background,background
/media/feliciano/Aux/AI_AFS_DATASET/AFS_BEHAVIOUR_DATASET/background/background_01059.wav,background,background
/media/feliciano/Aux/AI_AFS_DATASET/AFS_BEHAVIOUR_DATASET/background/background_01285.wav,background,background
/media/feliciano/Aux/AI_AFS_DATASET/AFS_BEHAVIOUR_DATASET/background/background_00914.wav,background,background
/media/feliciano/Aux/AI_AFS_DATASET/AFS_BEHAVIOUR_DATASET/background/background_00205.wav,background,background
/media/feliciano/Aux/AI_AFS_DATASET/AFS_BEHAVIOUR_DATASET/background/background_00990.wav,background,background
/media/feliciano/Aux/AI_AFS_DATASET/AFS_BEHAVIOUR_DATASET/background/background_01237.wav,background,background
/media/feliciano/Aux/AI_AFS_DATASET/AFS_BEHAVIOUR_DATASET/background/background_01382.wav,background,background
/media/feliciano/Aux/AI_AFS_DATASET/AFS_BEHAVIOUR_DATASET/background/background_00827.wav,background,background
/media/feliciano/Aux/AI_AFS_DATASET/AFS_BEHAVIOUR_DATASET/background/background_01168.wav,background,background
/media/feliciano/Aux/AI_AFS_DATASET/AFS_BEHAVIOUR_DATASET/background/background_01010.wav,background,background
/media/feliciano/Aux/AI_AFS_DATASET/AFS_BEHAVIOUR_DATASET/background/background_01121.wav,background,background
/media/feliciano/Aux/AI_AFS_DATASET/AFS_BEHAVIOUR_DATASET/background/background_00444.wav,background,background
/media/feliciano/Aux/AI_AFS_DATASET/AFS_BEHAVIOUR_DATASET/background/background_00935.wav,background,background
/media/feliciano/Aux/AI_AFS_DATASET/AFS_BEHAVIOUR_DATASET/background/background_00666.wav,background,background
/media/feliciano/Aux/AI_AFS_DATASET/AFS_BEHAVIOUR_DATASET/background/background_00103.wav,background,background
/media/feliciano/Aux/AI_AFS_DATASET/AFS_BEHAVIOUR_DATASET/background/background_01048.wav,background,background
/media/feliciano/Aux/AI_AFS_DATASET/AFS_BEHAVIOUR_DATASET/background/background_00109.wav,background,background
/media/feliciano/Aux/AI_AFS_DATASET/AFS_BEHAVIOUR_DATASET/background/background_01319.wav,background,background
/media/feliciano/Aux/AI_AFS_DATASET/AFS_BEHAVIOUR_DATASET/background/background_01403.wav,background,background
/media/feliciano/Aux/AI_AFS_DATASET/AFS_BEHAVIOUR_DATASET/background/background_00226.wav,background,background
/media/feliciano/Aux/AI_AFS_DATASET/AFS_BEHAVIOUR_DATASET/background/background_00278.wav,background,background
/media/feliciano/Aux/AI_AFS_DATASET/AFS_BEHAVIOUR_DATASET/background/background_00276.wav,background,background
/media/feliciano/Aux/AI_AFS_DATASET/AFS_BEHAVIOUR_DATASET/background/background_00763.wav,background,background
/media/feliciano/Aux/AI_AFS_DATASET/AFS_BEHAVIOUR_DATASET/background/background_00066.wav,background,background
/media/feliciano/Aux/AI_AFS_DATASET/AFS_BEHAVIOUR_DATASET/background/background_00356.wav,background,background
/media/feliciano/Aux/AI_AFS_DATASET/AFS_BEHAVIOUR_DATASET/background/background_00565.wav,background,background
/media/feliciano/Aux/AI_AFS_DATASET/AFS_BEHAVIOUR_DATASET/background/background_01434.wav,background,background
/media/feliciano/Aux/AI_AFS_DATASET/AFS_BEHAVIOUR_DATASET/background/background_00677.wav,background,background
/media/feliciano/Aux/AI_AFS_DATASET/AFS_BEHAVIOUR_DATASET/background/background_01334.wav,background,background
/media/feliciano/Aux/AI_AFS_DATASET/AFS_BEHAVIOUR_DATASET/background/background_01071.wav,background,background
/media/feliciano/Aux/AI_AFS_DATASET/AFS_BEHAVIOUR_DATASET/background/background_00843.wav,background,background
/media/feliciano/Aux/AI_AFS_DATASET/AFS_BEHAVIOUR_DATASET/background/background_00474.wav,background,background
/media/feliciano/Aux/AI_AFS_DATASET/AFS_BEHAVIOUR_DATASET/background/background_01198.wav,background,background
/media/feliciano/Aux/AI_AFS_DATASET/AFS_BEHAVIOUR_DATASET/background/background_01298.wav,background,background
/media/feliciano/Aux/AI_AFS_DATASET/AFS_BEHAVIOUR_DATASET/background/background_00645.wav,background,background
/media/feliciano/Aux/AI_AFS_DATASET/AFS_BEHAVIOUR_DATASET/background/background_00948.wav,background,background
/media/feliciano/Aux/AI_AFS_DATASET/AFS_BEHAVIOUR_DATASET/background/background_00643.wav,background,background
